"path"	"stratum"	"lines"	"blob"	"context_hash"	"status"	"review_scope"	"reviewed_blob"	"reviewed_context"	"review_commit"	"reviewer"	"reviewed_on"	"code"	"comments"	"validation_status"	"validation"	"evidence"	"issues"	"prior_evidence"
"CsdLean4.lean"	"tests-facades"	"800"	"be5a5e8852da7ae1a9e6ffcc1ba003021e6ea498"	"e0e61066dc12cafece69900439c61e75a991b5ecbc21760ccf1a9ed955227a5f"	"unreviewed"	""	""	""	""	""	""	""	""	""	""	""	""	""
"CsdLean4/Basic.lean"	"tests-facades"	"29"	"79bab60bc59bd93f709e67f623acc04f21c0c682"	"d2b0c5f2a878525b6f9103451b127db5641c575f3885667a56450ca90c817de5"	"historical"	""	""	""	""	""	""	""	""	""	""	""	""	"specs/FOUNDATIONAL-CODE-REVIEW.md"
"CsdLean4/CV/ApproxCCR.lean"	"record-dynamics-other"	"110"	"2150e5ba14840887d4077aecb9925eee1f0d653b"	"5adaa7a741ae1ddc5b6001c7c7a76ad020ad6916b84743c55b85e5f48d363237"	"historical"	""	""	""	""	""	""	""	""	""	""	""	""	"specs/FOUNDATIONAL-CODE-REVIEW.md"
"CsdLean4/CV/ArenaBridge.lean"	"record-dynamics-other"	"445"	"05b399b7d606b7ba33651ac68af65769a8437297"	"06924b8e9412b14203860c63158d1d51497e08e59751da51f19d9d0701322cae"	"unreviewed"	""	""	""	""	""	""	""	""	""	""	""	""	""
"CsdLean4/CV/Boost.lean"	"record-dynamics-other"	"145"	"0f9c1729e10d87c70092e45167e7ec98715664c7"	"83c265905ea35b7122f35ac1519fd62d149b7fe0cc5fa662d34fe0e15f87e743"	"unreviewed"	""	""	""	""	""	""	""	""	""	""	""	""	""
"CsdLean4/CV/CarrierPersistence.lean"	"record-dynamics-other"	"279"	"cad11c8298c6356abdd370f29e58dbd9d4e09e3a"	"40c335b25c25afe4af7203b9861510316bed25e9210eca380bd07eaffaeb566d"	"unreviewed"	""	""	""	""	""	""	""	""	""	""	""	""	""
"CsdLean4/CV/ChannelRG.lean"	"record-dynamics-other"	"396"	"1b47c352a2fb960a9e9bd31bfe33f4a5412a605f"	"39161a1391be0280cf885fa3fc85978667aa2ed857fe0ebc08b5a0dfe8274b75"	"unreviewed"	""	""	""	""	""	""	""	""	""	""	""	""	""
"CsdLean4/CV/ChaosBounds.lean"	"record-dynamics-other"	"229"	"a69b0ade50db0e5634a7c38b7cb4b70e9f6e747f"	"df26825d0f496c9d1d69407fce89a969a4b4e474f4d8f59244518a84dc876b1e"	"unreviewed"	""	""	""	""	""	""	""	""	""	""	""	""	""
"CsdLean4/CV/CompositeArena.lean"	"record-dynamics-other"	"840"	"78e72aa15ecab0018d8cf4e72c26e1c5469633d7"	"9a1e5f918dde551bb3105f02b158302f55f8df11cc6ca707ec58705ca0226808"	"unreviewed"	""	""	""	""	""	""	""	""	""	""	""	""	""
"CsdLean4/CV/CutoffStability.lean"	"record-dynamics-other"	"163"	"653b505336a20814af20da98e9fec8af4fc6c00b"	"9134d1b5a43a200c1e52d9dd8850395e723ae88e1e8fcb01a5882c0a32f57430"	"unreviewed"	""	""	""	""	""	""	""	""	""	""	""	""	""
"CsdLean4/CV/Decimation.lean"	"record-dynamics-other"	"168"	"3acd89c2a1654eca092731683fb24a2ea234928e"	"2ca880386e8d4a2212c3b2d4a574f6470b4da4bb7f458398f885f375afa077d0"	"unreviewed"	""	""	""	""	""	""	""	""	""	""	""	""	""
"CsdLean4/CV/Dispersion.lean"	"record-dynamics-other"	"220"	"b93d1b762d1d43b901d895f27a10409d107ab755"	"ad1d63b2ef545972e2ea722c7e3f29bd6321024bc85ce7c93b204b017abe5d83"	"historical"	""	""	""	""	""	""	""	""	""	""	""	""	"specs/FOUNDATIONAL-CODE-REVIEW.md"
"CsdLean4/CV/DispersionEarned.lean"	"record-dynamics-other"	"213"	"81e87e0366122ed3028645c3736719d740f01f3e"	"ca75d5c03be85da478b095765cff7188fc7fe9462ac8b252203edd6e49357d92"	"unreviewed"	""	""	""	""	""	""	""	""	""	""	""	""	""
"CsdLean4/CV/DynamicalLocality.lean"	"record-dynamics-other"	"213"	"21c93837bda4d9b9fa29df690dc67c5d524b68f0"	"c3b7d2f1cf382902dfac5c11f25b62360d18b65360a42f61aa95daef74af4967"	"unreviewed"	""	""	""	""	""	""	""	""	""	""	""	""	""
"CsdLean4/CV/EntangledWeights.lean"	"record-dynamics-other"	"306"	"036d47d2b4d078b9f2b524fccfecfd31b32f404d"	"d07e3b762c39ebfe378f79e5cf1ca37432d42ce6be5c7a7b0a98dc37e47e193d"	"unreviewed"	""	""	""	""	""	""	""	""	""	""	""	""	""
"CsdLean4/CV/FeynmanVertex.lean"	"record-dynamics-other"	"259"	"f26f92284af3d66a888874739bb0d505e59a6419"	"372e59f5943a4a408c949a64f5e443eab2e9fcb29bfed016142f7e6ba9f7ed75"	"unreviewed"	""	""	""	""	""	""	""	""	""	""	""	""	""
"CsdLean4/CV/FibredArenaBridge.lean"	"record-dynamics-other"	"203"	"8af0a628af9943d3858d605dbb7c10aaa7ca8ea9"	"bd3802db98770f930e87a8c6a6f3e37a3bd94c3ed1d97da6a891db12e1553387"	"unreviewed"	""	""	""	""	""	""	""	""	""	""	""	""	""
"CsdLean4/CV/FieldModes.lean"	"record-dynamics-other"	"189"	"a8fdd854c43c10b082839492f401ca6256f2f1a2"	"292399ccc8762c98c11f9f3d5733514dd11fcb8a2853a537712a5c353788e1a6"	"historical"	""	""	""	""	""	""	""	""	""	""	""	""	"specs/FOUNDATIONAL-CODE-REVIEW.md"
"CsdLean4/CV/FieldStructuredFlow.lean"	"record-dynamics-other"	"385"	"9b93a237f3c62e072a1a9dc728b7d2a59048d442"	"b49f2dac2894bbbb19376c39db0842f40e3028dce70faf559f7d0c377a2bd43d"	"unreviewed"	""	""	""	""	""	""	""	""	""	""	""	""	""
"CsdLean4/CV/FreeFieldFloquet.lean"	"record-dynamics-other"	"133"	"2174f49c0ca0fd5a7da58fc8ba698fd7f8647497"	"55bb9dec3360a200fbc427bd22feab2d98e8838153c4614f3ac39eb718566bb1"	"unreviewed"	""	""	""	""	""	""	""	""	""	""	""	""	""
"CsdLean4/CV/Interaction.lean"	"record-dynamics-other"	"139"	"18d4fc77dc33c962fba3b9e4e9104f3455ea003d"	"0664dd9c13c58f286b5afcb95b93b80e99efc16fb8806e02baf7e94f42601222"	"unreviewed"	""	""	""	""	""	""	""	""	""	""	""	""	""
"CsdLean4/CV/InteractionPrice.lean"	"record-dynamics-other"	"202"	"a67a085e47d5aa7a84e4dbdf3b756a4151fe3505"	"d5a3a8dddb3ed42dde3dc33ea0c2697f2be353072e06b0853535de1cd7c0b92e"	"unreviewed"	""	""	""	""	""	""	""	""	""	""	""	""	""
"CsdLean4/CV/LiebRobinson.lean"	"record-dynamics-other"	"994"	"2a97356e7374b1c13a1752e7213af84f2de13995"	"4e67c456d6b596b9ff02250ddd7e6a12ec797d2b66ff25de3487579491cab141"	"unreviewed"	""	""	""	""	""	""	""	""	""	""	""	""	""
"CsdLean4/CV/LocalAlgebra.lean"	"record-dynamics-other"	"203"	"b746f0b9b92bab79742c0ebe447577d7b173f94a"	"ce9fb9ee348f8b61e6e92177ea59f46c41edaff92501f33e3424ee4811f2d2ee"	"unreviewed"	""	""	""	""	""	""	""	""	""	""	""	""	""
"CsdLean4/CV/LocalAlgebraClosed.lean"	"record-dynamics-other"	"271"	"f85a90aed3e91d5d803b80ef7a72ec6f4805a865"	"5b893390258cd5e4533154ac75612b1e551305cf60093769ed88823f94854173"	"unreviewed"	""	""	""	""	""	""	""	""	""	""	""	""	""
"CsdLean4/CV/ModeLocality.lean"	"record-dynamics-other"	"204"	"38478f5cbc8b8969b3b1510a220da4b0ce8e9734"	"86741e45c11b5bddbb236582bd3acb9962f6ab67fedbd728b6642c95734d1148"	"historical"	""	""	""	""	""	""	""	""	""	""	""	""	"specs/FOUNDATIONAL-CODE-REVIEW.md"
"CsdLean4/CV/Oscillator.lean"	"record-dynamics-other"	"314"	"0ab4806dc17b82a3db2ef022f6461590381449f8"	"530234c9221cb34c46ab9812eefd22f4d5276e74519b4786ed6e17b5e25442e3"	"historical"	""	""	""	""	""	""	""	""	""	""	""	""	"specs/FOUNDATIONAL-CODE-REVIEW.md"
"CsdLean4/CV/OscillatorBorn.lean"	"record-dynamics-other"	"125"	"86d2e19982c017393f14d9f5854efbe6c466c4a6"	"05ecba614868b00712a8cd33bbf94efc4bb1ee96a2cccbcc97200ed4b4ba1a21"	"historical"	""	""	""	""	""	""	""	""	""	""	""	""	"specs/FOUNDATIONAL-CODE-REVIEW.md"
"CsdLean4/CV/OscillatorSpectrum.lean"	"record-dynamics-other"	"134"	"acb6316813bb585f41666e066bd6c7e7f4ee7cef"	"e09b04851cf022932355328c8f33fc0856594bf55a7d4d95851948b48cac7ef3"	"historical"	""	""	""	""	""	""	""	""	""	""	""	""	"specs/FOUNDATIONAL-CODE-REVIEW.md"
"CsdLean4/CV/Position.lean"	"record-dynamics-other"	"189"	"733721c393120860fd49e30a2e7e6190df3a00ff"	"c47d9f0a8f19792294138aa44b9008646d3f4ec7826d7cb0ffd3d7371bff1075"	"historical"	""	""	""	""	""	""	""	""	""	""	""	""	"specs/FOUNDATIONAL-CODE-REVIEW.md"
"CsdLean4/CV/PowerCounting.lean"	"record-dynamics-other"	"330"	"2922fda493201700048df8b56f0855b022e76276"	"2e4c5f632064569c616204818ec272f201a28a43f039dcb31d7bd7fbe9198a8d"	"unreviewed"	""	""	""	""	""	""	""	""	""	""	""	""	""
"CsdLean4/CV/PriceAttainment.lean"	"record-dynamics-other"	"467"	"5b4aaf169bd701279e6d52afd9c2e3dbad564595"	"b1548139b62f74a7c7499310b5d2e64bfa290a146ea37ea745dbb5a20210ee72"	"unreviewed"	""	""	""	""	""	""	""	""	""	""	""	""	""
"CsdLean4/CV/Propagator.lean"	"record-dynamics-other"	"745"	"77d711d390f031076e2571d0c645b54c7362fa31"	"a32f7e2113cc512c4536d228120d7892e043368ed04b3a729f6f8b201254efea"	"unreviewed"	""	""	""	""	""	""	""	""	""	""	""	""	""
"CsdLean4/CV/SupportSpreading.lean"	"record-dynamics-other"	"412"	"b17a49f504a2675c8920d8df6130b1be0053c872"	"c26e305acf94d0d1d9aa343e3db033539dd3a16820fcdaa9bbe7dad3bdf71112"	"unreviewed"	""	""	""	""	""	""	""	""	""	""	""	""	""
"CsdLean4/CV/ThermalPropagator.lean"	"record-dynamics-other"	"754"	"f2baa38544c506699d231e7f0f88971dd1ded834"	"9a26b5f63cd5c690386c956ac41ab7e68a40ad31827e46de96457b77e086f6ef"	"unreviewed"	""	""	""	""	""	""	""	""	""	""	""	""	""
"CsdLean4/CV/Wick.lean"	"record-dynamics-other"	"1107"	"7d55acf3da25884c5a4f6a63b3aefe85105fb89e"	"44b700295b31d79d6158946a94077bf26d1175fbf1c112e43421c73b9c2c5921"	"unreviewed"	""	""	""	""	""	""	""	""	""	""	""	""	""
"CsdLean4/CV/WickGeneral.lean"	"record-dynamics-other"	"218"	"65d5a8a29376a72213faf87308bcf2d50d24c1a5"	"6571b08dcde3556557923e763f145c991692f5d90ca7753fcb9c233b40848b1e"	"unreviewed"	""	""	""	""	""	""	""	""	""	""	""	""	""
"CsdLean4/CV/WickTime.lean"	"record-dynamics-other"	"700"	"ad0f1a9f334e75e18054086e6b10971a2ca5a496"	"8a60bdda4489f4b256a2252e80891567163c3cbce81be00cea367f005500629c"	"unreviewed"	""	""	""	""	""	""	""	""	""	""	""	""	""
"CsdLean4/Empirical/CSD/Algorithms/CircuitFlow.lean"	"empirical"	"290"	"da7bdffe359ebc3eb02a960ecd5d50e0e1e6a09e"	"9b2f775f939f0e26a29233039dd6a307f2c509956c7b67408d4cc1c6f1e980dd"	"unreviewed"	""	""	""	""	""	""	""	""	""	""	""	""	""
"CsdLean4/Empirical/CSD/Algorithms/GroverFlow.lean"	"empirical"	"204"	"ab11f63d1cb01704bd1eb59617b0b3b99d176eef"	"82716e6db3727b7896e61d57a2fb6771caa53744e01e23048746bc4fe0ecb26d"	"unreviewed"	""	""	""	""	""	""	""	""	""	""	""	""	""
"CsdLean4/Empirical/CSD/Algorithms/ShorFlow.lean"	"empirical"	"238"	"8582fa34e5e7df69c51df5e3e254377d72639c72"	"a478608a2349758c508ea37cf206dfc197e869ccf1947739472aa0080b345559"	"unreviewed"	""	""	""	""	""	""	""	""	""	""	""	""	""
"CsdLean4/Empirical/CSD/Bell.lean"	"empirical"	"288"	"7f81a2d04e5d28c7690a043c9d8f561421ab3021"	"909bb1bfdeb3ae832274a3eb79e5f9cdddc2a3ceb56d625bd63be4682b255ecf"	"historical"	""	""	""	""	""	""	""	""	""	""	""	""	"specs/FOUNDATIONAL-CODE-REVIEW.md"
"CsdLean4/Empirical/CSD/BellVolume.lean"	"empirical"	"280"	"6440501277706d601e8087b5a35a0c4e9eb35186"	"bf5be44f23707adc2d1a2740de9c3f5ad83f16b8276e9cf68c748afc2168c3c7"	"historical"	""	""	""	""	""	""	""	""	""	""	""	""	"specs/FOUNDATIONAL-CODE-REVIEW.md"
"CsdLean4/Empirical/CSD/ChannelCapacity.lean"	"empirical"	"317"	"02b430526b75a7c94abe99e141e2abbc1634e54a"	"b7f7aaf196ffd4c046943e9de8c54905e6546bca2a75db376fd1d6095a57fe4f"	"historical"	""	""	""	""	""	""	""	""	""	""	""	""	"specs/FOUNDATIONAL-CODE-REVIEW.md"
"CsdLean4/Empirical/CSD/ContextVolume.lean"	"empirical"	"530"	"09d4e47e4e0cbd1b2fe01959ed33b5578403a70d"	"5c7178c6f519b956743ed47c29a35f1fa1bc52b91f150767bc95425c2f80021a"	"historical"	""	""	""	""	""	""	""	""	""	""	""	""	"specs/FOUNDATIONAL-CODE-REVIEW.md"
"CsdLean4/Empirical/CSD/Contextuality/KCBSVolume.lean"	"empirical"	"272"	"cce1e9ed5dabecd5ff02502a0aa2f3b22c4ad816"	"99f70601d3ed2f2dc5ffcda44e3a186f79dfe7edf8c7306af196aeb0a2604635"	"historical"	""	""	""	""	""	""	""	""	""	""	""	""	"specs/FOUNDATIONAL-CODE-REVIEW.md"
"CsdLean4/Empirical/CSD/Contextuality/KS18.lean"	"empirical"	"276"	"fd786c3fac703072333ff485143e6005bcf8a468"	"c7a4abe2d9f5682c344fb4ef601a03793203fab58f77cddc8792c828352c2cb4"	"historical"	""	""	""	""	""	""	""	""	""	""	""	""	"specs/FOUNDATIONAL-CODE-REVIEW.md"
"CsdLean4/Empirical/CSD/Contextuality/KS18Volume.lean"	"empirical"	"259"	"5005f8e0ba2fa2c1d23ad6219bb551099a8cad81"	"f2c034a22cc672c3fe754cad26dafeb8e3ca286410d6a73d98b9a4f6bcf105ca"	"historical"	""	""	""	""	""	""	""	""	""	""	""	""	"specs/FOUNDATIONAL-CODE-REVIEW.md"
"CsdLean4/Empirical/CSD/Contextuality/MerminPeres.lean"	"empirical"	"165"	"a8aad3751e26429935adf42129e87477c1bc6203"	"915aa1675009bd33b2e4bdde129ce2f3513496b0950e8d62acbbb23656f26158"	"historical"	""	""	""	""	""	""	""	""	""	""	""	""	"specs/FOUNDATIONAL-CODE-REVIEW.md"
"CsdLean4/Empirical/CSD/Contextuality/MerminPeresVolume.lean"	"empirical"	"1251"	"e885188096cc69bbf4e8a78bc4b9d25802e65b80"	"47a2bf4a2cb9e239d2ca584338decb7afea7d15018266cb8f33e0f67164e87fb"	"historical"	""	""	""	""	""	""	""	""	""	""	""	""	"specs/FOUNDATIONAL-CODE-REVIEW.md"
"CsdLean4/Empirical/CSD/Crypto/B92Sequential.lean"	"empirical"	"130"	"c15dcfa46a5683462e62288f2ec4d4cbe097881d"	"a51cd024b52554286e253a406a8936f7ffe83c2c5eff043dcb6d10b2ec968ed7"	"historical"	""	""	""	""	""	""	""	""	""	""	""	""	"specs/FOUNDATIONAL-CODE-REVIEW.md"
"CsdLean4/Empirical/CSD/Crypto/BB84Sequential.lean"	"empirical"	"307"	"499c7fa83032f735d279d79dbc778ac739b221de"	"733bb58a92b0dcfce546216b12557ac373bca9a18e19513b6be1e2d5025c5c96"	"historical"	""	""	""	""	""	""	""	""	""	""	""	""	"specs/FOUNDATIONAL-CODE-REVIEW.md"
"CsdLean4/Empirical/CSD/Crypto/E91.lean"	"empirical"	"110"	"ac5c2fd813cf7fcccf788acf4bad42b538353dd1"	"5505a3a6021ed7791fffe823ae2af1f156a1cf3018e6f8e6a42188ffb570a921"	"historical"	""	""	""	""	""	""	""	""	""	""	""	""	"specs/FOUNDATIONAL-CODE-REVIEW.md"
"CsdLean4/Empirical/CSD/Crypto/QuantumMoney.lean"	"empirical"	"160"	"8621f48fcd941ae3d3f8a8237214b0f457dca701"	"875d10f83c0796e7b3c2e3c2a1a0b062e014feb0c94b9909ea44fe9e2e9828e6"	"historical"	""	""	""	""	""	""	""	""	""	""	""	""	"specs/FOUNDATIONAL-CODE-REVIEW.md"
"CsdLean4/Empirical/CSD/Crypto/WiesnerSequential.lean"	"empirical"	"137"	"187adf2d273b83b36255e1e25fb019f45b288800"	"e677729734506f6d4fe7562efccd1070f64c54f4118e7c59fc74cc62d693c714"	"historical"	""	""	""	""	""	""	""	""	""	""	""	""	"specs/FOUNDATIONAL-CODE-REVIEW.md"
"CsdLean4/Empirical/CSD/Darwinism.lean"	"empirical"	"185"	"bf6c196884ea2571631ca244ead366caaec2e978"	"66da6638aeb0378b98dfb916bd6a2fc019d87ae483077d302ed128f7eb49d196"	"unreviewed"	""	""	""	""	""	""	""	""	""	""	""	""	""
"CsdLean4/Empirical/CSD/DoubleSlitVolume.lean"	"empirical"	"88"	"1616e107a09ee856c365e87e9055efb6d15528ae"	"6904c8faabc3cf411ea3d59f9f5e88d855ece49fc93e97a9679807d626e3da3b"	"historical"	""	""	""	""	""	""	""	""	""	""	""	""	"specs/FOUNDATIONAL-CODE-REVIEW.md"
"CsdLean4/Empirical/CSD/Einselection.lean"	"empirical"	"508"	"67c404aba0ea7582c794550a52bb0723c8984dcb"	"d543537b88c8745d74e77a2df7329ee9d41589baa39c6de5cf14d66e58312e2f"	"historical"	""	""	""	""	""	""	""	""	""	""	""	""	"specs/FOUNDATIONAL-CODE-REVIEW.md"
"CsdLean4/Empirical/CSD/ElitzurVaidmanVolume.lean"	"empirical"	"77"	"00c8c17d893e6c5e9a9a9f0e508b96e9dd5ebc59"	"26d04b262960b1301e74e585b2fffd948aaf1e22b0a994084599b44b803a5142"	"historical"	""	""	""	""	""	""	""	""	""	""	""	""	"specs/FOUNDATIONAL-CODE-REVIEW.md"
"CsdLean4/Empirical/CSD/EraserDynamics.lean"	"empirical"	"338"	"2ceb8c5e732f240c569fb0ff50439f9d6cf29052"	"6c650defad337844cd04b558957d4eb3be9d3b1060c6a1e89213f5303439f6d2"	"historical"	""	""	""	""	""	""	""	""	""	""	""	""	"specs/FOUNDATIONAL-CODE-REVIEW.md"
"CsdLean4/Empirical/CSD/EraserSequential.lean"	"empirical"	"154"	"3ec67dc566d197166bf4ac820d6f77e3498a55a7"	"ba96846e48564ffbdd9c530104feb5f6feccad46cf7623115a165db097ad5caa"	"historical"	""	""	""	""	""	""	""	""	""	""	""	""	"specs/FOUNDATIONAL-CODE-REVIEW.md"
"CsdLean4/Empirical/CSD/Framework.lean"	"empirical"	"123"	"6659f5a27d9ecd055fa9192349ffbbb79f05d6e7"	"dd7af4081794cf612a82bc3a0a8720c3c0dd04db7a848efca40d1b57fcfff81d"	"historical"	""	""	""	""	""	""	""	""	""	""	""	""	"specs/FOUNDATIONAL-CODE-REVIEW.md"
"CsdLean4/Empirical/CSD/GHZVolume.lean"	"empirical"	"294"	"001e6f88d13ebd9a95e836b39d45ed70fb6810dc"	"b2c7c4f859206989a3b0edb797d0fdd12ac4b3750c83c9f674831f7d691fc72e"	"historical"	""	""	""	""	""	""	""	""	""	""	""	""	"specs/FOUNDATIONAL-CODE-REVIEW.md"
"CsdLean4/Empirical/CSD/Gates/BellPrep.lean"	"empirical"	"124"	"a92846a695f04e8d1dc88012bdf4f5ee307b997a"	"0b24e222d5b28e4a9b82f379a56ddca6ea046e3bd62154238e2abc26109586ee"	"historical"	""	""	""	""	""	""	""	""	""	""	""	""	"specs/FOUNDATIONAL-CODE-REVIEW.md"
"CsdLean4/Empirical/CSD/Gates/BellPrepDischarge.lean"	"empirical"	"79"	"48e2adb6475ff824af9754f60378a084ef80b375"	"a5ab98b007e21faeddb5dd64cde1d307f8437af9c1f3449ae32175a868262e52"	"historical"	""	""	""	""	""	""	""	""	""	""	""	""	"specs/FOUNDATIONAL-CODE-REVIEW.md"
"CsdLean4/Empirical/CSD/Gates/Framework.lean"	"empirical"	"193"	"21db65df31bc3100efc3f01c57525b7638b64a47"	"06774a65913127df2ce4afdceb095656be085ce4f817860d27f32b4954cb16e9"	"historical"	""	""	""	""	""	""	""	""	""	""	""	""	"specs/FOUNDATIONAL-CODE-REVIEW.md"
"CsdLean4/Empirical/CSD/Gates/MultiQubit.lean"	"empirical"	"83"	"8f403d92946ea52ea7e2c0857d6a597483511e22"	"c55f9d573c5f1c4d5f61e39b053da85ca11118ac6d50d2e5b02d9c8b1fb13c2e"	"historical"	""	""	""	""	""	""	""	""	""	""	""	""	"specs/FOUNDATIONAL-CODE-REVIEW.md"
"CsdLean4/Empirical/CSD/Gates/MultiQubitDischarge.lean"	"empirical"	"69"	"9db14c5466483b27e853d0b8f288de01e5fb5c86"	"1cf12404dcde0a0c6d0ab9722693fe75e86d65acce8678126f76cff2ee40d130"	"historical"	""	""	""	""	""	""	""	""	""	""	""	""	"specs/FOUNDATIONAL-CODE-REVIEW.md"
"CsdLean4/Empirical/CSD/Gates/SingleQubit.lean"	"empirical"	"157"	"c582906e2eab67adbe41deff8ec27f74ae89bc1b"	"4f963218c3b4b256c1fc9b29a49ddf521e25fe107a82ae5902c8f25b1f3f9c7c"	"historical"	""	""	""	""	""	""	""	""	""	""	""	""	"specs/FOUNDATIONAL-CODE-REVIEW.md"
"CsdLean4/Empirical/CSD/Gates/SingleQubitDischarge.lean"	"empirical"	"121"	"ad8b2755373b8802fbb02e583af937da7d88b9b9"	"b8b753792f4a31a9631b0981f91d6b967a0291afe69ba55be836e87d3e41398d"	"historical"	""	""	""	""	""	""	""	""	""	""	""	""	"specs/FOUNDATIONAL-CODE-REVIEW.md"
"CsdLean4/Empirical/CSD/Gates/TwoQubit.lean"	"empirical"	"98"	"1fde31db9e9afff3d79c7a9428f6cc5932f4652a"	"93eca3f053462352ff9e37255acf878878cf7f33e3cff884e77b50eae1cf0e9b"	"historical"	""	""	""	""	""	""	""	""	""	""	""	""	"specs/FOUNDATIONAL-CODE-REVIEW.md"
"CsdLean4/Empirical/CSD/Gates/TwoQubitDischarge.lean"	"empirical"	"86"	"adfc436a6df46be94505295ea2b368c6faabf0a7"	"5fae9c590f38c66f519aa1d40f2fa0dfd38ab7a05dc11909badb423cdfc9a4ca"	"historical"	""	""	""	""	""	""	""	""	""	""	""	""	"specs/FOUNDATIONAL-CODE-REVIEW.md"
"CsdLean4/Empirical/CSD/Gates/WignerDischarge.lean"	"empirical"	"364"	"432e2f9999e6cba987d49760374c3e51cad26180"	"8fab5c5d538699f8f3d766d6abcaa825517d6404f67c0e6416bc1369b0388663"	"historical"	""	""	""	""	""	""	""	""	""	""	""	""	"specs/FOUNDATIONAL-CODE-REVIEW.md"
"CsdLean4/Empirical/CSD/Hardy.lean"	"empirical"	"189"	"b6dd27101ef1f58f7ad9257c56e0afd085e5467c"	"cf143d274881c5d92e56b611efa82e9c478b7d9c849e430f6103dc7834dd0cd7"	"historical"	""	""	""	""	""	""	""	""	""	""	""	""	"specs/FOUNDATIONAL-CODE-REVIEW.md"
"CsdLean4/Empirical/CSD/HardyVolume.lean"	"empirical"	"248"	"de7f4ea1c323b3567ed2531b813d25a54eac6ec6"	"c6794dcc1551c5f9f9a6bc279376bd7a9646a3f20d3b49f833a868bd1faab7c3"	"historical"	""	""	""	""	""	""	""	""	""	""	""	""	"specs/FOUNDATIONAL-CODE-REVIEW.md"
"CsdLean4/Empirical/CSD/HongOuMandelVolume.lean"	"empirical"	"155"	"a5e3c364ae8be261703c5e8420146c3282d0ff25"	"fe5ec194ace8fb4954f6b5fa01090dbc81cc47b945cc5176c83c024df8b70758"	"historical"	""	""	""	""	""	""	""	""	""	""	""	""	"specs/FOUNDATIONAL-CODE-REVIEW.md"
"CsdLean4/Empirical/CSD/LeggettGargVolume.lean"	"empirical"	"78"	"7a1c06ca7032b768efd7723f65e32022bc04b9b3"	"00c0781ba2b8c33472426c970e72dc5351c6e463d52d9e8f2fbab3893a26ff4d"	"historical"	""	""	""	""	""	""	""	""	""	""	""	""	"specs/FOUNDATIONAL-CODE-REVIEW.md"
"CsdLean4/Empirical/CSD/LocalFriendliness.lean"	"empirical"	"197"	"82adf137546803ed1e89120eb4b13d7ecee739cd"	"46dea1a496a1e67ce92092bfceafcde3faaf6ab0cc122e1434b9bc4206a46d90"	"unreviewed"	""	""	""	""	""	""	""	""	""	""	""	""	""
"CsdLean4/Empirical/CSD/MUB3Volume.lean"	"empirical"	"250"	"c8b8920f5c9272ddd12f9d4b822db7f0ed3d4d3f"	"8aa3458e3ef00dfdbb2c188f9af1935af8940635a0a5e054dfd11844d5ea9888"	"historical"	""	""	""	""	""	""	""	""	""	""	""	""	"specs/FOUNDATIONAL-CODE-REVIEW.md"
"CsdLean4/Empirical/CSD/MachZehnderVolume.lean"	"empirical"	"112"	"99c472c6337e417cefc533f6a5eaa8158ffee000"	"8798ad469adb4cf23a623e207e1d03565382da5f8a5daee05a25f083f20cc5a6"	"historical"	""	""	""	""	""	""	""	""	""	""	""	""	"specs/FOUNDATIONAL-CODE-REVIEW.md"
"CsdLean4/Empirical/CSD/MalusVolume.lean"	"empirical"	"143"	"d5033aa3f88871972e0dac26a783711141ff59e6"	"934bc74654f26d4340b05c0bf44321639527e4b8956442341f388d03c7b6fadc"	"historical"	""	""	""	""	""	""	""	""	""	""	""	""	"specs/FOUNDATIONAL-CODE-REVIEW.md"
"CsdLean4/Empirical/CSD/MixedStateBornVolume.lean"	"empirical"	"124"	"be2bba4674dc74bd345fe124fdf940cc5f094626"	"2c95fcdf9a533a36da9fd19e21f535801b34048dd0b92fe8ca37a8ffd2c9f695"	"historical"	""	""	""	""	""	""	""	""	""	""	""	""	"specs/FOUNDATIONAL-CODE-REVIEW.md"
"CsdLean4/Empirical/CSD/Multipartite/GHZ.lean"	"empirical"	"314"	"fd43bbc20e6de39a01bab08d39163edaf438b74f"	"ea82e8951ceca6a6a21a54d5347a6d1faaa52101f7d213a24e5bb8e55c8d397b"	"historical"	""	""	""	""	""	""	""	""	""	""	""	""	"specs/FOUNDATIONAL-CODE-REVIEW.md"
"CsdLean4/Empirical/CSD/NoBroadcasting.lean"	"empirical"	"114"	"cd5bff35f2d55168e6437975869567cb52790cd9"	"e24f5f8bbb67f215e77442311ffb852b45eefc3f08af602cf79becf970017a0e"	"historical"	""	""	""	""	""	""	""	""	""	""	""	""	"specs/FOUNDATIONAL-CODE-REVIEW.md"
"CsdLean4/Empirical/CSD/NoCloning.lean"	"empirical"	"225"	"70ffa25bc08ed45490884853514ccd8ceb7aaecf"	"b551b0e8b3975fde3fe56b1bdb6b24561301ca553b12ad0eb2aeab99c590d406"	"historical"	""	""	""	""	""	""	""	""	""	""	""	""	"specs/FOUNDATIONAL-CODE-REVIEW.md"
"CsdLean4/Empirical/CSD/NoCommunication.lean"	"empirical"	"115"	"3797b12a1f2730afaf365e3c303c51364a7180ea"	"52f1906234ea518365bb5f678f0d677314a8be3c128ff164371c83173a9eca2b"	"historical"	""	""	""	""	""	""	""	""	""	""	""	""	"specs/FOUNDATIONAL-CODE-REVIEW.md"
"CsdLean4/Empirical/CSD/NoDeleting.lean"	"empirical"	"174"	"cdcb31f6c69bf03cc1adcec9b59dd1abe7dedd89"	"b871968183c79e8c20a044848ce21c4896fe8f8efe23f5630995d8feadcf7cd5"	"historical"	""	""	""	""	""	""	""	""	""	""	""	""	"specs/FOUNDATIONAL-CODE-REVIEW.md"
"CsdLean4/Empirical/CSD/Ozawa.lean"	"empirical"	"108"	"b0ab60cdda4f941a1128e0a3de6f77016e93e6ed"	"f4985f31ea42b8db3c0c4eff51abc79a517cab77e75ba52c9aa5472c2a433554"	"unreviewed"	""	""	""	""	""	""	""	""	""	""	""	""	""
"CsdLean4/Empirical/CSD/PointerCommutation.lean"	"empirical"	"572"	"c80738dc0b8c914face455879ba90c70962ebdb8"	"9f505893a26f1cf48fd15734e9fbb32853971b74b5f16b4037eff0cc81251617"	"unreviewed"	""	""	""	""	""	""	""	""	""	""	""	""	""
"CsdLean4/Empirical/CSD/QEC/IndependentNoiseFlow.lean"	"empirical"	"201"	"590124f683f8e65aad0b22da4c08c5debd29bea6"	"42fe45ed15ecd9edd966829f6f890ed9be27e3c61a13b7279af0395121d4e574"	"unreviewed"	""	""	""	""	""	""	""	""	""	""	""	""	""
"CsdLean4/Empirical/CSD/QEC/RegisterFlow.lean"	"empirical"	"169"	"95b309b259ce84f6d8bde1b288f512bddc344924"	"0b4223bc2b70db9bb8657f7ad38f7f7a3ca805a177619adafecd93c34db98be1"	"unreviewed"	""	""	""	""	""	""	""	""	""	""	""	""	""
"CsdLean4/Empirical/CSD/QEC/SteaneFlow.lean"	"empirical"	"245"	"4e5b7216b64af5cf79c2290789008a7996c77443"	"6c79df45a6aaa577dfcc3218c5eb263fc976f2ddde5744727ffea2cccf6ee163"	"unreviewed"	""	""	""	""	""	""	""	""	""	""	""	""	""
"CsdLean4/Empirical/CSD/QEC/ThreeQubit.lean"	"empirical"	"326"	"e38c52b4391140ec7c65f374ea26777dda323c11"	"8dcadfe979b9581962be2bd38a07f4fc020992a450b10bc9b09891335a9230ba"	"historical"	""	""	""	""	""	""	""	""	""	""	""	""	"specs/FOUNDATIONAL-CODE-REVIEW.md"
"CsdLean4/Empirical/CSD/QECDecoherence.lean"	"empirical"	"417"	"da42885ec8fa451556ebadf93c97a345ba18ba8e"	"b1fb1d9aaeff74197db684f9d884cc901706fb7010136d2f06b1024af748d80c"	"historical"	""	""	""	""	""	""	""	""	""	""	""	""	"specs/FOUNDATIONAL-CODE-REVIEW.md"
"CsdLean4/Empirical/CSD/QuantumChaos/Capstone.lean"	"empirical"	"103"	"14afb82afd80bc30ac8878b78349afd969f1a92f"	"1cd832f04c040700d4c73d21b79f3e5f739946984631432eea9c5de5f20873dc"	"unreviewed"	""	""	""	""	""	""	""	""	""	""	""	""	""
"CsdLean4/Empirical/CSD/QuantumChaos/CarrierPersistence.lean"	"empirical"	"87"	"0d495bba021cfb6a6d3d19975f10b3934f4af592"	"019f87408ad4dec918ed708248bc51f91c65914588489fbc22a09845b24a49b3"	"unreviewed"	""	""	""	""	""	""	""	""	""	""	""	""	""
"CsdLean4/Empirical/CSD/QuantumChaos/CouplingWitness.lean"	"empirical"	"181"	"626d31ddd9b690c132e96f25805f55b3ddc4046b"	"00f53afd8b9fd113790f33c43beb0c28d96ca55f48e4b419dcc69857ba9a21aa"	"unreviewed"	""	""	""	""	""	""	""	""	""	""	""	""	""
"CsdLean4/Empirical/CSD/QuantumChaos/DerivedCoupling.lean"	"empirical"	"506"	"6cbcaa671dc07c6bb6da0fcde2d52e1cf1d29fe8"	"9f91ba7db98f120c729ca3da586af3cadfda2229bd4d408bce496a2d7d2c6f7b"	"unreviewed"	""	""	""	""	""	""	""	""	""	""	""	""	""
"CsdLean4/Empirical/CSD/QuantumChaos/EntropyLedger.lean"	"empirical"	"341"	"cfee4816b9afd5edfd9123caf3b8c60ba99a1728"	"5a6b0d58046e97069747f070f70f750a9e41c24d05963b84a5264d3d07a2423a"	"unreviewed"	""	""	""	""	""	""	""	""	""	""	""	""	""
"CsdLean4/Empirical/CSD/QuantumChaos/FreeFieldClosure.lean"	"empirical"	"110"	"2d5884ac54f916c1e99b3e4dec9d3202937f02c2"	"5775c2ee43eea2ef1a45c7c35deefd27c9291fd36a52873ab4695959c95c29cb"	"unreviewed"	""	""	""	""	""	""	""	""	""	""	""	""	""
"CsdLean4/Empirical/CSD/QuantumChaos/HalfLifeAttainment.lean"	"empirical"	"203"	"1296f1993679f399e274ff2d63fccf21463224db"	"584055541178432ebdf031050a068434f71fb00c45dd66ac77e9bee22fd80247"	"unreviewed"	""	""	""	""	""	""	""	""	""	""	""	""	""
"CsdLean4/Empirical/CSD/QuantumChaos/OnticLift.lean"	"empirical"	"116"	"9b74080f946c0cf2fc421e7101d6354f4bf35544"	"08401f72bbad56b1b90de61b3066ca0051ce57ff46cff564282bebef8d7bfe09"	"unreviewed"	""	""	""	""	""	""	""	""	""	""	""	""	""
"CsdLean4/Empirical/CSD/QuantumChaos/RecordDegradation.lean"	"empirical"	"177"	"624270b59c96f0cc8f7e34948aef435f333cee57"	"fb53289627d66e304d3a10cf2609fc188f583a4a353b66877f86184d1fb89b40"	"unreviewed"	""	""	""	""	""	""	""	""	""	""	""	""	""
"CsdLean4/Empirical/CSD/QuantumChaos/RecordPersistence.lean"	"empirical"	"120"	"abae507d0175b96cfb8a816df522d8e5e27e2d32"	"2030b8a59931f98a8d247f62ff4a33970a3434ce9f488c0eeee84acf2cfaad00"	"unreviewed"	""	""	""	""	""	""	""	""	""	""	""	""	""
"CsdLean4/Empirical/CSD/QuantumEraserVolume.lean"	"empirical"	"291"	"652a2514d73cf9b014c3dede0ba3ac6746f9f176"	"b210bcdc32636358b8c94bfce7d977bafa435a4bc54d8697ddd0732bef743ff6"	"historical"	""	""	""	""	""	""	""	""	""	""	""	""	"specs/FOUNDATIONAL-CODE-REVIEW.md"
"CsdLean4/Empirical/CSD/QuantumZeno.lean"	"empirical"	"285"	"c1def5f1eb8d4e726c3c2f13106b89bb585de12e"	"5087ce826a908ec0118aed0f2dbeda6b82470c6c93ac071292e580fb202d18a3"	"historical"	""	""	""	""	""	""	""	""	""	""	""	""	"specs/FOUNDATIONAL-CODE-REVIEW.md"
"CsdLean4/Empirical/CSD/QutritPOVMVolume.lean"	"empirical"	"191"	"0ae7137a27a67249b2cb615c4469d8425baf6593"	"5a571b28990309fb7559bbaea3b12662b62fcae450dd7091478d8ccafb18fa79"	"historical"	""	""	""	""	""	""	""	""	""	""	""	""	"specs/FOUNDATIONAL-CODE-REVIEW.md"
"CsdLean4/Empirical/CSD/Resources/SuperdenseCoding.lean"	"empirical"	"173"	"2ace3ef139e19090c887dca4bb6d6d57efdedd37"	"690a57562f42c0c8e26ea7463ff2928ae346022faac62404114b82350c41b634"	"historical"	""	""	""	""	""	""	""	""	""	""	""	""	"specs/FOUNDATIONAL-CODE-REVIEW.md"
"CsdLean4/Empirical/CSD/Resources/Teleportation.lean"	"empirical"	"117"	"00184e0d32e203e000d78bd6736d4987b3556c60"	"99ac71f5fdc5982adb6bbceb4edfe58803748bf3c998347bf9b0b52f7ce0c0af"	"historical"	""	""	""	""	""	""	""	""	""	""	""	""	"specs/FOUNDATIONAL-CODE-REVIEW.md"
"CsdLean4/Empirical/CSD/SIC3Volume.lean"	"empirical"	"248"	"06839fa180c789a3b5f299f6306ef2866bdfe5c4"	"535eddfe7e65f39e4d0d5244964ad5763f15fe78db96ba3ec99d07bee5d35142"	"historical"	""	""	""	""	""	""	""	""	""	""	""	""	"specs/FOUNDATIONAL-CODE-REVIEW.md"
"CsdLean4/Empirical/CSD/SICVolume.lean"	"empirical"	"215"	"a4cf4ba0aa8c5dbf190b52632b82cfc2642a350b"	"623cc48a7240a7a040a794338ecf2cb9af5394200a3e1c4e5d7a79670c4ff840"	"historical"	""	""	""	""	""	""	""	""	""	""	""	""	"specs/FOUNDATIONAL-CODE-REVIEW.md"
"CsdLean4/Empirical/CSD/SequentialMeasurement.lean"	"empirical"	"150"	"2f58f42f5ee0c14fc3785e6d09aac177185e91aa"	"fdddf79a2a4a7c0721f4d96c645eb8b69b052fe38ffc1cc309f5f46f3296e241"	"historical"	""	""	""	""	""	""	""	""	""	""	""	""	"specs/FOUNDATIONAL-CODE-REVIEW.md"
"CsdLean4/Empirical/CSD/SternGerlach.lean"	"empirical"	"208"	"fa5523c5580378671284ae7bac1e668fd142125e"	"dafacddb9ace6409e7f5c1ef1a481b2a1def310735c00da6aaa94968eae91507"	"historical"	""	""	""	""	""	""	""	""	""	""	""	""	"specs/FOUNDATIONAL-CODE-REVIEW.md"
"CsdLean4/Empirical/CSD/SternGerlachVolume.lean"	"empirical"	"194"	"b4f354e850ddfdee152da30473e9163d362cc821"	"cc645371dbb830cc9cb37ad6a9d510ae15b9fdd9d6009c14fa66687beb54eb60"	"historical"	""	""	""	""	""	""	""	""	""	""	""	""	"specs/FOUNDATIONAL-CODE-REVIEW.md"
"CsdLean4/Empirical/CSD/TrineVolume.lean"	"empirical"	"173"	"3431960f9bfdb5902f0cd9cbbff0292086fcb0a3"	"2b78d76b8ad608b674460516a0588d26132156006cfed44c07b467c95b456323"	"historical"	""	""	""	""	""	""	""	""	""	""	""	""	"specs/FOUNDATIONAL-CODE-REVIEW.md"
"CsdLean4/Empirical/CSD/USDVolume.lean"	"empirical"	"122"	"ffc4a7eafb464287c0515df868da9e0f7d9afa7e"	"3332182ee063f3bf865ec27a226b8d6333661e1e1ee290fd6ed9fcc0d7cb4bb0"	"historical"	""	""	""	""	""	""	""	""	""	""	""	""	"specs/FOUNDATIONAL-CODE-REVIEW.md"
"CsdLean4/Empirical/CSD/Uncertainty.lean"	"empirical"	"175"	"ed6a8e79fde84b852b461dea6fd2cbcf92c9e794"	"d464d08b487ea7b9c3f74e7025ac7c57064779e6ba252f8c8cfa39b9eed7c66e"	"historical"	""	""	""	""	""	""	""	""	""	""	""	""	"specs/FOUNDATIONAL-CODE-REVIEW.md"
"CsdLean4/Empirical/CSD/UncertaintyVolume.lean"	"empirical"	"218"	"7ec3868b8c8cb78918279dd30689d5a2882c65d3"	"e4a46920f61b467dadc306ba78d658bdfb2238d9c31d76e2f290acb509c281fb"	"historical"	""	""	""	""	""	""	""	""	""	""	""	""	"specs/FOUNDATIONAL-CODE-REVIEW.md"
"CsdLean4/Empirical/CSD/VolumeCanonical.lean"	"empirical"	"546"	"36dae9b03c88bd6829692baf63e2370eda6f3e57"	"084745ef434a335f81d1e17ef982c11c1b4017b8f9b84fdb24e5eb4b897b2a2d"	"historical"	""	""	""	""	""	""	""	""	""	""	""	""	"specs/FOUNDATIONAL-CODE-REVIEW.md"
"CsdLean4/Empirical/CSD/WeakMeasurement.lean"	"empirical"	"422"	"75afb30ed25ee85fd37c2658bc0b8893aea78efa"	"d5f9670ff81b1cdded55a978c9b40172d8a84ea3926292d8e91269a6ebeb2baa"	"historical"	""	""	""	""	""	""	""	""	""	""	""	""	"specs/FOUNDATIONAL-CODE-REVIEW.md"
"CsdLean4/Empirical/CSD/WignerArakiYanase.lean"	"empirical"	"169"	"8c9b92501fcb90b81d139439551309b4d915d9e6"	"40567c522bfc898799d096034c6d944b75a254183e3b91f58f19aa04cd8aa154"	"unreviewed"	""	""	""	""	""	""	""	""	""	""	""	""	""
"CsdLean4/Empirical/Metrology/Heisenberg.lean"	"empirical"	"275"	"9b3994efa0cd131358f14a4c5a05cd569605ee09"	"17344f8898c220ee0912b5c8905b5ecde3ead5f13d150339ae08a19271a006c2"	"historical"	""	""	""	""	""	""	""	""	""	""	""	""	"specs/FOUNDATIONAL-CODE-REVIEW.md"
"CsdLean4/Empirical/Metrology/QuantumFisher.lean"	"empirical"	"248"	"d0aebd986cc45b1960ce724ddfdbeb9726227835"	"b30fcc45e17587b30dd84d294b07eea8131bdb3100f9ce9d30ca2ab8cdb0f1b6"	"historical"	""	""	""	""	""	""	""	""	""	""	""	""	"specs/FOUNDATIONAL-CODE-REVIEW.md"
"CsdLean4/Empirical/Metrology/Ramsey.lean"	"empirical"	"324"	"113e434cb0350149466898d33790803e707e97c7"	"e22528a0ce2884004a344a072886e8ae0371e680dba58dad9fa25583a0e61490"	"historical"	""	""	""	""	""	""	""	""	""	""	""	""	"specs/FOUNDATIONAL-CODE-REVIEW.md"
"CsdLean4/Empirical/QM/AharonovBohm.lean"	"empirical"	"214"	"059c455f7ff2d5c489957e12460a72b09623b410"	"61cf054adeb2d837c6b282927e5ccdf98bde17589f99a5e47b3f83e6c44d9e49"	"unreviewed"	""	""	""	""	""	""	""	""	""	""	""	""	""
"CsdLean4/Empirical/QM/Algorithms/BernsteinVazirani.lean"	"empirical"	"158"	"0880a0b87720f99e92c373989a252c7246413fe3"	"9badc0a0cbf6c11ae25bf43171dd2404c4f00f784c6941bf123ff3d88399f39b"	"historical"	""	""	""	""	""	""	""	""	""	""	""	""	"specs/FOUNDATIONAL-CODE-REVIEW.md"
"CsdLean4/Empirical/QM/Algorithms/DeutschJozsa.lean"	"empirical"	"135"	"7f5ceb9d74ac70e9f0a2bd2f7124a06bfd317f8d"	"93708e5b8876e8d27dccdeea97ba512839bd94a3a2302010cf7f027dc6504d10"	"historical"	""	""	""	""	""	""	""	""	""	""	""	""	"specs/FOUNDATIONAL-CODE-REVIEW.md"
"CsdLean4/Empirical/QM/Algorithms/Grover.lean"	"empirical"	"338"	"30f25ac0698715f1829e1fb007e472d9b5e73c9d"	"4fda8b1b0abff109066f797867a2f18bf1a58846be3517f543a1bab21b3c6f17"	"historical"	""	""	""	""	""	""	""	""	""	""	""	""	"specs/FOUNDATIONAL-CODE-REVIEW.md"
"CsdLean4/Empirical/QM/Algorithms/HadamardTest.lean"	"empirical"	"414"	"b4ed3ee39e59ace6dd42d880ba6ea3bc38dfe080"	"6ba2f438aa5f1562b5a0fc2db59b0d41bffcd5b21c3d6f14edea619d1a7bc58c"	"historical"	""	""	""	""	""	""	""	""	""	""	""	""	"specs/FOUNDATIONAL-CODE-REVIEW.md"
"CsdLean4/Empirical/QM/Algorithms/ShorCapstone.lean"	"empirical"	"152"	"8b7a9102516c313bcd91e49d5cd375f923242bb1"	"41515e68d3863d1b3583cd68acdaca814d1d00e9f11706a1129a615cee76ca57"	"historical"	""	""	""	""	""	""	""	""	""	""	""	""	"specs/FOUNDATIONAL-CODE-REVIEW.md"
"CsdLean4/Empirical/QM/Algorithms/ShorCore.lean"	"empirical"	"917"	"331ea31b40aff2fc36c1d3a6732e94a70d864773"	"1d58147cbaaa52e6dc0dd14e9051eb1b96ae18e28bb1618757057e938642db0f"	"historical"	""	""	""	""	""	""	""	""	""	""	""	""	"specs/FOUNDATIONAL-CODE-REVIEW.md"
"CsdLean4/Empirical/QM/Algorithms/ShorRandomA.lean"	"empirical"	"1476"	"1b61ecc27a62af4a03deddfbc031c3953d9fd310"	"2f717bf29c8012876eda752536f42b44bc2eaf7795998af40295f87bf83d18bb"	"historical"	""	""	""	""	""	""	""	""	""	""	""	""	"specs/FOUNDATIONAL-CODE-REVIEW.md"
"CsdLean4/Empirical/QM/Algorithms/ShorRecovery.lean"	"empirical"	"265"	"cd7e823098c77f3b007bbb8f9debd640d3cce92c"	"af1a36fb5d390377af709eafd52e2efd987848a0df0db97396175a5eacff6d37"	"historical"	""	""	""	""	""	""	""	""	""	""	""	""	"specs/FOUNDATIONAL-CODE-REVIEW.md"
"CsdLean4/Empirical/QM/Algorithms/Simon.lean"	"empirical"	"204"	"ae4f2d6b54b54215ac10bc4bfd3c3a304f0370a4"	"38f8709e7c112d87afc99eb40a0dfe67ca45fa57610cbb88b501e1b972b10f62"	"historical"	""	""	""	""	""	""	""	""	""	""	""	""	"specs/FOUNDATIONAL-CODE-REVIEW.md"
"CsdLean4/Empirical/QM/Algorithms/SwapTest.lean"	"empirical"	"206"	"9898e12f394b8ef5bc9afbfc3ca00f7e7a936237"	"2d40900465d08d146eb654beb55a434e9b3a474396a6b20828446f661c377e93"	"historical"	""	""	""	""	""	""	""	""	""	""	""	""	"specs/FOUNDATIONAL-CODE-REVIEW.md"
"CsdLean4/Empirical/QM/Bell.lean"	"empirical"	"628"	"4b0d1fa7129b12f892474b8f07b92bf3eb701136"	"ab85c86042472047814fd538740e9677d0e614598268fab4b115a5c1282db7cd"	"historical"	""	""	""	""	""	""	""	""	""	""	""	""	"specs/FOUNDATIONAL-CODE-REVIEW.md"
"CsdLean4/Empirical/QM/BerryAdiabatic.lean"	"empirical"	"635"	"f1f38eb7257929cebf5ecb1caa4ea5126e9946b5"	"bf0b268238e0714d2c29f84d518bceadb35320a3ff24ef5023fb503373593c24"	"unreviewed"	""	""	""	""	""	""	""	""	""	""	""	""	""
"CsdLean4/Empirical/QM/BerryPhase.lean"	"empirical"	"144"	"04aa2b59cc1702c2cf8969dccce35f80e4dd7184"	"1bfc93d20dd2e06573a8bd2017fbf59009d9939b3e702a46bd29a2cb5de88d78"	"unreviewed"	""	""	""	""	""	""	""	""	""	""	""	""	""
"CsdLean4/Empirical/QM/BerryPhaseCurvature.lean"	"empirical"	"274"	"66183ead1013b211d27bd321e1ba19ece58c2c2d"	"e32980811cab37e982b0a797f195fe6768e85de60b940b44b97b042fca0a916f"	"unreviewed"	""	""	""	""	""	""	""	""	""	""	""	""	""
"CsdLean4/Empirical/QM/ColbeckRenner.lean"	"empirical"	"336"	"4361a9d97b8e43d40ea637f96553e30e1c2ecf0e"	"2e2d4d7bdde6fd6d31c6fe0bb62a33f8d7a1e51ff566d2f58b4c4b0c4e0204e8"	"unreviewed"	""	""	""	""	""	""	""	""	""	""	""	""	""
"CsdLean4/Empirical/QM/Contextuality/KS18.lean"	"empirical"	"391"	"de2e883ceed9229ef72f1be1e51924ee52ada96e"	"86b56e80a22de51ddf1959b03ff49df043114e8eead33629ff1a4d72217ff690"	"historical"	""	""	""	""	""	""	""	""	""	""	""	""	"specs/FOUNDATIONAL-CODE-REVIEW.md"
"CsdLean4/Empirical/QM/Contextuality/MerminPeres.lean"	"empirical"	"309"	"0ac286091a6b402718e6ef0d99abd10ead7f457f"	"1890a3669c77d6e59ddbc4121a8f7dfd31ae458774c47c37beb2477d2ee45b3a"	"historical"	""	""	""	""	""	""	""	""	""	""	""	""	"specs/FOUNDATIONAL-CODE-REVIEW.md"
"CsdLean4/Empirical/QM/Crypto/B92.lean"	"empirical"	"219"	"72fb8fc21be07694372b433080694086c6859e4e"	"0e61e263ed7516bd28bca1e1a0995c49e65063aa73cfd87a13529a4cb53273f7"	"historical"	""	""	""	""	""	""	""	""	""	""	""	""	"specs/FOUNDATIONAL-CODE-REVIEW.md"
"CsdLean4/Empirical/QM/Crypto/BB84.lean"	"empirical"	"305"	"16729144ea795f047cadd0763b4f8442f5e929ee"	"5a5e3e8420c1fa9ed2deea3af5fc9da5fdd15c74441e62eb217f1cb729bf8693"	"historical"	""	""	""	""	""	""	""	""	""	""	""	""	"specs/FOUNDATIONAL-CODE-REVIEW.md"
"CsdLean4/Empirical/QM/Crypto/E91.lean"	"empirical"	"206"	"33725435f7b4823665443e06e4827c7973f3714b"	"05d986405dd7da8fbbc278c6cea6359d23d682e6c83afb75d35e4e538be3a892"	"historical"	""	""	""	""	""	""	""	""	""	""	""	""	"specs/FOUNDATIONAL-CODE-REVIEW.md"
"CsdLean4/Empirical/QM/Crypto/E91FiniteKey.lean"	"empirical"	"209"	"74422b59858702d9f1e450c461d340c763ee7f28"	"a4ee69c53f1d85d6f127a422c680b63a8887e5a63f06d548f6d5fa46ad7f38cd"	"historical"	""	""	""	""	""	""	""	""	""	""	""	""	"specs/FOUNDATIONAL-CODE-REVIEW.md"
"CsdLean4/Empirical/QM/Crypto/E91KeyRate.lean"	"empirical"	"259"	"6b3589a6f07cd9643a487415d7828a3f3a846cca"	"97c302ec2980aa839333b8fab15d780f54f60c4fe9d2e5c0835f460b43eaf872"	"historical"	""	""	""	""	""	""	""	""	""	""	""	""	"specs/FOUNDATIONAL-CODE-REVIEW.md"
"CsdLean4/Empirical/QM/Crypto/QuantumMoney.lean"	"empirical"	"145"	"14c43476903ec1fb1f5b921ba642908a7597f60f"	"e9a6a21490b83edbece934ebbb21b1dd4ec4aeac445dc9ced94c62730d13c218"	"historical"	""	""	""	""	""	""	""	""	""	""	""	""	"specs/FOUNDATIONAL-CODE-REVIEW.md"
"CsdLean4/Empirical/QM/Crypto/WiesnerProtocol.lean"	"empirical"	"172"	"5596a1fbdf630f1448664f7f7602b3bb22ad34fb"	"dddf55f47286bdab4be7b07587464697acf7c3919b459c1627eacafe3c60c1b2"	"historical"	""	""	""	""	""	""	""	""	""	""	""	""	"specs/FOUNDATIONAL-CODE-REVIEW.md"
"CsdLean4/Empirical/QM/Darwinism.lean"	"empirical"	"244"	"993f758bfa8fe672c94a48c4dd962fcf57252f56"	"a1aa8334e08b384209c8e20003b7f5e389f6d48fc471784d80f04afb27f9d82b"	"unreviewed"	""	""	""	""	""	""	""	""	""	""	""	""	""
"CsdLean4/Empirical/QM/ElitzurVaidman.lean"	"empirical"	"101"	"7d530a3065b079eb14a9b778b31b7e92a1fc7aca"	"e3ca2835c88fde99e3c39ef4f4bc9c036e1653e01b0a7136594f18d94670d900"	"historical"	""	""	""	""	""	""	""	""	""	""	""	""	"specs/FOUNDATIONAL-CODE-REVIEW.md"
"CsdLean4/Empirical/QM/Gates/BellPrep.lean"	"empirical"	"198"	"a29718aaf63d3fd5339dacb29d382f19a7f89c00"	"0f41d88637105cf49e96ca488f6f0ebf797138caac9cc4f68aecaf19f9100427"	"historical"	""	""	""	""	""	""	""	""	""	""	""	""	"specs/FOUNDATIONAL-CODE-REVIEW.md"
"CsdLean4/Empirical/QM/Gates/MultiQubit.lean"	"empirical"	"101"	"6968e182083899d83c7fe635026c8bf1e6c62b50"	"c21842b1971bdfea42eb49cba004fb738cfc72c432d5405fe0832695588a6648"	"historical"	""	""	""	""	""	""	""	""	""	""	""	""	"specs/FOUNDATIONAL-CODE-REVIEW.md"
"CsdLean4/Empirical/QM/Gates/SingleQubit.lean"	"empirical"	"157"	"6e061dbe3c4b5435059d88a15eed636d6fcc81e2"	"a9c207958d71fb1b2fef256938388a107ed84b18542d997bfadc43fe181ea310"	"historical"	""	""	""	""	""	""	""	""	""	""	""	""	"specs/FOUNDATIONAL-CODE-REVIEW.md"
"CsdLean4/Empirical/QM/Gates/TwoQubit.lean"	"empirical"	"122"	"0194ec94e176eec7252b7fac3f9f706cd21f658d"	"57ba01a63f2fbffe3d45006899b40581c1b23684ab698b64b2b49ecc89bbfe65"	"historical"	""	""	""	""	""	""	""	""	""	""	""	""	"specs/FOUNDATIONAL-CODE-REVIEW.md"
"CsdLean4/Empirical/QM/Hardy.lean"	"empirical"	"540"	"8527a5feae5fb584740406c7f71bc1311c5d4190"	"c57c96b63afc4ff48cc8df1bf2f72502f3dd34d425b884f38e4da37f50dee7a7"	"historical"	""	""	""	""	""	""	""	""	""	""	""	""	"specs/FOUNDATIONAL-CODE-REVIEW.md"
"CsdLean4/Empirical/QM/HongOuMandel.lean"	"empirical"	"231"	"2cf6e6fb6a04862651f5ea4f4ed55d59f56a9773"	"d84f5e69e4bd947157609f945d6f9b600815d006721d820db6b6c41b61d431af"	"historical"	""	""	""	""	""	""	""	""	""	""	""	""	"specs/FOUNDATIONAL-CODE-REVIEW.md"
"CsdLean4/Empirical/QM/KCBS.lean"	"empirical"	"208"	"6a25d6f8284038cffb4bbe2290cd8c58574d654c"	"735e4b4aff06ef2ab1b6c8ad4557a3eeadf83d9b2a171bef5a0a7204d3079617"	"historical"	""	""	""	""	""	""	""	""	""	""	""	""	"specs/FOUNDATIONAL-CODE-REVIEW.md"
"CsdLean4/Empirical/QM/LeggettGarg.lean"	"empirical"	"162"	"83cf0865f339a6ffd75b94df2e6b4e953e0ac45e"	"e7751b9f78b37b40b54038c8c364f625f985a45d78bdadab7687d729f2c7a169"	"historical"	""	""	""	""	""	""	""	""	""	""	""	""	"specs/FOUNDATIONAL-CODE-REVIEW.md"
"CsdLean4/Empirical/QM/Malus.lean"	"empirical"	"109"	"ba02fa2abb834db1b14dc412120af90a16f7b151"	"d3c891a99d675f5d9dec87ad3f63e7af659bed31fab83bc102cffc75661233ae"	"historical"	""	""	""	""	""	""	""	""	""	""	""	""	"specs/FOUNDATIONAL-CODE-REVIEW.md"
"CsdLean4/Empirical/QM/MeasurementAdder.lean"	"empirical"	"243"	"3b61b1c6f4f286cff8a3a102319223e76fd41a38"	"9bd925017890600d2fe69bc3e8ac0427549fcb643b9d3433be315cc253aef7f6"	"historical"	""	""	""	""	""	""	""	""	""	""	""	""	"specs/FOUNDATIONAL-CODE-REVIEW.md"
"CsdLean4/Empirical/QM/MeasurementAdderHierarchy.lean"	"empirical"	"74"	"a95e442cbb65a2d9656e84cd76f7c44e3ff5435c"	"bf7ade86f0814375d389c3b6a6830840f153e69982e2e0b0e843958de0e30c36"	"historical"	""	""	""	""	""	""	""	""	""	""	""	""	"specs/FOUNDATIONAL-CODE-REVIEW.md"
"CsdLean4/Empirical/QM/MeasurementAdderHybrid.lean"	"empirical"	"323"	"f402600c8030e3a66949903d01f18315657d1d51"	"3d94517f119bcdaa9580b81d43157b3832956faf0d2e1562719581d63906b78b"	"unreviewed"	""	""	""	""	""	""	""	""	""	""	""	""	""
"CsdLean4/Empirical/QM/MeasurementGidneyAdder.lean"	"empirical"	"168"	"3166a16fe9aa8abd1827609e040dbc7002605859"	"d07bb9ff536916e536d62109ba305536900176a0070517ad5279af54e207ea38"	"historical"	""	""	""	""	""	""	""	""	""	""	""	""	"specs/FOUNDATIONAL-CODE-REVIEW.md"
"CsdLean4/Empirical/QM/MeasurementGidneyAdderHybrid.lean"	"empirical"	"403"	"01b442c9fc8765c3e3d099727f22ab75299a8e48"	"4275ace6b9cee4d0941a6da91988e0a472f19d27f46d5c63dcd1662f6364bc32"	"unreviewed"	""	""	""	""	""	""	""	""	""	""	""	""	""
"CsdLean4/Empirical/QM/MeasurementUncompute.lean"	"empirical"	"395"	"b2292e19bd4679f66480113b99668b7fce684c34"	"130ca51dc9ae8bf3433d7ba036a795d1771320f790591dfcd33d809e4cc50fd5"	"historical"	""	""	""	""	""	""	""	""	""	""	""	""	"specs/FOUNDATIONAL-CODE-REVIEW.md"
"CsdLean4/Empirical/QM/MeasurementUncomputeLift.lean"	"empirical"	"205"	"4fae883860c93543936a1776e188e92a22329dda"	"f179af2e945212f86df98a1e8cc60706a6bd28dd531ef4e705e6c063e13b1fd1"	"historical"	""	""	""	""	""	""	""	""	""	""	""	""	"specs/FOUNDATIONAL-CODE-REVIEW.md"
"CsdLean4/Empirical/QM/Multipartite/GHZ.lean"	"empirical"	"337"	"c629245faf5b4c48154f1ec0c288e634a0192556"	"805c99ff1bc81d802be66585c60ba58e5f225011af49ecc8f8e74f006c967c34"	"historical"	""	""	""	""	""	""	""	""	""	""	""	""	"specs/FOUNDATIONAL-CODE-REVIEW.md"
"CsdLean4/Empirical/QM/NoBroadcasting.lean"	"empirical"	"160"	"fa171e0747f30fb25659b66604d7f579d3e2790b"	"d1d6e1b00a3930db4b84ab79fdbc2fedf78c190fbef9b57b0120bc62e4e66cdf"	"historical"	""	""	""	""	""	""	""	""	""	""	""	""	"specs/FOUNDATIONAL-CODE-REVIEW.md"
"CsdLean4/Empirical/QM/NoCloning.lean"	"empirical"	"170"	"f941053dcc3d5f56dcaaec730043060904a1ae4f"	"2b861577353c256398393205a7b758c26ee87eeca70c3213d5e82bbc263df5f2"	"historical"	""	""	""	""	""	""	""	""	""	""	""	""	"specs/FOUNDATIONAL-CODE-REVIEW.md"
"CsdLean4/Empirical/QM/NoCommunication.lean"	"empirical"	"180"	"c55a14eec758172c3a71b29f499ef14b8ad63b13"	"ee6c08246db01d5be8c35303ef04f063eea55b1c204990c18623b60e069b1d40"	"historical"	""	""	""	""	""	""	""	""	""	""	""	""	"specs/FOUNDATIONAL-CODE-REVIEW.md"
"CsdLean4/Empirical/QM/NoDeleting.lean"	"empirical"	"161"	"5807e303897e647f658a1415a3ac03657059e4cc"	"58afd2178dbf9eda17ab72ea20ff6a4c8a4df9c4b0c55c4850b9c7c6ca656b07"	"historical"	""	""	""	""	""	""	""	""	""	""	""	""	"specs/FOUNDATIONAL-CODE-REVIEW.md"
"CsdLean4/Empirical/QM/Ozawa.lean"	"empirical"	"339"	"93853c9762119e0f05bac3043ec8a9eb4af29ff9"	"350ef7d9fe70f72ea5637bad8e35ff8c288660d6d70e82ca0f5c677a17693853"	"unreviewed"	""	""	""	""	""	""	""	""	""	""	""	""	""
"CsdLean4/Empirical/QM/Protocols/Basic.lean"	"empirical"	"109"	"494a1ed9891b72976db00505d2e64dd68acbb54d"	"e94fcf8c67b72da23537c61c51f24692942453ac1a4aca0a9908a15f6582c06e"	"historical"	""	""	""	""	""	""	""	""	""	""	""	""	"specs/FOUNDATIONAL-CODE-REVIEW.md"
"CsdLean4/Empirical/QM/QEC/BitFlipChannel.lean"	"empirical"	"81"	"60eeb9fa042df538d5c64abc8961394b8d8db28e"	"f6bc09e8931d428b26d366bb2f481ad3bc12feedd6915f7029e0ec65c54c83fd"	"historical"	""	""	""	""	""	""	""	""	""	""	""	""	"specs/FOUNDATIONAL-CODE-REVIEW.md"
"CsdLean4/Empirical/QM/QEC/BitFlipDilation.lean"	"empirical"	"116"	"411133e1f4dde29aa135a12b9b24ad5b2be72324"	"0aaf045d79d968f32200f4b501aa5fdca8cb6483a6473484e40cf3bfae7f6a34"	"unreviewed"	""	""	""	""	""	""	""	""	""	""	""	""	""
"CsdLean4/Empirical/QM/QEC/ControlledDilation.lean"	"empirical"	"190"	"1728bd95349c6dbf0d5952a850c28ece99c4c16b"	"4536afdc67a86f39e8bc00188824045e6fb56dbb72ddb29285ae1bd126f2d37c"	"unreviewed"	""	""	""	""	""	""	""	""	""	""	""	""	""
"CsdLean4/Empirical/QM/QEC/ErrorDiscretization.lean"	"empirical"	"212"	"04d20c7505ae40604fbd06fcbb33181e34543ae8"	"ab25571a59058f4599319fa886852f1b22488e99a9173fbb44266dd8da6e29b1"	"historical"	""	""	""	""	""	""	""	""	""	""	""	""	"specs/FOUNDATIONAL-CODE-REVIEW.md"
"CsdLean4/Empirical/QM/QEC/IndependentNoise.lean"	"empirical"	"260"	"4a4e5fb3c4e2ee5a5e9c6011c76dbad17e2b280d"	"998bfbac190e91f7e5c69ef2712ac8be434b04ab9bc8fd75e8603a1400dfdaf1"	"unreviewed"	""	""	""	""	""	""	""	""	""	""	""	""	""
"CsdLean4/Empirical/QM/QEC/PhaseFlip.lean"	"empirical"	"235"	"1078ae65720583cb83c8797dc3ba09b36bdfbc6a"	"54650aa6293ef408957f30f1fc00e563095960c163d5a06f81386f5e8433dca5"	"historical"	""	""	""	""	""	""	""	""	""	""	""	""	"specs/FOUNDATIONAL-CODE-REVIEW.md"
"CsdLean4/Empirical/QM/QEC/RegisterDilation.lean"	"empirical"	"150"	"b5688d644e6a1d78bfd545bffc151fb4386895ac"	"41cbc098393b15387829520a7c67d07211a4f3cf95775a0ac47e18d2adab52ca"	"unreviewed"	""	""	""	""	""	""	""	""	""	""	""	""	""
"CsdLean4/Empirical/QM/QEC/ShorNine.lean"	"empirical"	"583"	"df7cdabd216e3c60582ea766aa6a6db82b06e4dd"	"318aa25d93b374fd83c7cfbd4bbcaec37bee7d1c13f579edf2a7c512522f1623"	"unreviewed"	""	""	""	""	""	""	""	""	""	""	""	""	""
"CsdLean4/Empirical/QM/QEC/Steane.lean"	"empirical"	"380"	"8fc671fa185bc6158c0ec2958732a2dfcb5a061f"	"173b1f442fb76aadd8f90bc2329dda7e61e16fb8a0186def1c1026d68c79dd66"	"unreviewed"	""	""	""	""	""	""	""	""	""	""	""	""	""
"CsdLean4/Empirical/QM/QEC/SteaneArbitrary.lean"	"empirical"	"291"	"044b2c0e25bf9d795f02f0479c90aec1e18193b4"	"0580e8d1835fa6499733d21b45f2500a435644696b9b4feb2913ce02d2d9154d"	"unreviewed"	""	""	""	""	""	""	""	""	""	""	""	""	""
"CsdLean4/Empirical/QM/QEC/SteaneConcat.lean"	"empirical"	"464"	"bdf7fa67b97889122e3c976ff1a0f5d2a45a4599"	"5da06d4b933092513bec9bd89a3184e49e3a3343325b857c7faf676670316a24"	"unreviewed"	""	""	""	""	""	""	""	""	""	""	""	""	""
"CsdLean4/Empirical/QM/QEC/SteaneEncoder.lean"	"empirical"	"250"	"2e5c277216f8c5b9a616ccbfefb6e2284d2f916c"	"975ea496e7815cc26adfa3525b01a8c01cbbc2fb309cceda34aca738bfe1b2ca"	"unreviewed"	""	""	""	""	""	""	""	""	""	""	""	""	""
"CsdLean4/Empirical/QM/QEC/SteaneFaultyGate.lean"	"empirical"	"381"	"ff9dfd4832981262d37b99999d3e53ab0a137845"	"fcbee8822edb029a06d6603515ca78c093eb34492bb5597a6216f28fff0716b5"	"unreviewed"	""	""	""	""	""	""	""	""	""	""	""	""	""
"CsdLean4/Empirical/QM/QEC/SteaneRecovery.lean"	"empirical"	"213"	"14d6757fccf672ca1fba4a54d7a73b3c47e8a656"	"8832d5508230c4b14aa0f02ca3c414fbea53829f062e67bf1147dc0d7f07372f"	"unreviewed"	""	""	""	""	""	""	""	""	""	""	""	""	""
"CsdLean4/Empirical/QM/QEC/SteaneThreshold.lean"	"empirical"	"196"	"771b3b7d615342ebfd4a7393ae6d25e4e9ca03bf"	"4a25889c6bb732b202f13b2f550f8e60351bf0ec7f4ffb8a842554326de102b1"	"unreviewed"	""	""	""	""	""	""	""	""	""	""	""	""	""
"CsdLean4/Empirical/QM/QEC/SteaneTransversalCNOT.lean"	"empirical"	"378"	"409b5381afbfad4e695bc31baab0ce6d1236bd43"	"b6e35d3937420308d2e515d90a5d5cb41f669fb4238ae56c3f8c2148f035193b"	"unreviewed"	""	""	""	""	""	""	""	""	""	""	""	""	""
"CsdLean4/Empirical/QM/QEC/SyndromeCollapse.lean"	"empirical"	"258"	"a59e16b513a6f045f2a2cdf7ac69dead84e710e6"	"57cad06a23e0d690ab1eb225d0e1423139ff9649590f3ca0894aa4bf19fde7ef"	"historical"	""	""	""	""	""	""	""	""	""	""	""	""	"specs/FOUNDATIONAL-CODE-REVIEW.md"
"CsdLean4/Empirical/QM/QEC/SyndromeRecovery.lean"	"empirical"	"318"	"4912dde1a065ee6d4079b354830f46c38e13156f"	"d67176c0147c474685900aad9bc544cad369c97466354aa2fe6225edf242e2b2"	"unreviewed"	""	""	""	""	""	""	""	""	""	""	""	""	""
"CsdLean4/Empirical/QM/QEC/ThreeQubit.lean"	"empirical"	"309"	"906e2e3b6b2443a18659163be08033d7f7b3c33f"	"dea712cd36e6fe62bdcaa6b2ac1980390cb9b285fdf5128fe3992ab3fcd2c8a6"	"historical"	""	""	""	""	""	""	""	""	""	""	""	""	"specs/FOUNDATIONAL-CODE-REVIEW.md"
"CsdLean4/Empirical/QM/QuantitativeWAY.lean"	"empirical"	"150"	"70ae5f3371d158b2335871cb4c5ceb0e6ec50d69"	"7e478d606bb5dc39576656a11611e07643de368f21914d2e6cbce602ab704414"	"unreviewed"	""	""	""	""	""	""	""	""	""	""	""	""	""
"CsdLean4/Empirical/QM/QuantumEraser.lean"	"empirical"	"114"	"bd2b93b479220ef31a46e4dd7a6972292deacbd6"	"d329470bd1e6c334b7e3d2e08f28ecbc7c375a719fefa026ec0fc5f55d24a5ed"	"historical"	""	""	""	""	""	""	""	""	""	""	""	""	"specs/FOUNDATIONAL-CODE-REVIEW.md"
"CsdLean4/Empirical/QM/Resources/SuperdenseCoding.lean"	"empirical"	"213"	"d801328502ce05a17ab8a3c1672651d751b6afdf"	"4b61a8431ee2c80db91aa55eb2c2a7af711cdc5314df3f3c329e9f2e5820a495"	"historical"	""	""	""	""	""	""	""	""	""	""	""	""	"specs/FOUNDATIONAL-CODE-REVIEW.md"
"CsdLean4/Empirical/QM/Resources/Teleportation.lean"	"empirical"	"244"	"5492757aadc60ac1af51d52e281b26f6d13a891d"	"5bfafea12529a4231c657516b920c8cb2c9b870fd5aba39c30d53a8e236865fb"	"historical"	""	""	""	""	""	""	""	""	""	""	""	""	"specs/FOUNDATIONAL-CODE-REVIEW.md"
"CsdLean4/Empirical/QM/SternGerlach.lean"	"empirical"	"176"	"b1154a856588c45a0937baecc8c3cb822d6ed59c"	"512911e6e3fe040bfc258235e66fb8957172a6488aafa1f175b17054e3b3286a"	"historical"	""	""	""	""	""	""	""	""	""	""	""	""	"specs/FOUNDATIONAL-CODE-REVIEW.md"
"CsdLean4/Empirical/QM/USD.lean"	"empirical"	"255"	"6e7f4d60f90c2db4e0e371ee417bf8b119519de9"	"70cd880bf89f0536b0cf8141f595e243d4990257ec37959d78b4f7625f4d8b8c"	"historical"	""	""	""	""	""	""	""	""	""	""	""	""	"specs/FOUNDATIONAL-CODE-REVIEW.md"
"CsdLean4/Empirical/QM/Uncertainty.lean"	"empirical"	"150"	"44d9f6b8e07b8aef8ca5fea1355678860392ae83"	"ebdd20c42be9eb3bf9075d3b9dcef8e98ba9b28daa088ffb11b2f4b131be686f"	"historical"	""	""	""	""	""	""	""	""	""	""	""	""	"specs/FOUNDATIONAL-CODE-REVIEW.md"
"CsdLean4/Empirical/QM/WignerArakiYanase.lean"	"empirical"	"546"	"82bb0b2053a2b17d43b75a728cfce40c42caa24f"	"90c2fb9d5e4480f71aa2bd5b030c84876112e3cac30107a6b001c565bd3ae78f"	"unreviewed"	""	""	""	""	""	""	""	""	""	""	""	""	""
"CsdLean4/Headlines.lean"	"tests-facades"	"283"	"15bf74d07f5eaf7ac4117fc9eb793b6f16ddb005"	"9e5fdd0000900cfdec5a6a2a1654abc146833e261b701d00805a074820c32207"	"unreviewed"	""	""	""	""	""	""	""	""	""	""	""	""	""
"CsdLean4/Incubator/QuantumChaos/Diagnostics.lean"	"record-dynamics-other"	"85"	"4c5ef7dded295a40de316ee377e9f20ae4f82116"	"abc6cc1d7494bbd69b0ccb7c78486112d3707559efb57523d15d4757366c5bf2"	"unreviewed"	""	""	""	""	""	""	""	""	""	""	""	""	""
"CsdLean4/Incubator/QuantumChaos/EchoBound.lean"	"record-dynamics-other"	"143"	"656f9dcc9fcdebb8d4873af21a5d8518d2b38fe0"	"9dd38f5692cd5088b62c08d45ca0dbfa1389087f3890243f2fa5f59cf23df89d"	"unreviewed"	""	""	""	""	""	""	""	""	""	""	""	""	""
"CsdLean4/Incubator/QuantumChaos/FloquetInterface.lean"	"record-dynamics-other"	"220"	"e1ef3164a6aa6e3f122daa566d9067d6a5bccdf3"	"ddc93b6d438a2f878ad1a97e71973387e994c0e31f293f58495037a440fa7f80"	"unreviewed"	""	""	""	""	""	""	""	""	""	""	""	""	""
"CsdLean4/Incubator/QuantumChaos/KickedIsingPilot.lean"	"record-dynamics-other"	"245"	"1cae581506c331bf3b47b7796a30fe2307aa3a31"	"e69abcda709f9966ad9ff43e185478f251a6114a0ac083418d19a66e9f59d141"	"unreviewed"	""	""	""	""	""	""	""	""	""	""	""	""	""
"CsdLean4/Incubator/QuantumChaos/Otoc.lean"	"record-dynamics-other"	"100"	"669f64ccb850b447597be23d96a5b190a4457933"	"478644750426cd9019031c374a8d551726dfad33248233f5b958340f87b3d55c"	"unreviewed"	""	""	""	""	""	""	""	""	""	""	""	""	""
"CsdLean4/Incubator/QuantumChaos/SpectralFormFactor.lean"	"record-dynamics-other"	"115"	"7ed7ddf8d9b3745b095c62c1702e3c979dd35043"	"c093d63f8f04b5fb03091066ee26717c79797018d84c746071be706c54829ae4"	"unreviewed"	""	""	""	""	""	""	""	""	""	""	""	""	""
"CsdLean4/Interop/Physlib/FubiniStudyGeometry.lean"	"record-dynamics-other"	"45"	"215083e3c1b85613b95bbb0661040742d0acbd3b"	"4f24933901e24b304f290c220f005c471982b0dec538a059df2537b6a0f47044"	"unreviewed"	""	""	""	""	""	""	""	""	""	""	""	""	""
"CsdLean4/LF1/Convergence.lean"	"foundations"	"110"	"e720ea5ae8e194280a8c4cf208c76ff7de183e09"	"33a467cce9ee3de4f683c3c5339d036478b07ba4d0ff1fcdff3f24b0ba4957d7"	"stale-dependency"	"full"	"e720ea5ae8e194280a8c4cf208c76ff7de183e09"	"61c5d2f271d0e842db57229e5e5116c52f4fc9782278c64997c5e2a320922948"	"330e8248b17884d21cbbccbd937b12b339026fe3"	"Codex"	"2026-09-17"	"pass"	"pass"	"passed"	"Focused LF1/witness build --wfail; axiom checks; doc/category/reference guards; see report"	"specs/reviews/2026-09-17-lf1-frequency.md"	""	"specs/FOUNDATIONAL-CODE-REVIEW.md"
"CsdLean4/LF1/Expectation.lean"	"foundations"	"93"	"bfff2f4153932d675f6aef132a7f66ddfb99577a"	"fdbb8cd5be835be8d60a53da47a9cf04b8ebc51b2dc9e360276528b19bfdf0c9"	"stale-dependency"	"full"	"bfff2f4153932d675f6aef132a7f66ddfb99577a"	"c13d03d2bffbe1d2afddca2862a8cadb87f55fe04c1e037678534b7b55aad1e2"	"330e8248b17884d21cbbccbd937b12b339026fe3"	"Codex"	"2026-09-17"	"pass"	"pass"	"passed"	"Focused LF1/witness build --wfail; axiom checks; doc/category/reference guards; see report"	"specs/reviews/2026-09-17-lf1-frequency.md"	""	"specs/FOUNDATIONAL-CODE-REVIEW.md"
"CsdLean4/LF1/GeneralFrequency.lean"	"foundations"	"109"	"592f279b7be7f07fe86e119b6db6751259621088"	"78841bbbbce18536ca0047afccca97477f4252396b3c13d2e85444a6220f7711"	"stale-source"	"full"	"b18ad78a2247ccefc2ea97152b93a0eff26438bc"	"eed417797e79c00a5ce9186e7dd42fb2202ceae43ae5db690d94643af7847294"	"330e8248b17884d21cbbccbd937b12b339026fe3"	"Codex"	"2026-09-17"	"pass"	"findings"	"passed"	"Focused LF1/witness build --wfail; axiom checks; doc/category/reference guards; see report"	"specs/reviews/2026-09-17-lf1-frequency.md"	"CR-LF1-004"	"specs/FOUNDATIONAL-CODE-REVIEW.md"
"CsdLean4/LF1/Indicators.lean"	"foundations"	"159"	"e2a139d390272adee0182b4f3c621f41cb7c34c9"	"ec71dbdcc944a9d3dbb0b51cf7e1742143c0c597f71098faf9e7621f04725ca1"	"stale-source"	"full"	"45bd9585e93e0ea4b363bd3f5288bc281ac56bf4"	"0452688f857532d068c47971e04f09f23575e1a3ee3597546d16e39eb5539529"	"330e8248b17884d21cbbccbd937b12b339026fe3"	"Codex"	"2026-09-17"	"findings"	"findings"	"passed"	"Focused LF1/witness build --wfail; axiom checks; doc/category/reference guards; see report"	"specs/reviews/2026-09-17-lf1-foundations.md"	"CR-LF1-001"	"specs/FOUNDATIONAL-CODE-REVIEW.md"
"CsdLean4/LF1/MainTheorem.lean"	"foundations"	"159"	"6e62dc1177ad39eeaf13b7b1262a93b5ca49cb66"	"cc1b2a1d5c47b068ecedbcfe05f9991b7e1648e5846ed31463eef83543d54477"	"stale-source"	"full"	"1030013b3a6ebc932c9761179497acc57dd9cd48"	"6f44d2036c869a38ea885cc1f7d069230400609d096ae166efc0ade1b17fb2ed"	"330e8248b17884d21cbbccbd937b12b339026fe3"	"Codex"	"2026-09-17"	"findings"	"findings"	"passed"	"Focused LF1/witness build --wfail; axiom checks; doc/category/reference guards; see report"	"specs/reviews/2026-09-17-lf1-frequency.md"	"CR-LF1-003"	"specs/FOUNDATIONAL-CODE-REVIEW.md"
"CsdLean4/LF1/Outcomes.lean"	"foundations"	"105"	"4dd2850434ec0948cd8fd6183b035e2bd2684f98"	"c02adcb61e9c0f1affbd976845ad73e003b157b33de595ec51c2476a65c67a26"	"stale-source"	"full"	"fb98bfb95a426a86b6a6dcb0d19688205294d339"	"06adb6503a8f5c45a3bbd2b482d550d56160e9302174d76b0117d8db3c47a45f"	"330e8248b17884d21cbbccbd937b12b339026fe3"	"Codex"	"2026-09-17"	"pass"	"findings"	"passed"	"Focused LF1/witness build --wfail; axiom checks; doc/category/reference guards; see report"	"specs/reviews/2026-09-17-lf1-foundations.md"	"CR-LF1-003"	"specs/FOUNDATIONAL-CODE-REVIEW.md"
"CsdLean4/LF1/Preparation.lean"	"foundations"	"111"	"35b1e9101ea413146f3b319501a571f5fa075c82"	"51aaa7a8d7e68a7359e3b701fc6cdd9c8135be27ddbff5dfeab19d78ab442761"	"stale-dependency"	"full"	"35b1e9101ea413146f3b319501a571f5fa075c82"	"0c5d88c333e754851ae19f26555f75b6752f1a85335ddc77739ecb729c55df22"	"330e8248b17884d21cbbccbd937b12b339026fe3"	"Codex"	"2026-09-17"	"pass"	"pass"	"passed"	"Focused LF1/witness build --wfail; axiom checks; doc/category/reference guards; see report"	"specs/reviews/2026-09-17-lf1-foundations.md"	""	"specs/FOUNDATIONAL-CODE-REVIEW.md"
"CsdLean4/LF1/Setup.lean"	"foundations"	"116"	"705fa3889efe394dfd872f05488350342cecec50"	"67564e235411f3b18b5b2d8f4e6e42f5c4186551eff700c3c92e684b976d6ce3"	"stale-source"	"full"	"2945928a9c3988dacc0e9b47658e1e76c5fc368f"	"933e1540000d176ac92ba2e82c47ef0eda3e9cc37b0e555b29167bbefbd30d1c"	"330e8248b17884d21cbbccbd937b12b339026fe3"	"Codex"	"2026-09-17"	"pass"	"findings"	"passed"	"Focused LF1/witness build --wfail; axiom checks; doc/category/reference guards; see report"	"specs/reviews/2026-09-17-lf1-foundations.md"	"CR-LF1-002"	"specs/FOUNDATIONAL-CODE-REVIEW.md"
"CsdLean4/LF1/Trials.lean"	"foundations"	"114"	"3661eaee77b405c5dca8fe739bd600c093af4733"	"03894296f97151d71ce170cac7d8c88cf3d8fe80f44d61034773d78baad86e3b"	"stale-source"	"full"	"94bc7772fb0a91d84e0fadbf58b130b544967dcf"	"c7965852fcbc0205823dd0fb7dc47d8624924f476095f10db80fd34317460d4a"	"330e8248b17884d21cbbccbd937b12b339026fe3"	"Codex"	"2026-09-17"	"findings"	"findings"	"passed"	"Focused LF1/witness build --wfail; axiom checks; doc/category/reference guards; see report"	"specs/reviews/2026-09-17-lf1-foundations.md"	"CR-LF1-001"	"specs/FOUNDATIONAL-CODE-REVIEW.md"
"CsdLean4/LF2/BornWrapper.lean"	"foundations"	"466"	"38f101c9a196f7efbc8d32f08315e5c5e86bbde5"	"0aa86e9479e7e89ae07991fc29e4c2bfdcdc119668eb4c6aac95442d60477d9f"	"stale-source"	"full"	"c55aa836faa8e75869e92e726df25a6a84e04468"	"432e083d88f408e27e0f5a8373e16dd185f59579f24f65104137965bb00c29db"	"330e8248b17884d21cbbccbd937b12b339026fe3"	"Codex"	"2026-09-21"	"pass"	"findings"	"passed"	"Focused LF2/density/flow/LF3/witness build; eight axiom checks; five recorded boundary/integration examples; document/category/reference/semantic/claims guards. See batch 004."	"specs/reviews/2026-09-21-lf2-phase-density.md"	"CR-LF2-007"	"specs/FOUNDATIONAL-CODE-REVIEW.md"
"CsdLean4/LF2/ChannelBridge.lean"	"foundations"	"107"	"7ae32baa3d19ee3d008c0b05decb3c8a9a9987d0"	"2650a8dc3b471742fc9d44700ed5dd4f1cdad32bd86dd3ce0403e2ea6b99113f"	"unreviewed"	""	""	""	""	""	""	""	""	""	""	""	""	""
"CsdLean4/LF2/ChoiConverse.lean"	"foundations"	"136"	"a8c7309fc119a0b932919086213bf8255e74507b"	"55805b8163ee0b2face01102f9ca5c87ffd2728c8a43846bae38bb4685009828"	"historical"	""	""	""	""	""	""	""	""	""	""	""	""	"specs/FOUNDATIONAL-CODE-REVIEW.md"
"CsdLean4/LF2/EffectAux.lean"	"foundations"	"101"	"8eb2b63ad928dd5ec37b09f89347f8cc5165d076"	"fbaf02bdecd0be2f90d71c795a2bfd835e1facc423abe714482dc4be32ea0a52"	"stale-source"	"full"	"ea4743d840bbdd131f72fdc5f90c0704bb03e6e0"	"b10e07ea5b2b01679bfe99f3792e460b6552bf657d2d2541976d1b590ac55db6"	"9ffcba81f918b092415c80e665a7f693cffddd4c"	"Codex"	"2026-09-24"	"findings"	"findings"	"passed"	"Batch 010: final 4330-job full build; unchanged standard-linter baseline; Gleason-free scan (260 declarations/11 modules); eight further guards; four POVM boundary probes. See report for source-delta and dependency refresh scopes."	"specs/reviews/2026-09-23-effect-helpers-povm.md"	"CR-POVM-001,CR-POVM-003"	"specs/FOUNDATIONAL-CODE-REVIEW.md"
"CsdLean4/LF2/EffectFn.lean"	"foundations"	"235"	"972d5ac22065eabbc154091347fcc7d1e015567c"	"628c6f787294e01878a9018de48d1f6453e7f69448ec3f3139c9fcf30cbc43f5"	"stale-source"	"full"	"1feb3a2d685c9d7405a1005098161794e4a7b8f3"	"70abe9da6aca65e355eca125425507fb9e01ff473c66e06051328837421ff5e0"	"9ffcba81f918b092415c80e665a7f693cffddd4c"	"Codex"	"2026-09-24"	"findings"	"findings"	"passed"	"Batch 010: final 4330-job full build; unchanged standard-linter baseline; Gleason-free scan (260 declarations/11 modules); eight further guards; four POVM boundary probes. See report for source-delta and dependency refresh scopes."	"specs/reviews/2026-09-23-effect-helpers-povm.md"	"CR-LF2-004;CR-LF2-005"	"specs/FOUNDATIONAL-CODE-REVIEW.md;specs/reviews/2026-09-21-lf2-bridge.md;specs/reviews/2026-09-21-lf2-phase-density.md"
"CsdLean4/LF2/EffectGleason.lean"	"foundations"	"1046"	"ae0f781461f1dc8a25f4825f97e439509d926c09"	"c94606a4d5f6e6d5313bccb48a1fcc322f76ec4b8cd4908de8965fa740793d98"	"stale-source"	"full"	"e015700b563510011a844a00a98268988f1e5c6e"	"1e79950dbe9459afa625a5cfbd693f6b13e4936cb49844e1a9401296023cf295"	"7ba739232d72c8c27cee91d86e4001c415c310d7"	"Codex"	"2026-09-23"	"findings"	"findings"	"passed"	"Batch 009: full library/tests build (4330 jobs), two Lean examples, axiom pins, strengthened Gleason guard (260 declarations/11 modules), eight other guards passed. See report for scope and additive-dependency refresh."	"specs/reviews/2026-09-23-gleason-busch.md"	"CR-GLEASON-001,CR-GLEASON-003"	"specs/FOUNDATIONAL-CODE-REVIEW.md"
"CsdLean4/LF2/FlowChannel.lean"	"foundations"	"630"	"2088a26d35e45bf16f8408e11a354643d3e14268"	"e5aee199a8060cfa9970fdcf02b843d5f9ca5db1ad7ec59b3bfcb3b3d9e1b692"	"stale-source"	"full"	"653f88141d8e4a601fa44cec5eb2f6482faae37e"	"2229508b08d39bf409b5684ff6a4fe734adf8cfe52124c6d62655cde8d1eefab"	"9ffcba81f918b092415c80e665a7f693cffddd4c"	"Codex"	"2026-09-24"	"findings"	"findings"	"passed"	"Batch 010: final 4330-job full build; unchanged standard-linter baseline; Gleason-free scan (260 declarations/11 modules); eight further guards; four POVM boundary probes. See report for source-delta and dependency refresh scopes."	"specs/reviews/2026-09-23-effect-helpers-povm.md"	"CR-LF2-006,CR-LF2-010"	"specs/reviews/2026-09-22-lf3-singlet-flow.md;specs/reviews/2026-09-22-circle-totality-flow-effects.md;specs/reviews/2026-09-23-gleason-busch.md"
"CsdLean4/LF2/Interface.lean"	"foundations"	"199"	"c8b83db5bfa49a69f87a81226bcae3af32195ccd"	"47f1d3bfe1143eff876469fa0582b6d8aa02d99977f5b3a5ece6d9fce85417aa"	"stale-source"	"full"	"0ed8ea6b473a52cc16cbb63641bd80eb59715f3c"	"628c9751408e96db5d79b3dd4c4506d548ca77f5533d0332ec285698b49033c9"	"9ffcba81f918b092415c80e665a7f693cffddd4c"	"Codex"	"2026-09-24"	"findings"	"findings"	"passed"	"Batch 010: final 4330-job full build; unchanged standard-linter baseline; Gleason-free scan (260 declarations/11 modules); eight further guards; four POVM boundary probes. See report for source-delta and dependency refresh scopes."	"specs/reviews/2026-09-23-effect-helpers-povm.md"	"CR-LF2-001;CR-LF2-004;CR-LF2-006"	"specs/FOUNDATIONAL-CODE-REVIEW.md;specs/reviews/2026-09-21-lf2-bridge.md;specs/reviews/2026-09-21-lf2-phase-density.md"
"CsdLean4/LF2/MeasureBridge.lean"	"foundations"	"97"	"91691f7eafea9cc6188732c735ee18eb03cca430"	"f080b28154328baa61698c3bd950d65f8edcd9259b90d413c29e0baf8e4f21c6"	"stale-source"	"full"	"2747d73b1fc6a288f76888bee9d77c38a70076bf"	"01962a3c6c0bac20f609f8575dc87eab12812a2a7ae73b872ea34dfb3a9707e3"	"330e8248b17884d21cbbccbd937b12b339026fe3"	"Codex"	"2026-09-21"	"pass"	"findings"	"passed"	"Focused LF2/LF3/bridge-witness build; seven axiom probes; two API integration examples; document, category, reference, semantic and claims guards. See batch 003."	"specs/reviews/2026-09-21-lf2-bridge.md"	"CR-LF2-004"	"specs/FOUNDATIONAL-CODE-REVIEW.md"
"CsdLean4/LF2/MixedEnsembleIx.lean"	"foundations"	"145"	"1e4153780e6e42a2ab85cf8157e42b8deef49b72"	"000d87d6c0898bb9e6d64ccf1727492aeda01826a77e89c729a37ed59c461699"	"historical"	""	""	""	""	""	""	""	""	""	""	""	""	"specs/FOUNDATIONAL-CODE-REVIEW.md"
"CsdLean4/LF2/POVM.lean"	"foundations"	"101"	"f243bc6d8273150eb7992ac0fa3c4cff3b7d08f7"	"44f1977ca26cdce3b462562bae0b61bd640be5e6b9ee0f9b87527aafc132fcc0"	"stale-source"	"full"	"17c9f1abce5810a38e6fb3e6a685f00117c22f80"	"b4fa98fb2a1f4422e5fb5aa135b614f1b52fe3aba7c25fc62234e315d78dc55c"	"9ffcba81f918b092415c80e665a7f693cffddd4c"	"Codex"	"2026-09-24"	"findings"	"findings"	"passed"	"Batch 010: final 4330-job full build; unchanged standard-linter baseline; Gleason-free scan (260 declarations/11 modules); eight further guards; four POVM boundary probes. See report for source-delta and dependency refresh scopes."	"specs/reviews/2026-09-23-effect-helpers-povm.md"	"CR-POVM-002"	"specs/FOUNDATIONAL-CODE-REVIEW.md"
"CsdLean4/LF2/PhaseInvariance.lean"	"foundations"	"88"	"ee4aed099b9d2082cfd5d3d6d3840d70ec70c83e"	"b1987d10704a069fad22b37b75330bdf483d5184e33205a81512c4550ba93d58"	"stale-source"	"full"	"03455fa630293ec59b94ef9e809595bb99b2d799"	"a39e239cdca34a78ba4feb902a8707ead4adbc21a323c11038ab498003842a56"	"9ffcba81f918b092415c80e665a7f693cffddd4c"	"Codex"	"2026-09-24"	"findings"	"findings"	"passed"	"Batch 010: final 4330-job full build; unchanged standard-linter baseline; Gleason-free scan (260 declarations/11 modules); eight further guards; four POVM boundary probes. See report for source-delta and dependency refresh scopes."	"specs/reviews/2026-09-23-effect-helpers-povm.md"	"CR-LF2-005,CR-POVM-003"	"specs/FOUNDATIONAL-CODE-REVIEW.md;specs/reviews/2026-09-21-lf2-phase-density.md"
"CsdLean4/LF2/Preparation.lean"	"foundations"	"447"	"800cea7ceb14ea83ffd17b62fe5868d1d7effbbb"	"224054fc8d5980609726a78fa562bef183f0f7fc81f8e49832bdc687f39af3ac"	"stale-source"	"full"	"1a1675033636b3097e7a08df1d056a48bcccc759"	"e34020bec74097e492c2e8183f7c9336579e408d016119f0c1d1997b09564c4a"	"9ffcba81f918b092415c80e665a7f693cffddd4c"	"Codex"	"2026-09-24"	"findings"	"findings"	"passed"	"Batch 010: final 4330-job full build; unchanged standard-linter baseline; Gleason-free scan (260 declarations/11 modules); eight further guards; four POVM boundary probes. See report for source-delta and dependency refresh scopes."	"specs/reviews/2026-09-23-effect-helpers-povm.md"	"CR-LF2-002;CR-LF2-004;CR-LF2-005"	"specs/FOUNDATIONAL-CODE-REVIEW.md;specs/reviews/2026-09-21-lf2-bridge.md;specs/reviews/2026-09-21-lf2-phase-density.md;specs/reviews/2026-09-23-gleason-busch.md"
"CsdLean4/LF2/PreparationBarycenter.lean"	"foundations"	"304"	"f74b2365772b34b508913c6626ca63f9452023d8"	"4db02b00cb99dae6b4eb65011d99157d7902b9de4740bea6ff2efa15f524714b"	"stale-source"	"full"	"7a7af315bf0e13d9b3c1465902cc6bb8ccb12dd9"	"5f89f00e8ea1e030e5312b77e55586ddb1a5b05d196df58db1e880e6bc72960e"	"9ffcba81f918b092415c80e665a7f693cffddd4c"	"Codex"	"2026-09-24"	"findings"	"findings"	"passed"	"Batch 010: final 4330-job full build; unchanged standard-linter baseline; Gleason-free scan (260 declarations/11 modules); eight further guards; four POVM boundary probes. See report for source-delta and dependency refresh scopes."	"specs/reviews/2026-09-23-effect-helpers-povm.md"	"CR-LF2-005;CR-LF2-009,CR-POVM-003"	"specs/reviews/2026-09-21-lf2-phase-density.md;specs/reviews/2026-09-23-gleason-busch.md"
"CsdLean4/LF2/PreparationCoarseGraining.lean"	"foundations"	"143"	"1ca89b9a396461652d908d36a35115c405b92d3a"	"80a517d3fa38d1f1d30fabe57e2d6575116bdf440ca256e81aefcc0c381d88b1"	"unreviewed"	""	""	""	""	""	""	""	""	""	""	""	""	""
"CsdLean4/LF2/PreparationPurity.lean"	"foundations"	"220"	"81d2d82f6af2065492af7c5b9994882f3f333815"	"a58c8cf481e2c551e427ea425ec62a65ae4df9bf4ff7b161e2d6c49e6c97b80a"	"unreviewed"	""	""	""	""	""	""	""	""	""	""	""	""	""
"CsdLean4/LF2/PreparationQdensity.lean"	"foundations"	"161"	"c21a012b0316b0fa09c207016260dede0c883f42"	"fba26dc609662443ca6e17ee34802e09e672585b77ce18e448ca37e5365e1a2c"	"stale-source"	"full"	"10ed4d81ea7911e89bc99154b6ceaa668f7df086"	"78ba7a56256ec526ef7ee4ce93f610c7a338a6bf9f2d4e4e8090e70b3f131407"	"9ffcba81f918b092415c80e665a7f693cffddd4c"	"Codex"	"2026-09-24"	"pass"	"findings"	"passed"	"Batch 010: final 4330-job full build; unchanged standard-linter baseline; Gleason-free scan (260 declarations/11 modules); eight further guards; four POVM boundary probes. See report for source-delta and dependency refresh scopes."	"specs/reviews/2026-09-23-effect-helpers-povm.md"	"CR-LF2-009"	"specs/reviews/2026-09-21-lf2-phase-density.md;specs/reviews/2026-09-23-gleason-busch.md"
"CsdLean4/LF2/QuantumChannel.lean"	"foundations"	"192"	"d4ea8540f78d0ab80d71f5c5e8d3b78597cd6a18"	"60b3f92c45dcd64b13dbfa87c668714067fe955adf14a260605e03b678d4a586"	"historical"	""	""	""	""	""	""	""	""	""	""	""	""	"specs/FOUNDATIONAL-CODE-REVIEW.md"
"CsdLean4/LF2/ReducedDensity.lean"	"foundations"	"94"	"f286cdc7d3cab05592509581d61284e504a1d57c"	"af7f9515a1b9070e9c94435a46eb0a25f7481dab149c2c5e177aec059d22077e"	"historical"	""	""	""	""	""	""	""	""	""	""	""	""	"specs/FOUNDATIONAL-CODE-REVIEW.md"
"CsdLean4/LF2/Setup.lean"	"foundations"	"116"	"e86455ee047bf87d6700981f822f4137ad5c23e1"	"ea5ed5cc76a62921d7ba1f4239bab03e8d9d9047d0290379f998453224d1cece"	"stale-source"	"full"	"964f960eb7dc970cb2e15a178f1163faae7b39c6"	"bfc697af01409f7338d8aa0ddbeaf67280251be3888a3278d47a2cb508865aa1"	"330e8248b17884d21cbbccbd937b12b339026fe3"	"Codex"	"2026-09-21"	"findings"	"findings"	"passed"	"Focused LF2/LF3/bridge-witness build; seven axiom probes; two API integration examples; document, category, reference, semantic and claims guards. See batch 003."	"specs/reviews/2026-09-21-lf2-bridge.md"	"CR-LF2-003"	"specs/FOUNDATIONAL-CODE-REVIEW.md"
"CsdLean4/LF2/Weights.lean"	"foundations"	"119"	"f31e84350f21bb6692f163467528972409914435"	"42d6cd42572792981f9e43fccbd374014b2ccde579e29dc5128cab3319d1f12b"	"stale-source"	"full"	"21a01ba99fd16565a0247c13bff2f77f1c93d3fa"	"83e68793ba2c08fa10c503763b1cdf4e4b0e27dc3438e5f50b0b3dd93d2083d5"	"9ffcba81f918b092415c80e665a7f693cffddd4c"	"Codex"	"2026-09-24"	"findings"	"findings"	"passed"	"Batch 010: final 4330-job full build; unchanged standard-linter baseline; Gleason-free scan (260 declarations/11 modules); eight further guards; four POVM boundary probes. See report for source-delta and dependency refresh scopes."	"specs/reviews/2026-09-23-effect-helpers-povm.md"	"CR-LF2-008,CR-POVM-003"	"specs/FOUNDATIONAL-CODE-REVIEW.md;specs/reviews/2026-09-21-lf2-phase-density.md"
"CsdLean4/LF3/ContextMap.lean"	"foundations"	"112"	"790b9c0bfb5139d09734b5b12ad264096dc6f7b1"	"8ddd3ab461573a9345487d96f6a37389a1e2f16f9ab71cb96bae32c0de5a0fbd"	"historical"	""	""	""	""	""	""	""	""	""	""	""	""	"specs/FOUNDATIONAL-CODE-REVIEW.md"
"CsdLean4/LF3/Hamiltonian.lean"	"foundations"	"151"	"de3418ff20cce4f0016b5bc1c93b4dc0e9988c08"	"01fab66e995a8df64be4c69a71e7ddd4ae7cdff2b5786473df06a07c2d047a0c"	"historical"	""	""	""	""	""	""	""	""	""	""	""	""	"specs/FOUNDATIONAL-CODE-REVIEW.md"
"CsdLean4/LF3/Interface.lean"	"foundations"	"481"	"5cfedc8bc3693086a5ab4e43b2e3512979eb490c"	"5f93e41a32e3e6c12a28fec9148823f8b91e66cae29f1e4c8efc3cc991d84b87"	"stale-source"	"full"	"f64512f35e16cf1444f4e221ac82b8763d74e937"	"1594186ba2e1f90f721e170c6b9f9127d5f0ca15fcc57e3805792b999d9dd102"	"9ffcba81f918b092415c80e665a7f693cffddd4c"	"Codex"	"2026-09-24"	"pass"	"findings"	"passed"	"Batch 010: final 4330-job full build; unchanged standard-linter baseline; Gleason-free scan (260 declarations/11 modules); eight further guards; four POVM boundary probes. See report for source-delta and dependency refresh scopes."	"specs/reviews/2026-09-23-effect-helpers-povm.md"	"CR-LF2-006,CR-LF3-001,CR-LF3-003"	"specs/FOUNDATIONAL-CODE-REVIEW.md;specs/reviews/2026-09-22-lf3-singlet-flow.md;specs/reviews/2026-09-23-gleason-busch.md"
"CsdLean4/LF3/OperationalNoSignalling.lean"	"foundations"	"111"	"2128b6583d6ded93423725d6af9ae75b96d7dda9"	"6d54fd6c056a5ab258f24e98ae72e8ab4470216d8d2c26bcc1b0319773e92667"	"unreviewed"	""	""	""	""	""	""	""	""	""	""	""	""	""
"CsdLean4/LF3/PointerWitness.lean"	"foundations"	"117"	"bad360844c56e9574e40b9e6ec9e933befb2b90b"	"417edaf3f9927cc51a944fecfde083e6daf41bce2132454f0554736f0cd4a9d8"	"unreviewed"	""	""	""	""	""	""	""	""	""	""	""	""	""
"CsdLean4/LF3/Projectors/Core.lean"	"foundations"	"113"	"1a48bbcbbcf8e4d40cee84fc412122a848f14fb3"	"493bc040e4dd723b692699e4c68fbe2062109674ded9c1bf93db5b922a223d3c"	"historical"	""	""	""	""	""	""	""	""	""	""	""	""	"specs/FOUNDATIONAL-CODE-REVIEW.md"
"CsdLean4/LF3/Projectors/LF2Interface.lean"	"foundations"	"127"	"6e5dd773012ad16eb4e727d4c33fc9fe08d8bf83"	"6c84c526720f452c54d73935164407d5450a986c8b579f820d7e82facc56ada7"	"historical"	""	""	""	""	""	""	""	""	""	""	""	""	"specs/FOUNDATIONAL-CODE-REVIEW.md"
"CsdLean4/LF3/Projectors/SectorVolume.lean"	"foundations"	"203"	"22a5cb9938bb72465934f306eddb3d4d72495c25"	"08510865ae5d5e335ea557a8ae0a721d151acde6f0fe671c3aeadb69c7d52e4b"	"historical"	""	""	""	""	""	""	""	""	""	""	""	""	"specs/FOUNDATIONAL-CODE-REVIEW.md"
"CsdLean4/LF3/Projectors/TensorModel.lean"	"foundations"	"343"	"1dfe7943ccc29c67950d41f13ecb015d70719ce5"	"3558f3a6bfd8701a0494a9837e0254775e5d192bf8d63ff0ad1b791b3da5e5e9"	"historical"	""	""	""	""	""	""	""	""	""	""	""	""	"specs/FOUNDATIONAL-CODE-REVIEW.md"
"CsdLean4/LF3/PurePreparation.lean"	"foundations"	"255"	"cad375dcc3a4d65676a35e4f78352c8311822d99"	"ded7b8f79fd24e204125dd07b2cce626c5db2bb46c418848a44ff399ba32ad54"	"stale-source"	"full"	"a347ee0fc1bd6b3ab02da31840ef8c0c47c22dc7"	"f8014598815f7debb1992b729fa37a61e5b48962cec4f3833e34bc7811b335ad"	"9ffcba81f918b092415c80e665a7f693cffddd4c"	"Codex"	"2026-09-24"	"findings"	"findings"	"passed"	"Batch 010: final 4330-job full build; unchanged standard-linter baseline; Gleason-free scan (260 declarations/11 modules); eight further guards; four POVM boundary probes. See report for source-delta and dependency refresh scopes."	"specs/reviews/2026-09-23-effect-helpers-povm.md"	"CR-LF2-006,CR-LF3-001,CR-LF3-002,CR-LF3-003"	"specs/FOUNDATIONAL-CODE-REVIEW.md;specs/reviews/2026-09-22-lf3-singlet-flow.md;specs/reviews/2026-09-23-gleason-busch.md"
"CsdLean4/LF3/SectorSeparation.lean"	"foundations"	"242"	"5e11795e24ccd673858331353aa690e1743722e9"	"4d7f75648e3eccbecb447e5dca6e32fa9ed9c33a72798e6497308413f8a5afb5"	"historical"	""	""	""	""	""	""	""	""	""	""	""	""	"specs/FOUNDATIONAL-CODE-REVIEW.md"
"CsdLean4/LF3/SettingLocality.lean"	"foundations"	"196"	"2866fec868e0a368ed964c95ce890d25a441bb95"	"d8fc718bfb6a04a70838ee55af2511858fabcd572414f9290b6ddf7f1fa1017d"	"unreviewed"	""	""	""	""	""	""	""	""	""	""	""	""	""
"CsdLean4/LF3/Setup.lean"	"foundations"	"279"	"8a11b8adc0373bb9dff46a77d8885f411adc6fd1"	"7045436f50cff66dac1d68b13c34bd25ca51398a011903665f25899965e61ce9"	"historical"	""	""	""	""	""	""	""	""	""	""	""	""	"specs/FOUNDATIONAL-CODE-REVIEW.md"
"CsdLean4/LF3/SharedContextMap.lean"	"foundations"	"110"	"9b3488943d37532a8e46cac3d3fb04c21785a196"	"3284a22ed12e160026ecb2051d9b7e5fa52eb08e22efe8675921aa60b80070a5"	"stale-source"	"full"	"bf88c5c2b0c568f07718311963aba8295e872216"	"a6ab22ab9982ee6018d4850d0e5f3838a8865cbf267c9ba051929a1504a8c7c6"	"b364cd441792b31a41121201bbfbf4a8728e2390"	"Codex"	"2026-09-22"	"findings"	"findings"	"passed"	"Batch 006: 3227-job warnings-as-errors build, six boundary probes, four axiom checks and seven guards passed; CircleRecord is a partial source review only."	"specs/reviews/2026-09-22-exclusive-singlet-outcomes.md"	"CR-LF3-003"	""
"CsdLean4/LF3/Singlet/Expectations.lean"	"foundations"	"169"	"89eb4769e10a028b5978c54b6dd7d36851b4984f"	"e2d8c09c64e368e6bf32ea11dff771870ebc5df488b6d0ce67fe09b2255eacff"	"historical"	""	""	""	""	""	""	""	""	""	""	""	""	"specs/FOUNDATIONAL-CODE-REVIEW.md"
"CsdLean4/LF3/Singlet/JointEig.lean"	"foundations"	"143"	"c4debc053c3ee7cd2ec1807a2cad5153bc2af5f9"	"6d3a3f0268e6307b1073557f892d66c2b97a99c644695cbd0ffb3c6da5cb5f5c"	"historical"	""	""	""	""	""	""	""	""	""	""	""	""	"specs/FOUNDATIONAL-CODE-REVIEW.md"
"CsdLean4/LF3/Singlet/JointProjector.lean"	"foundations"	"168"	"43d2dd6cc86290fcf86670f8191106a0f2585c15"	"9658b9f40ed7c131c8e0df50dd4e839a2014df8bf29c512923423ca805b41b0c"	"historical"	""	""	""	""	""	""	""	""	""	""	""	""	"specs/FOUNDATIONAL-CODE-REVIEW.md"
"CsdLean4/LF3/Singlet/Kernel.lean"	"foundations"	"192"	"6d98fbfc0d003fab50be558196893584ec36ac84"	"901218643868339b2b871c3fe6353f51446a4f20238dd7509916ff0ab47425be"	"historical"	""	""	""	""	""	""	""	""	""	""	""	""	"specs/FOUNDATIONAL-CODE-REVIEW.md"
"CsdLean4/LF3/Singlet/Leakage.lean"	"foundations"	"145"	"2133981ad29936b8952c9285e2d26231cf622ba2"	"168e5182eb0d8c060c0eaea395d391e37077da664fa592daeb0c562563a57e42"	"historical"	""	""	""	""	""	""	""	""	""	""	""	""	"specs/FOUNDATIONAL-CODE-REVIEW.md"
"CsdLean4/LF3/Singlet/State.lean"	"foundations"	"74"	"893bfc80ed2e2043b63a1612f1a9e47aed48f25f"	"cd9c933a693302f8ea058d3a16106b04d375a876ff25ccc96c729b7339207e90"	"historical"	""	""	""	""	""	""	""	""	""	""	""	""	"specs/FOUNDATIONAL-CODE-REVIEW.md"
"CsdLean4/LF3/SingletProjective.lean"	"foundations"	"213"	"47b53f20f7e18f0faf95e0d14377a7974202a011"	"125f2c70c08110dca826b7dc2ab2dc791356ed3aa5f3bd220091bb78854413b7"	"stale-source"	"full"	"c5536b2f65f90fed46f999594ac58ea59e89f6e8"	"2e02f0d8f5df05120b6884dd8883c5d9dc579c0f1ed2e4682a58a0c51320406a"	"9ffcba81f918b092415c80e665a7f693cffddd4c"	"Codex"	"2026-09-24"	"findings"	"findings"	"passed"	"Batch 010: final 4330-job full build; unchanged standard-linter baseline; Gleason-free scan (260 declarations/11 modules); eight further guards; four POVM boundary probes. See report for source-delta and dependency refresh scopes."	"specs/reviews/2026-09-23-effect-helpers-povm.md"	"CR-LF3-001,CR-LF3-004"	"specs/FOUNDATIONAL-CODE-REVIEW.md;specs/reviews/2026-09-22-lf3-singlet-flow.md;specs/reviews/2026-09-23-gleason-busch.md"
"CsdLean4/LF3/Spinor.lean"	"foundations"	"326"	"caa5f8db7fdc74484152b931613ec4b7d6382610"	"590bfff76aa19049ed524917370e5ed49dbd26f900a10301233dc916c52be4f1"	"unreviewed"	""	""	""	""	""	""	""	""	""	""	""	""	""
"CsdLean4/LF4/ArenaStrokeFlux.lean"	"record-dynamics-other"	"226"	"b50df5e14e712a137300686a155a7a12f5ba23e5"	"de9cef10e76280e8a374fab3cd2807ce74d0cd9034130f5ff25a180f6b5e9ca4"	"unreviewed"	""	""	""	""	""	""	""	""	""	""	""	""	""
"CsdLean4/LF4/ArenaSymplectic.lean"	"record-dynamics-other"	"337"	"789ebd5e2ecada79a57131a03536ea5778f087ea"	"77d1165a8a0a3cf643c87482af9d6d51565b48773b2193496b44f69a847f1f08"	"unreviewed"	""	""	""	""	""	""	""	""	""	""	""	""	""
"CsdLean4/LF4/ArenaVolume.lean"	"record-dynamics-other"	"294"	"92fbaf43cbbafeb6b6d455d530ac1e670a703130"	"34d46d99e17f7744fe70d97c6176275f67e2817c5075217fb89b18d3304c6401"	"unreviewed"	""	""	""	""	""	""	""	""	""	""	""	""	""
"CsdLean4/LF4/AxisBridge.lean"	"record-dynamics-other"	"119"	"db0623dd8637ef883367468bc789830def26314c"	"78b57c928dedf9971ea72297be5a28a90ec9f7d91e241a50f531d9962189979d"	"historical"	""	""	""	""	""	""	""	""	""	""	""	""	"specs/FOUNDATIONAL-CODE-REVIEW.md"
"CsdLean4/LF4/BargmannSelection.lean"	"record-dynamics-other"	"292"	"93837e903c348e8e9d7e5c8d965ba7106f5fb1d7"	"1852bd89fdc827f8eb5e0173fc4fb8cd0735d45daec5b5a1e2cd01a6922dccbe"	"historical"	""	""	""	""	""	""	""	""	""	""	""	""	"specs/FOUNDATIONAL-CODE-REVIEW.md"
"CsdLean4/LF4/BlochProjection.lean"	"record-dynamics-other"	"119"	"b4c1697809c0fa6b9ad19bdd5f4900c1991f7469"	"83ea39d4d8c154118a7e66920bbf74d226bafe7d997059b275117f1613768ea2"	"historical"	""	""	""	""	""	""	""	""	""	""	""	""	"specs/FOUNDATIONAL-CODE-REVIEW.md"
"CsdLean4/LF4/BornFS.lean"	"record-dynamics-other"	"102"	"8e7f188d2cf54884b93891f283f00c61df1295d2"	"1601cb9ef99f2588bbe008659940b9da16fd40c0833b0d96cdf7ca9d6b73b84a"	"historical"	""	""	""	""	""	""	""	""	""	""	""	""	"specs/FOUNDATIONAL-CODE-REVIEW.md"
"CsdLean4/LF4/BornFlowLinkage.lean"	"record-dynamics-other"	"142"	"5c24bf3c8e07ecb782ac6290cd01967093063b75"	"9c2d7b626006030ee7ffb6d11204acc62df11df5e3aefd01c61e72b8d35af0ab"	"historical"	""	""	""	""	""	""	""	""	""	""	""	""	"specs/FOUNDATIONAL-CODE-REVIEW.md"
"CsdLean4/LF4/BornFrequencyN.lean"	"record-dynamics-other"	"175"	"927ef58d908e67abce4e4230b755f5dff8766718"	"30cea49dd0084e0c13573b55506618b61377ca88defd265be1363877626b3801"	"historical"	""	""	""	""	""	""	""	""	""	""	""	""	"specs/FOUNDATIONAL-CODE-REVIEW.md"
"CsdLean4/LF4/BornFrequencyPartition.lean"	"record-dynamics-other"	"77"	"91b4d4ea6702143c5242d54cd44a5d9a44ed4224"	"064d4e4dff9ea6276a636054088189d211c5d96da209e68885fdbdd210b234d7"	"historical"	""	""	""	""	""	""	""	""	""	""	""	""	"specs/FOUNDATIONAL-CODE-REVIEW.md"
"CsdLean4/LF4/BornRegionDisjoint.lean"	"record-dynamics-other"	"359"	"02c1f7cbc145a00f8dc2f132c8c1d211bfc8bab8"	"9f3f315f99927ae3e8a4032161d9fad73c7cb6d586c49350621501afe0b7faa8"	"historical"	""	""	""	""	""	""	""	""	""	""	""	""	"specs/FOUNDATIONAL-CODE-REVIEW.md"
"CsdLean4/LF4/BornRegionUncond.lean"	"record-dynamics-other"	"405"	"14f3ffb58f9c20784c04597da8af197a90fa83b3"	"8b8ecd14401e3413407f11860f571ff644b093f5f7aae29c7a2e4ec11595966c"	"historical"	""	""	""	""	""	""	""	""	""	""	""	""	"specs/FOUNDATIONAL-CODE-REVIEW.md"
"CsdLean4/LF4/BornVolume.lean"	"record-dynamics-other"	"111"	"2195d111dfc09b685f1aeba087e002102cba1ba6"	"5b5ee1d2cb1c3498b30ac3fd599ed5d64556e8cf30857052d24fc01e1e3f8e65"	"historical"	""	""	""	""	""	""	""	""	""	""	""	""	"specs/FOUNDATIONAL-CODE-REVIEW.md"
"CsdLean4/LF4/BothPillars.lean"	"record-dynamics-other"	"129"	"c39f94db8b737946a1e349ca1415d0b8a34d0adc"	"87ca437fd6e3f1cee3f97b6e70ce513483deb1d145540aedd6fd0996c6ed955e"	"historical"	""	""	""	""	""	""	""	""	""	""	""	""	"specs/FOUNDATIONAL-CODE-REVIEW.md"
"CsdLean4/LF4/DuistermaatHeckman.lean"	"record-dynamics-other"	"62"	"16f6d62f9494870f98973849666236c91b322eb6"	"68b9a5556aed50c73f95cd1b84968a99c40562ca00bc0b973625aeab5c7e1e29"	"historical"	""	""	""	""	""	""	""	""	""	""	""	""	"specs/FOUNDATIONAL-CODE-REVIEW.md"
"CsdLean4/LF4/GaussianCP.lean"	"record-dynamics-other"	"264"	"b4128b34978c16af2977ce6eedd3d99788a76ce4"	"a4e921a16552e47bd6a2cd95b923a77bee0eedf8939098584f5de6912bbe6ef8"	"historical"	""	""	""	""	""	""	""	""	""	""	""	""	"specs/FOUNDATIONAL-CODE-REVIEW.md"
"CsdLean4/LF4/GaussianCPN.lean"	"record-dynamics-other"	"277"	"a9a7844e166dcaa385d0877c70f2198eda2a6290"	"4fbcd0922e57ace75a233d288b8815c5bd0ba43e946d5321387f11a54446853a"	"historical"	""	""	""	""	""	""	""	""	""	""	""	""	"specs/FOUNDATIONAL-CODE-REVIEW.md"
"CsdLean4/LF4/GaussianFS.lean"	"record-dynamics-other"	"80"	"aebca6e4a5955e4f19e757005d15f4ce9d3ee9a9"	"a64831650addeaa2206038932151413e9b92fda038b87c81c65cbaef17799387"	"historical"	""	""	""	""	""	""	""	""	""	""	""	""	"specs/FOUNDATIONAL-CODE-REVIEW.md"
"CsdLean4/LF4/HardyKahler.lean"	"record-dynamics-other"	"569"	"324757a41a204e76567619fca7dc1a726a55d2a5"	"9d1dd6d698c0d43250ee2dcf38891ddb819ec2781b2cdc3c7b9bc5dea31a3a38"	"historical"	""	""	""	""	""	""	""	""	""	""	""	""	"specs/FOUNDATIONAL-CODE-REVIEW.md"
"CsdLean4/LF4/HatBox.lean"	"record-dynamics-other"	"113"	"0e02f09d2b3ea707455cbc0fd05281bdcc7382f6"	"10020fe59297e6eb17b9c9165a678542857ac8139a9545afbe674b21212602ee"	"historical"	""	""	""	""	""	""	""	""	""	""	""	""	"specs/FOUNDATIONAL-CODE-REVIEW.md"
"CsdLean4/LF4/Instance.lean"	"record-dynamics-other"	"110"	"89a59f2cad5e775add4f76bcd621075cf8f9318a"	"a6202f1ac64a4c0076aee4ddcc4d799c5a549a707e7a2f89085d936fe816f41a"	"historical"	""	""	""	""	""	""	""	""	""	""	""	""	"specs/FOUNDATIONAL-CODE-REVIEW.md"
"CsdLean4/LF4/KahlerFibreMixing.lean"	"record-dynamics-other"	"217"	"a4cd8c9f7aaf341161a6e9e1decc924b03d6dcb7"	"36fe57410ace90b8bdc6768eb8eea332ca6bcce87267555174fb09f3ee8e54bd"	"unreviewed"	""	""	""	""	""	""	""	""	""	""	""	""	""
"CsdLean4/LF4/KahlerFlow.lean"	"record-dynamics-other"	"240"	"47cafd301b0e017bdfcdce029cbc60e241402222"	"8c1e7a68936f844be0135d4a4d19dfcb6d7de46bc5b71787653fa2aacf9fb5a3"	"historical"	""	""	""	""	""	""	""	""	""	""	""	""	"specs/FOUNDATIONAL-CODE-REVIEW.md"
"CsdLean4/LF4/KahlerFlowFiniteHorizon.lean"	"record-dynamics-other"	"165"	"31d8af3e5dbc50e0310670b622c8752ee9f00da0"	"e0f5d0ca4f619cd57d0310b8faacb45a29f3210994dc89d87564b235eb1b59ac"	"unreviewed"	""	""	""	""	""	""	""	""	""	""	""	""	""
"CsdLean4/LF4/KahlerFlowNoMixing.lean"	"record-dynamics-other"	"222"	"402a9eb51e66f0d1c320b2f082abecea3a69a800"	"a61f723195a12055e71f87a0c3dd8d4416bd269e75919888c1077f7899ccdb29"	"unreviewed"	""	""	""	""	""	""	""	""	""	""	""	""	""
"CsdLean4/LF4/KahlerInstance.lean"	"record-dynamics-other"	"171"	"efcfe0898b5ad972ef6845bc3814c8777b0a0b70"	"dfb1e55cc38f525f3aa429f6178f34a3db6298e351748a182cf41a5fce2a5a26"	"historical"	""	""	""	""	""	""	""	""	""	""	""	""	"specs/FOUNDATIONAL-CODE-REVIEW.md"
"CsdLean4/LF4/KahlerOnticSetup.lean"	"record-dynamics-other"	"245"	"58b25ddec09a3913ebaa2785fdd319a06335b6d5"	"54a33be5c6b41e5c27dde195d453fe3fb630d88db93b0711fcd42a144ded9ba3"	"historical"	""	""	""	""	""	""	""	""	""	""	""	""	"specs/FOUNDATIONAL-CODE-REVIEW.md"
"CsdLean4/LF4/KahlerVolumeForced.lean"	"record-dynamics-other"	"157"	"083d732b6e791cd30fed554f4d15161b3035bf36"	"29d58b9670fd2edaa99d0f274d009aeb1728ed5bb7cfdf4008321a8a78341312"	"historical"	""	""	""	""	""	""	""	""	""	""	""	""	"specs/FOUNDATIONAL-CODE-REVIEW.md"
"CsdLean4/LF4/KahlerWignerLift.lean"	"record-dynamics-other"	"166"	"2ffb39db5a87a95c290db585505c653868c281bd"	"550da477bd12a7a885f0c4bb4e746bbd0c082da49b8a7b856773e8c439d959bb"	"historical"	""	""	""	""	""	""	""	""	""	""	""	""	"specs/FOUNDATIONAL-CODE-REVIEW.md"
"CsdLean4/LF4/LiouvilleUnique.lean"	"record-dynamics-other"	"213"	"e5e4992932e80cc67d5c5717f3af3211c00e8e7e"	"4f253ad161a01ad1a67279746c7cff1fc90c69d97e47a722cb1d26dbd331fcba"	"unreviewed"	""	""	""	""	""	""	""	""	""	""	""	""	""
"CsdLean4/LF4/ManyToOnePillars.lean"	"record-dynamics-other"	"360"	"a763378948bf0e3459807e0ee18a1e19613ba0c5"	"722a1397312932b448bf53f41d1259479c7183f9cc1a1072263a22d9b70a7cee"	"historical"	""	""	""	""	""	""	""	""	""	""	""	""	"specs/FOUNDATIONAL-CODE-REVIEW.md"
"CsdLean4/LF4/ManyToOneSchrodingerDerived.lean"	"record-dynamics-other"	"112"	"5f58bc8080526e268798a8ee8aff6287cb155a99"	"dfb075a4a1c2292aecd09eb7396086e407f5ee44542acdee7dd7a536473e7c2d"	"historical"	""	""	""	""	""	""	""	""	""	""	""	""	"specs/FOUNDATIONAL-CODE-REVIEW.md"
"CsdLean4/LF4/MomentBornN.lean"	"record-dynamics-other"	"336"	"7f856eeaddac7d3a694cdb68e18cae52f80efb14"	"e710cef23a965a377d9308d7686026a3fc480bac973f0e8ba821fa7f44189ffc"	"historical"	""	""	""	""	""	""	""	""	""	""	""	""	"specs/FOUNDATIONAL-CODE-REVIEW.md"
"CsdLean4/LF4/MomentBridgeN.lean"	"record-dynamics-other"	"91"	"c3f8d3bdb8ca20fe6a4454678a4b998e3e043f0c"	"8562fac987a968c5b3c7550f91d9dd524b43a552816f737cc571a41869d1937f"	"historical"	""	""	""	""	""	""	""	""	""	""	""	""	"specs/FOUNDATIONAL-CODE-REVIEW.md"
"CsdLean4/LF4/MomentDirichletN.lean"	"record-dynamics-other"	"124"	"1698c484aad3e8fc9c3997a062ba26dd1d018b4b"	"aa553891333b8b29b27a57d5a83770b4afca78c6485ac7f8884a757c5e056277"	"historical"	""	""	""	""	""	""	""	""	""	""	""	""	"specs/FOUNDATIONAL-CODE-REVIEW.md"
"CsdLean4/LF4/MomentMap.lean"	"record-dynamics-other"	"121"	"43d10c14ffe99ef9288824c2941a472320e2e1cf"	"62eb4788197c87d5838c1b7360ff99c8630ff83f420758083223694157420c2a"	"historical"	""	""	""	""	""	""	""	""	""	""	""	""	"specs/FOUNDATIONAL-CODE-REVIEW.md"
"CsdLean4/LF4/MomentMarginal.lean"	"record-dynamics-other"	"79"	"7c0941e113d3d57d018b29a4e1c62d03ac273983"	"5714d74b4f1ea257e6f45e8f71ae2b055cb20d5c562cdb57d0b792f3699b0d19"	"historical"	""	""	""	""	""	""	""	""	""	""	""	""	"specs/FOUNDATIONAL-CODE-REVIEW.md"
"CsdLean4/LF4/MomentMarginalUniform.lean"	"record-dynamics-other"	"304"	"b1a1455dde26c2b3fbe0546615bbf78e4117b217"	"50f2cf6f2f523aa82ced50a03661bdad70f0442994feaa6c88b65e562657a9ea"	"historical"	""	""	""	""	""	""	""	""	""	""	""	""	"specs/FOUNDATIONAL-CODE-REVIEW.md"
"CsdLean4/LF4/MomentPushforward.lean"	"record-dynamics-other"	"75"	"457f044bca57cbb681cbd543689d0306e4b40356"	"4daa2891d8dc795ec6db9f27de65ce3a0b93df233402c6bec35d653113aad5eb"	"historical"	""	""	""	""	""	""	""	""	""	""	""	""	"specs/FOUNDATIONAL-CODE-REVIEW.md"
"CsdLean4/LF4/MomentRatioUniform.lean"	"record-dynamics-other"	"241"	"f0fc7c2e922779be8c0f908498db7e58b273bc50"	"a1c3f54eb7f1071525756831f34533c18e631e6d70943fef2f5d6e35865c779b"	"historical"	""	""	""	""	""	""	""	""	""	""	""	""	"specs/FOUNDATIONAL-CODE-REVIEW.md"
"CsdLean4/LF4/MomentRatioUniformN.lean"	"record-dynamics-other"	"565"	"0602fce0e399ab4940285fa217f32e5a9f6b99c9"	"659870413946bc3e85cc5b873a433b0fd4f9882095627d1e8a759c7ce52dc8ec"	"historical"	""	""	""	""	""	""	""	""	""	""	""	""	"specs/FOUNDATIONAL-CODE-REVIEW.md"
"CsdLean4/LF4/MomentUniform.lean"	"record-dynamics-other"	"247"	"fab2cd3f4f180b62f831d6ca0a1ab94d76cd3ff4"	"af5730a3a0f73171f8e152f23de12da0827534c2be66e13627c5031e1d164f22"	"historical"	""	""	""	""	""	""	""	""	""	""	""	""	"specs/FOUNDATIONAL-CODE-REVIEW.md"
"CsdLean4/LF4/NonTrivialSetup.lean"	"record-dynamics-other"	"196"	"436a5829722f6ceaae5a76f119a7e0bbd63aea19"	"498c020bdf0688b1c1413360809007c88d0b5f510d7ac1d3925efc700fe70ea2"	"historical"	""	""	""	""	""	""	""	""	""	""	""	""	"specs/FOUNDATIONAL-CODE-REVIEW.md"
"CsdLean4/LF4/ObservableCorrespondenceN.lean"	"record-dynamics-other"	"382"	"b241e80e63f365d07da4fa05226378cf99440e1e"	"1cb3478268517ed4d703596fb7a7d298ad701fa5097b177eb62fa31b476defd6"	"historical"	""	""	""	""	""	""	""	""	""	""	""	""	"specs/FOUNDATIONAL-CODE-REVIEW.md"
"CsdLean4/LF4/ObservableFlow.lean"	"record-dynamics-other"	"379"	"93daeee0efbd8e7cd2da172e6ca913c6c77328ca"	"effe8ab0637f365579e95fcfc59e3042ac8ef61f7720ff00c5bf7db99957e8e5"	"historical"	""	""	""	""	""	""	""	""	""	""	""	""	"specs/FOUNDATIONAL-CODE-REVIEW.md"
"CsdLean4/LF4/OnticBorn.lean"	"record-dynamics-other"	"85"	"7cf6d9e4b7d3a923839d0a73b9a838d270efd93e"	"3d834e297f34601150a3becb4677a6f8f2ba1732d15fcdfb020c3999b23c3475"	"historical"	""	""	""	""	""	""	""	""	""	""	""	""	"specs/FOUNDATIONAL-CODE-REVIEW.md"
"CsdLean4/LF4/POVMDilation.lean"	"record-dynamics-other"	"131"	"02380165ee4cda9475d3ce70593271e1bb8087bb"	"c48ff04ba470b36d51576c434ce24fadcd9bd8602b0add2c89121b773746e685"	"historical"	""	""	""	""	""	""	""	""	""	""	""	""	"specs/FOUNDATIONAL-CODE-REVIEW.md"
"CsdLean4/LF4/POVMNaimark.lean"	"record-dynamics-other"	"168"	"a18e848ec2c6ad7ebc3af852d130cd84f9e2b892"	"2944a7708b1b0d14c339d09e121f9d29353c8f2ac9f232cbc3a308cd0a301adb"	"historical"	""	""	""	""	""	""	""	""	""	""	""	""	"specs/FOUNDATIONAL-CODE-REVIEW.md"
"CsdLean4/LF4/POVMVolume.lean"	"record-dynamics-other"	"196"	"ea19933a52908489f81c38b6091f138baf9958ea"	"3cbef5dd955542ccbed86e6f42dc10deb09c73b8c1703557ed94cd4d0c4de2f3"	"historical"	""	""	""	""	""	""	""	""	""	""	""	""	"specs/FOUNDATIONAL-CODE-REVIEW.md"
"CsdLean4/LF4/PauliDotRobertson.lean"	"record-dynamics-other"	"181"	"a736b8f84b6d6a481571fa99524f22d3d6790fe0"	"29843e28f3301814de6dba99619c2863938e39997132969070b6d14fde2c5182"	"historical"	""	""	""	""	""	""	""	""	""	""	""	""	"specs/FOUNDATIONAL-CODE-REVIEW.md"
"CsdLean4/LF4/PauliRobertson.lean"	"record-dynamics-other"	"264"	"bf1b625609dde3095d54dd3d9acab3fbaf5a6be0"	"8e3ad33805cd14fd2f1894f54ac4b0c3750ca7976ca0d83d97d05bdf0ff1b20b"	"historical"	""	""	""	""	""	""	""	""	""	""	""	""	"specs/FOUNDATIONAL-CODE-REVIEW.md"
"CsdLean4/LF4/PhaseLift.lean"	"record-dynamics-other"	"556"	"527868a06dba352ccf148f6aeba9a0d6c12df480"	"f69ead075337181ac56b51449cfcf12fde7f5c983eb7eee044fd7b41e2b9e00d"	"historical"	""	""	""	""	""	""	""	""	""	""	""	""	"specs/FOUNDATIONAL-CODE-REVIEW.md"
"CsdLean4/LF4/ProjectedDynamics.lean"	"record-dynamics-other"	"261"	"38f1f40d8d377166411857636e62920953d0c4c0"	"e21eaecbbb93fc3071a4c341cf95ee8e644b4238a26d1ebef9ea68eb8d74db05"	"historical"	""	""	""	""	""	""	""	""	""	""	""	""	"specs/FOUNDATIONAL-CODE-REVIEW.md"
"CsdLean4/LF4/ProjectiveManifold.lean"	"record-dynamics-other"	"90"	"5eb5cbb46cb2dae27fb4029871a6ec1ecc9fc0cb"	"84c9574e758fd3c8c0d8b4b96323ac8c72369632e211888ba3c48869ad06ac23"	"unreviewed"	""	""	""	""	""	""	""	""	""	""	""	""	""
"CsdLean4/LF4/QubitBorn.lean"	"record-dynamics-other"	"148"	"2ea4ebf278aba664f7017d288a340b1f0a7ec746"	"d5dd4fb923aa3b19c100937896db42d3dfc4c9b6f258acf8a41c5250be5603b7"	"historical"	""	""	""	""	""	""	""	""	""	""	""	""	"specs/FOUNDATIONAL-CODE-REVIEW.md"
"CsdLean4/LF4/QubitBornFrequency.lean"	"record-dynamics-other"	"86"	"a5fff0220eab478ce83b9fc99f3b34bd29afd65f"	"c4c37e768a1e82b76d9186ec61ad8d3d6aaa5b109f511c12cae7d6fe5b9c58d9"	"historical"	""	""	""	""	""	""	""	""	""	""	""	""	"specs/FOUNDATIONAL-CODE-REVIEW.md"
"CsdLean4/LF4/QubitConsistency.lean"	"record-dynamics-other"	"72"	"a137d8169d6776610d725e0acbacf863a8d40a9f"	"f624202e89b8f9f8762f2c107e21097576d4484c662a75ebdacc4d64aad0b43c"	"historical"	""	""	""	""	""	""	""	""	""	""	""	""	"specs/FOUNDATIONAL-CODE-REVIEW.md"
"CsdLean4/LF4/QubitCrossTerm.lean"	"record-dynamics-other"	"202"	"c78eff7be727e12dd490e8c318cebf9b87938d2b"	"5c794ccba4f9392665919bbc401550463a7fecb416bbd6728dcafba4feb9ec08"	"historical"	""	""	""	""	""	""	""	""	""	""	""	""	"specs/FOUNDATIONAL-CODE-REVIEW.md"
"CsdLean4/LF4/QubitDipole.lean"	"record-dynamics-other"	"255"	"03b7aa710e69be0b5097d4a63c070cab045fe5d4"	"63cdcfb99b77c82b2c3df2ab2cb91bf590d5c655ab08a237e85ec7b207ab6db5"	"historical"	""	""	""	""	""	""	""	""	""	""	""	""	"specs/FOUNDATIONAL-CODE-REVIEW.md"
"CsdLean4/LF4/QubitReflection.lean"	"record-dynamics-other"	"115"	"6ec496181bfb409f394b0c0b963d6a087673c438"	"2954d7ed5a6fbe2fe66d06e1f7453c3ab218448d7e53edcd5d7fd39012a09cce"	"historical"	""	""	""	""	""	""	""	""	""	""	""	""	"specs/FOUNDATIONAL-CODE-REVIEW.md"
"CsdLean4/LF4/RotationSchrodinger.lean"	"record-dynamics-other"	"157"	"1cc1e06f88eb522000968825832a6594fb1dace7"	"7fc2aba6b7751879827818be79e5428fb95ea98ff3218c4c28a4df04802adc50"	"historical"	""	""	""	""	""	""	""	""	""	""	""	""	"specs/FOUNDATIONAL-CODE-REVIEW.md"
"CsdLean4/LF4/SchrodingerKahlerInvariance.lean"	"record-dynamics-other"	"94"	"8d452c9b2cd229556b5be983aa8204567206ecfd"	"1946471e0c4a354a4234dec37d9275deb20695a6e72bc3722dbc63229c62701c"	"historical"	""	""	""	""	""	""	""	""	""	""	""	""	"specs/FOUNDATIONAL-CODE-REVIEW.md"
"CsdLean4/LF4/SectorManifold.lean"	"record-dynamics-other"	"262"	"c3546adbfb309968a2a519c2292676cbfce7c868"	"18df5eff4fb6870c6a0073709e5bb4b76d1446a43657b61656c64581c9f42dec"	"unreviewed"	""	""	""	""	""	""	""	""	""	""	""	""	""
"CsdLean4/LF4/SingleQubitKahler.lean"	"record-dynamics-other"	"312"	"7e46797cd8b198554480b70259681b31a563603f"	"bddfbe7b82a1c6e5f2b0be17ef855c1f05bfbd89306d0fdb7a0cab28b66d916a"	"historical"	""	""	""	""	""	""	""	""	""	""	""	""	"specs/FOUNDATIONAL-CODE-REVIEW.md"
"CsdLean4/LF4/SingletKahler.lean"	"record-dynamics-other"	"371"	"7eeae3c35688c8a1664b126d2c11fb170b96536c"	"14670f7413c861b725e1e2a30b5e18fff726b6613269d5092159f8bb2d152b3a"	"stale-source"	"full"	"46e9104478d3a993d8108d9488468282a1fafba4"	"12549380e3dc2476146b5b37c6d4072a477542b29f027c149e335b90f4962765"	"9ffcba81f918b092415c80e665a7f693cffddd4c"	"Codex"	"2026-09-24"	"findings"	"findings"	"passed"	"Batch 010: final 4330-job full build; unchanged standard-linter baseline; Gleason-free scan (260 declarations/11 modules); eight further guards; four POVM boundary probes. See report for source-delta and dependency refresh scopes."	"specs/reviews/2026-09-23-effect-helpers-povm.md"	"CR-LF2-006,CR-LF3-001,CR-LF3-002,CR-LF3-003"	"specs/FOUNDATIONAL-CODE-REVIEW.md;specs/reviews/2026-09-22-lf3-singlet-flow.md;specs/reviews/2026-09-23-gleason-busch.md"
"CsdLean4/LF4/SingletKahlerFlow.lean"	"record-dynamics-other"	"231"	"a8ebeaeb2875bcba5f716b8455a77e614203aba3"	"d635fe4c2517bd8a74c1bca136417ef708ca58e2f568259aafaa2149496921c3"	"stale-source"	"full"	"197368640d05e0f91a2bc8c6664ee0395f33e702"	"dcc10833462e4412fc8f57d536041c98c5fc76b0bc86e61a11513afc28f64b2d"	"9ffcba81f918b092415c80e665a7f693cffddd4c"	"Codex"	"2026-09-24"	"findings"	"findings"	"passed"	"Batch 010: final 4330-job full build; unchanged standard-linter baseline; Gleason-free scan (260 declarations/11 modules); eight further guards; four POVM boundary probes. See report for source-delta and dependency refresh scopes."	"specs/reviews/2026-09-23-effect-helpers-povm.md"	"CR-LF2-006,CR-LF3-001,CR-LF3-002,CR-LF3-003"	"specs/FOUNDATIONAL-CODE-REVIEW.md;specs/reviews/2026-09-22-lf3-singlet-flow.md;specs/reviews/2026-09-23-gleason-busch.md"
"CsdLean4/LF4/SingletObservables.lean"	"record-dynamics-other"	"222"	"ca39cbdd92acc751548c665a6159b56162c89f85"	"571403e683aedb724fd465e3fd60f8f13f9ddd6ddffaef2b8d7c714dfdac7ba2"	"historical"	""	""	""	""	""	""	""	""	""	""	""	""	"specs/FOUNDATIONAL-CODE-REVIEW.md"
"CsdLean4/LF4/SpectralCarving.lean"	"record-dynamics-other"	"338"	"55b8fe07904093e6dce5fe59c70fb9653e70d3f8"	"0326b08dbaca3b8eb7fc8effa40c57dc3763a80ec04dbeb0fb9b287195c7fd21"	"historical"	""	""	""	""	""	""	""	""	""	""	""	""	"specs/FOUNDATIONAL-CODE-REVIEW.md"
"CsdLean4/LF4/SpectralExpansion.lean"	"record-dynamics-other"	"152"	"8bf84ef55b150c4b50191d8f43b8a6cc93523ac8"	"b1dac90155ce73736f5d190b85a9a785b03f7069aaaa22e70efa7abfc0660b7c"	"historical"	""	""	""	""	""	""	""	""	""	""	""	""	"specs/FOUNDATIONAL-CODE-REVIEW.md"
"CsdLean4/LF4/SpectralVariance.lean"	"record-dynamics-other"	"237"	"a8b12e894dea96eb94458553ea40debc3b1c245a"	"d46b821efea0391b8426edee174dcb7ebeddec8dd7c0cc40648f8e72999a9f42"	"historical"	""	""	""	""	""	""	""	""	""	""	""	""	"specs/FOUNDATIONAL-CODE-REVIEW.md"
"CsdLean4/LF4/TrialWitness.lean"	"record-dynamics-other"	"164"	"d13ea366f0442cb67b78daad04bdc98b8a65b32e"	"9507a31cff9b0c563520b834683b41c2f8d0c2591e3ff7ecfe71319c708fbccb"	"historical"	""	""	""	""	""	""	""	""	""	""	""	""	"specs/FOUNDATIONAL-CODE-REVIEW.md"
"CsdLean4/LF4/TypicalityForcing.lean"	"record-dynamics-other"	"616"	"7b56760edc356fff9ab27140cc41639a92e078b5"	"30cc39a53389f537f37f305ea2912d0862986aba99e877bcb638fcc852ddfad1"	"historical"	""	""	""	""	""	""	""	""	""	""	""	""	"specs/FOUNDATIONAL-CODE-REVIEW.md"
"CsdLean4/LF4/UncertaintyKahler.lean"	"record-dynamics-other"	"167"	"12d422e9b4580e7ad0d4d635dc2923dd207275e5"	"346f2514a70a3dbef004f879f442fe67264f76d422659a1c9189eef99f52c68e"	"historical"	""	""	""	""	""	""	""	""	""	""	""	""	"specs/FOUNDATIONAL-CODE-REVIEW.md"
"CsdLean4/LF4/UnitarySelection.lean"	"record-dynamics-other"	"197"	"3efbb4c4d6e96879adb88bb62be1273ad71782c1"	"8ea3495bfded1b13a32271a9d877370bf1c7586bcdcb59e0c8596e347a298bbb"	"historical"	""	""	""	""	""	""	""	""	""	""	""	""	"specs/FOUNDATIONAL-CODE-REVIEW.md"
"CsdLean4/LF5/Capstone.lean"	"record-dynamics-other"	"189"	"e7fd275cdf6f42aa5e41f5335b76580ad5152fdc"	"77366e058a45f5cfb8cea4e04384577b821dd42cbc9d5424b447c8e5d28e6b54"	"historical"	""	""	""	""	""	""	""	""	""	""	""	""	"specs/FOUNDATIONAL-CODE-REVIEW.md"
"CsdLean4/LF5/CapstoneCanonical.lean"	"record-dynamics-other"	"102"	"39597875dbd78571b5b91b7f9df75048804a90bd"	"413aa6d62b1b384a510e99aeee5b6545d0e9284d8cd1ddcc397b6d30ac384823"	"historical"	""	""	""	""	""	""	""	""	""	""	""	""	"specs/FOUNDATIONAL-CODE-REVIEW.md"
"CsdLean4/LF5/DilationFromFlow.lean"	"record-dynamics-other"	"508"	"d52ce81ea2566565199d64cb37d623b961e0fc2a"	"b6b59a00d55271243f1a62c69bda76cc6ef442bb421f68f4aeaeba9484b8aecc"	"historical"	""	""	""	""	""	""	""	""	""	""	""	""	"specs/FOUNDATIONAL-CODE-REVIEW.md"
"CsdLean4/LF5/FlowBornFrequency.lean"	"record-dynamics-other"	"225"	"dab2566a4c0f49e0520e15a2a6aa366fb185bc7d"	"fcbaac3b303debd543d8085801d8a5c54d9d9ffee2333b04c19d62c7128021cc"	"stale-source"	"full"	"410c79f00cabb4d5f285a951e89f36fbda4ed7d2"	"60c6fa6668e029d8e642493103324d316a5bd909dafc4c9a53546cb7211a414c"	"9ffcba81f918b092415c80e665a7f693cffddd4c"	"Codex"	"2026-09-24"	"findings"	"findings"	"passed"	"Batch 010: final 4330-job full build; unchanged standard-linter baseline; Gleason-free scan (260 declarations/11 modules); eight further guards; four POVM boundary probes. See report for source-delta and dependency refresh scopes."	"specs/reviews/2026-09-23-effect-helpers-povm.md"	"CR-LF5-001,CR-LF2-006"	"specs/FOUNDATIONAL-CODE-REVIEW.md;specs/reviews/2026-09-22-evolved-preparation-trials.md"
"CsdLean4/LF5/MeasurementFlow.lean"	"record-dynamics-other"	"240"	"eb4f975c641189b55bd384747acd1677dea0fa49"	"52c9cd710ef77285c35e6b93b61756d72360f5b99f9c693f4bd694c4b9555edc"	"stale-source"	"full"	"fc82799887401d50e00d8c7afcc4314feb5d0336"	"da03ab1dd2698b70af0f360f87dde1167503552fa22d1851980ce23feef7e327"	"7ba739232d72c8c27cee91d86e4001c415c310d7"	"Codex"	"2026-09-23"	"pass"	"findings"	"passed"	"See batch 008: focused build, eight guards, three examples and four axiom checks passed. Partial entries cover only the specified edits; full integration suite remains pending."	"specs/reviews/2026-09-22-evolved-preparation-trials.md"	"CR-LF5-002"	"specs/FOUNDATIONAL-CODE-REVIEW.md"
"CsdLean4/LF5/PointerOutcome.lean"	"record-dynamics-other"	"243"	"72f5a03d6a6e8a6df7772fa976a99cb6b64d05d5"	"54b35944d8f11b6af5d725a3cd29dd7047f1acd7e9e865ec04927a72e11a811f"	"historical"	""	""	""	""	""	""	""	""	""	""	""	""	"specs/FOUNDATIONAL-CODE-REVIEW.md"
"CsdLean4/LF5/SyndromeFlow.lean"	"record-dynamics-other"	"571"	"c9919cf7552d9bcd78609cd4852ab3cf62fdcb87"	"de4688ab5a51376edf81f93ab63d8ac59a65f611567a5ad7a98947cb24fdb32e"	"historical"	""	""	""	""	""	""	""	""	""	""	""	""	"specs/FOUNDATIONAL-CODE-REVIEW.md"
"CsdLean4/LF5/SyndromeOutcome.lean"	"record-dynamics-other"	"341"	"256d5c34838c684b452a43d69ff3fc6fca0eeb9c"	"b4a0bd1a3713369d2dabe93ab31e203d6a52779aba094a34a05195150d3f4bc0"	"historical"	""	""	""	""	""	""	""	""	""	""	""	""	"specs/FOUNDATIONAL-CODE-REVIEW.md"
"CsdLean4/LF5/VonNeumannUnitary.lean"	"record-dynamics-other"	"142"	"8c7f1a5d69c53b277ace4c57595b4dc4440dab3d"	"fda8c567fe5342aa65137a87281fd15c838948786ac3d1566c9d4b533de3f2cc"	"historical"	""	""	""	""	""	""	""	""	""	""	""	""	"specs/FOUNDATIONAL-CODE-REVIEW.md"
"CsdLean4/LF6/AmplitudeDamping.lean"	"record-dynamics-other"	"182"	"bd39f6721ce0389dc7ae63504e908a412228c9bb"	"0f9f61c29f8196b3ae7b01b34c4f4675ece227f2ea3611ac8d032711e8eed38d"	"historical"	""	""	""	""	""	""	""	""	""	""	""	""	"specs/FOUNDATIONAL-CODE-REVIEW.md"
"CsdLean4/LF6/BlochContraction.lean"	"record-dynamics-other"	"234"	"58c5e62d23fc2d2c2fa9a50c47440ad4776d4829"	"c3bc8218ff9940ea8b1eb3baa1682063109a9b967122e4c77aacf8cae5805938"	"unreviewed"	""	""	""	""	""	""	""	""	""	""	""	""	""
"CsdLean4/LF6/C1BellConsistency.lean"	"record-dynamics-other"	"684"	"2e44f72e4a2270c5bdd3ff84409032bdf8056955"	"48cf9364c678349dee060646d10ed3a4b6cb7ad82ca084e66fd4c1fc563c0d11"	"stale-source"	"full"	"f2fa7e2ca9232001eb7c9aedb549384fc739413b"	"6b236445948726e8caf6c91bd4880a2260916624e1a0e24ce6703567e7a2c610"	"9ffcba81f918b092415c80e665a7f693cffddd4c"	"Codex"	"2026-09-24"	"findings"	"findings"	"passed"	"Batch 010: final 4330-job full build; unchanged standard-linter baseline; Gleason-free scan (260 declarations/11 modules); eight further guards; four POVM boundary probes. See report for source-delta and dependency refresh scopes."	"specs/reviews/2026-09-23-effect-helpers-povm.md"	"CR-LF3-003"	"specs/reviews/2026-09-22-exclusive-singlet-outcomes.md;specs/reviews/2026-09-22-circle-totality-flow-effects.md;specs/reviews/2026-09-23-gleason-busch.md"
"CsdLean4/LF6/CGLMPQudit.lean"	"record-dynamics-other"	"621"	"0febf4e272787ab2806d1cef43aba85a6020bdcc"	"90c7127035c8b95084687ef8610dfd273da82de529fa13caf5ae850c8c9b1180"	"historical"	""	""	""	""	""	""	""	""	""	""	""	""	"specs/FOUNDATIONAL-CODE-REVIEW.md"
"CsdLean4/LF6/CGLMPQutrit.lean"	"record-dynamics-other"	"409"	"adc4bad4723aa470d689b22320f0b0e823eb8c77"	"97f39211d548f1fffece56120003c7d6dd9507d076500926d9d79fd7b76fa4aa"	"historical"	""	""	""	""	""	""	""	""	""	""	""	""	"specs/FOUNDATIONAL-CODE-REVIEW.md"
"CsdLean4/LF6/Decoherence.lean"	"record-dynamics-other"	"578"	"56b64dcee0e741983ee71a64fd8fdf02efbc14c2"	"696fd467c4123dbfbc6225ef9cf1d63412d46417b3ffb1c9ec80d1b1cea2b4a5"	"historical"	""	""	""	""	""	""	""	""	""	""	""	""	"specs/FOUNDATIONAL-CODE-REVIEW.md"
"CsdLean4/LF6/DecoherenceChannel.lean"	"record-dynamics-other"	"95"	"2e153494f2d9af2e79d08d3bdb9c893d1c1fa644"	"cb11e8e1dee8ae64341b410fdd88569e5ae65cb30ffa6a3ba8b6e21a6d38ac4e"	"unreviewed"	""	""	""	""	""	""	""	""	""	""	""	""	""
"CsdLean4/LF6/DeisolationCapacity.lean"	"record-dynamics-other"	"133"	"b85b24898eb2a6c269a4103ff380e8336a3c8b6a"	"f923714ab0da11291d487549b4ae68a2fbdf1a8c51ae395a589933c15f83a59e"	"unreviewed"	""	""	""	""	""	""	""	""	""	""	""	""	""
"CsdLean4/LF6/DephasingSemigroup.lean"	"record-dynamics-other"	"145"	"58672b60e737c0c3e6ffed737063587b6a3786d7"	"6a09427e370cc845d9b46c55c46b9053aaef9e32baead0893ab0caa527b72221"	"historical"	""	""	""	""	""	""	""	""	""	""	""	""	"specs/FOUNDATIONAL-CODE-REVIEW.md"
"CsdLean4/LF6/ForcedContextuality.lean"	"record-dynamics-other"	"274"	"fbac2e84514c7c38821c07314f8bf243bc4905a9"	"ef540fd3532b6bd2267a54e4b9135201babf51af2b3b1901f20aa4fe5d836be3"	"historical"	""	""	""	""	""	""	""	""	""	""	""	""	"specs/FOUNDATIONAL-CODE-REVIEW.md"
"CsdLean4/LF6/GHZContextuality.lean"	"record-dynamics-other"	"411"	"42e607956d4c279e98fc931a3e095ab34c76109e"	"43f03b59d8762ac9291bb68b838c43912801105c7d1b86311f2dc6ff95a0fc57"	"historical"	""	""	""	""	""	""	""	""	""	""	""	""	"specs/FOUNDATIONAL-CODE-REVIEW.md"
"CsdLean4/LF6/GHZDeisolationFlow.lean"	"record-dynamics-other"	"368"	"a3459e2169f5cc5351a2d8d712ef524aac696f0d"	"7990877f590d8473f760ce59ee77419fd4a21efaf68e80a14d364c8de8bc3cb9"	"historical"	""	""	""	""	""	""	""	""	""	""	""	""	"specs/FOUNDATIONAL-CODE-REVIEW.md"
"CsdLean4/LF6/GHZLocalFlow.lean"	"record-dynamics-other"	"655"	"36eb461e930816f49a7190983d429b38c7ba47fe"	"7506c56ac989b9d889653fe076ec1ac32204fbf0a1aab559e83066223c800fe9"	"historical"	""	""	""	""	""	""	""	""	""	""	""	""	"specs/FOUNDATIONAL-CODE-REVIEW.md"
"CsdLean4/LF6/GHZMerminCarve.lean"	"record-dynamics-other"	"628"	"8b0b5d00e9e9cb1cf0a64f7b73fd3b9ef7f83d05"	"659e60140b08ae542878de0f6cdf371bed427e98195f1aa3b54611395146fcad"	"historical"	""	""	""	""	""	""	""	""	""	""	""	""	"specs/FOUNDATIONAL-CODE-REVIEW.md"
"CsdLean4/LF6/GHZnDeisolationFlow.lean"	"record-dynamics-other"	"963"	"d13c495d2f6aafb5f16b05141e60b91de9c95b28"	"0f4c3d46ab5ac2a532ca112d4f72b350e1cddf8378398f3d216e11494f6f9956"	"historical"	""	""	""	""	""	""	""	""	""	""	""	""	"specs/FOUNDATIONAL-CODE-REVIEW.md"
"CsdLean4/LF6/GisinTheorem.lean"	"record-dynamics-other"	"180"	"f7da0a23016da9de30d6f16b805f4255a9f6a0ec"	"ebc771728183e51cee7e2be1ccee147b4fc011ed5edeabe955780d3838451503"	"historical"	""	""	""	""	""	""	""	""	""	""	""	""	"specs/FOUNDATIONAL-CODE-REVIEW.md"
"CsdLean4/LF6/LindbladGenerator.lean"	"record-dynamics-other"	"263"	"8471820cc4a6dc711fd10d8e9817d3e6cf0d6cd6"	"7da94448249ccfb1d287dde76721779690e28d2133104b23a39136b846610b18"	"historical"	""	""	""	""	""	""	""	""	""	""	""	""	"specs/FOUNDATIONAL-CODE-REVIEW.md"
"CsdLean4/LF6/LindbladPositivity.lean"	"record-dynamics-other"	"695"	"102348f983aeedae9ba4db797f7a3f3333e4e79b"	"a680974f5e1fcf4a64057ec788c8b46233595471cd19a91fe20df3fee3cb553b"	"unreviewed"	""	""	""	""	""	""	""	""	""	""	""	""	""
"CsdLean4/LF6/LindbladSemigroup.lean"	"record-dynamics-other"	"313"	"49f0f6e47cdf147cf8bb0da0d99758eef623dcd2"	"b9743321d49242ca1b32b03a522730c39c6e694ed030b60d6f1a95e3f97912a8"	"unreviewed"	""	""	""	""	""	""	""	""	""	""	""	""	""
"CsdLean4/LF6/LocalDeisolationFlow.lean"	"record-dynamics-other"	"677"	"1a9f5337764b96da0d632294fcc6a982eab7d2a4"	"6fa0e96501d9a3fae6d9949e11490cda2d44ee661b160de72c01d5ce09e822cf"	"historical"	""	""	""	""	""	""	""	""	""	""	""	""	"specs/FOUNDATIONAL-CODE-REVIEW.md"
"CsdLean4/LF6/MaxEntangledCGLMPCapstone.lean"	"record-dynamics-other"	"128"	"5053031a9961604caa8ea230c38fc969a36050cb"	"4a65269f8f2d52f4c57e58e95c7f97633f64975ce77634a64163709db9e19247"	"historical"	""	""	""	""	""	""	""	""	""	""	""	""	"specs/FOUNDATIONAL-CODE-REVIEW.md"
"CsdLean4/LF6/MaxEntangledDeisolationFlow.lean"	"record-dynamics-other"	"759"	"c87cb1ab828e87e1c5a8f052ccb9cee69f40da7a"	"0a7e99375ebaff9650c5ec468cbd54d10c1e5e2fb8425e4f426c943418895422"	"historical"	""	""	""	""	""	""	""	""	""	""	""	""	"specs/FOUNDATIONAL-CODE-REVIEW.md"
"CsdLean4/LF6/MeasurementFlowChannel.lean"	"record-dynamics-other"	"175"	"3de971a4db729dfec76febbad2e86ee81d0ea823"	"108f8277a07982233f7fd1f500aa8d8205506d10f47da5ef6122caf85816530f"	"stale-source"	"full"	"3189278f81a09d1441616e37c2f92eac3b7b57ff"	"7cfba1921315dac032c62fe03884c07f56bf35a7abc0317be4d4983143e477de"	"9ffcba81f918b092415c80e665a7f693cffddd4c"	"Codex"	"2026-09-24"	"pass"	"findings"	"passed"	"Batch 010: final 4330-job full build; unchanged standard-linter baseline; Gleason-free scan (260 declarations/11 modules); eight further guards; four POVM boundary probes. See report for source-delta and dependency refresh scopes."	"specs/reviews/2026-09-23-effect-helpers-povm.md"	"CR-LF5-002,CR-LF6-001,CR-LF2-006"	"specs/reviews/2026-09-22-evolved-preparation-trials.md;specs/reviews/2026-09-23-gleason-busch.md"
"CsdLean4/LF6/NudgeLocality.lean"	"record-dynamics-other"	"392"	"a91e341b8949f6df8e006c3951701e58155794e4"	"9202ae885c3bffeb35e4cd16c8ea43d99ff8c6b1a6f94a091970ef0db3b3df3d"	"unreviewed"	""	""	""	""	""	""	""	""	""	""	""	""	""
"CsdLean4/LF6/PartialSchmidtCorrelation.lean"	"record-dynamics-other"	"145"	"ffdce90f991a0c8c0d3547a3d311cfb5c76f172f"	"8628bab26ab58a10f42b54334a87320939284ce1a5faca3cdd99d77186661dc7"	"historical"	""	""	""	""	""	""	""	""	""	""	""	""	"specs/FOUNDATIONAL-CODE-REVIEW.md"
"CsdLean4/LF6/SingletDeisolationFlow.lean"	"record-dynamics-other"	"538"	"7330d3a17fe3f5529d4a1d3b1e375c50cf56a979"	"3e5e87d82dcc74369b926ef928cc27d241f08f0c03506e17bc38e3ce695a7805"	"historical"	""	""	""	""	""	""	""	""	""	""	""	""	"specs/FOUNDATIONAL-CODE-REVIEW.md"
"CsdLean4/Mathlib/Analysis/CStarAlgebra/OperatorConvexCFC.lean"	"library"	"210"	"ffebe5beafbb9c6a057d3c3fa90bc037745b16ae"	"4d159d48da46a5544ad60c5d016c7cb9bc3c74b1d9d5490f2b33226dfa42f916"	"unreviewed"	""	""	""	""	""	""	""	""	""	""	""	""	""
"CsdLean4/Mathlib/Analysis/Calculus/ContDiffParametricIntervalIntegral.lean"	"library"	"164"	"047fcaabb6f7c8e8235a30ca392d4d64a7cc84ae"	"4955a55b2c54f8d58ec21cf60b40c34c14b2d05fb295377b508a46ba7d8590a4"	"unreviewed"	""	""	""	""	""	""	""	""	""	""	""	""	""
"CsdLean4/Mathlib/Analysis/Calculus/DifferentialForm/Poincare.lean"	"library"	"799"	"af439c04c369dded4eb8f2fbfe3e572cfb9a2e6b"	"e97be027bcb06cf8bf314d772462ba08d41a8c2183476a6cd323f4dc9cd92a14"	"unreviewed"	""	""	""	""	""	""	""	""	""	""	""	""	""
"CsdLean4/Mathlib/Analysis/Calculus/FDeriv/Quotient.lean"	"library"	"68"	"6cdc572490edf6655b073971423134e29d65122e"	"65cc25f69814a8c33c074333f83eb0c1485487e59eae5d0fd94d822e6347aaeb"	"unreviewed"	""	""	""	""	""	""	""	""	""	""	""	""	""
"CsdLean4/Mathlib/Analysis/Calculus/SchrodingerCurrent.lean"	"library"	"306"	"b3063989820cd2739dc425eab1cade2df5e0d8c4"	"043c4ed8b0a20e60ad3c5ceb86241d017c9a1804f49fcf5b667bcfb6fe5673b5"	"unreviewed"	""	""	""	""	""	""	""	""	""	""	""	""	""
"CsdLean4/Mathlib/Analysis/Fourier/Wigner.lean"	"library"	"440"	"17c8107bd869ff68b3376200e1e021d7ab210359"	"e4b28b5109e3c054b2a817b11b7121fe1e1ed7dfdd7a98b59174115806bd45f9"	"unreviewed"	""	""	""	""	""	""	""	""	""	""	""	""	""
"CsdLean4/Mathlib/Analysis/Fourier/WignerWeyl.lean"	"library"	"317"	"76f1dc13909f32814eafd5d8094347566354cb72"	"cf4c1309fa68d2cecc3464001a777860bafcfae764ced40e43a08957aee1fe3c"	"unreviewed"	""	""	""	""	""	""	""	""	""	""	""	""	""
"CsdLean4/Mathlib/Analysis/InformationGeometry/BraunsteinCaves.lean"	"library"	"319"	"4ec52560da5df240d8eb62f017fff75fc8892692"	"f128e6a37e1c8b1a07aeb773efc28b115e209aafc60fab785d4dd98aeae38436"	"unreviewed"	""	""	""	""	""	""	""	""	""	""	""	""	""
"CsdLean4/Mathlib/Analysis/InformationGeometry/FisherRao.lean"	"library"	"176"	"5a963afeae345ae8ffd289a0322b6ebb2c6c3627"	"c3c94848e68064cb305bdd2846219276cb1a262fb2f9f3b062bdd012bbf08387"	"historical"	""	""	""	""	""	""	""	""	""	""	""	""	"specs/reviews/history.md#bridge-reviews-september-1617"
"CsdLean4/Mathlib/Analysis/InformationGeometry/FubiniStudyFisherRao.lean"	"library"	"215"	"9b688972e67658b7d661e473c240355f88061060"	"2b57f9b21a13f32ee1de4fb29c71c940f26606ee50eb70c101774fc7337d7432"	"historical"	""	""	""	""	""	""	""	""	""	""	""	""	"specs/reviews/history.md#bridge-reviews-september-1617"
"CsdLean4/Mathlib/Analysis/InnerProductSpace/GeometricPhase.lean"	"library"	"245"	"0015f8220cf59d69b24cd1ce5521cfec638fe518"	"1e78546cda91ee7fd89be02462a4938e170f78b7535bccf58b1bd6161956e24a"	"unreviewed"	""	""	""	""	""	""	""	""	""	""	""	""	""
"CsdLean4/Mathlib/Analysis/InnerProductSpace/GeometricPhaseCurvature.lean"	"library"	"235"	"2bdfbe0cd48264095c83d8c3bc9be5aabed7403b"	"caa791d887e8362ab144e803702902fe45de6fd487dfbdd0ac96b2b8d67f164a"	"unreviewed"	""	""	""	""	""	""	""	""	""	""	""	""	""
"CsdLean4/Mathlib/Analysis/InnerProductSpace/Gleason/Core.lean"	"library"	"62"	"7c98258dfa69a4179efce8dee52067f333b272fe"	"fa531133ced000d7c51c78214b6669a28cf8ccf69a59df86bfb04656aa8a3aa0"	"unreviewed"	""	""	""	""	""	""	""	""	""	""	""	""	""
"CsdLean4/Mathlib/Analysis/InnerProductSpace/Gleason/Descent.lean"	"library"	"265"	"63ebff8e2a317eea83fee9b9f9f4ca24b92a5b37"	"4a8ef85b06125c7c5c40db215fca1f59a5c2f77bd1300e0556986625e923384d"	"unreviewed"	""	""	""	""	""	""	""	""	""	""	""	""	""
"CsdLean4/Mathlib/Analysis/InnerProductSpace/Gleason/Extremal.lean"	"library"	"617"	"92c31ecbb81c7bed54d31a70ab8076a12e02ce6f"	"f9345d7917601d4cb1a844e4935c813be8e5823884e2f3bb54ed5e776f39ab74"	"unreviewed"	""	""	""	""	""	""	""	""	""	""	""	""	""
"CsdLean4/Mathlib/Analysis/InnerProductSpace/Gleason/FrameFunction.lean"	"library"	"628"	"90f43aa45b33a806572bacd6c261c32b3d870a7d"	"a35ac279229e9c80de35736d79eb272d597b948ea95a414be876d5cc5762f1e1"	"unreviewed"	""	""	""	""	""	""	""	""	""	""	""	""	""
"CsdLean4/Mathlib/Analysis/InnerProductSpace/Gleason/General.lean"	"library"	"696"	"d091ee689cba0316f9e8e6d66ebfa1091826ac48"	"01031566bff656a56f2b6cc4b1ba380c23c17845b320d07dbf341525f2693604"	"unreviewed"	""	""	""	""	""	""	""	""	""	""	""	""	""
"CsdLean4/Mathlib/Analysis/InnerProductSpace/Gleason/Piron.lean"	"library"	"626"	"642e0d1e011eeea2b7124ddbfbce63a4b6460bf3"	"b73b2066bf05326bd5cb5b781fb33b5755874c5996efcd0884fcfd5d7ed2c38c"	"unreviewed"	""	""	""	""	""	""	""	""	""	""	""	""	""
"CsdLean4/Mathlib/Analysis/InnerProductSpace/Gleason/Polarization.lean"	"library"	"475"	"99117ac820641e3c2dfa99e43f0478c89d2317d4"	"770a20c010490550d8f5776428c7949d59adb4c7da7b850289304575214cde5d"	"unreviewed"	""	""	""	""	""	""	""	""	""	""	""	""	""
"CsdLean4/Mathlib/Analysis/InnerProductSpace/Gleason/ProjectionPackage.lean"	"library"	"380"	"3aaafe560f5ea7e2e9186c826ace0a434add26f7"	"4d4a300327407faeafc53f6f5d88033cdcfde822585b34297fb8ef887e38e289"	"unreviewed"	""	""	""	""	""	""	""	""	""	""	""	""	""
"CsdLean4/Mathlib/Analysis/InnerProductSpace/Gleason/Real.lean"	"library"	"1016"	"35548a6b3e31f759113542f07cb239c081f1a82b"	"03ec18425af00c6595e23a67ba42213501e9dfffa9342e6fa49808adbe408e68"	"unreviewed"	""	""	""	""	""	""	""	""	""	""	""	""	""
"CsdLean4/Mathlib/Analysis/InnerProductSpace/Gleason/RealFrame.lean"	"library"	"338"	"fa61b4afc0659f3def3eed66225e350a3d1706d7"	"60027461a98029c92840af1247e8d6982cc6dc0f3e84e18810530ef45d7edb34"	"unreviewed"	""	""	""	""	""	""	""	""	""	""	""	""	""
"CsdLean4/Mathlib/Analysis/InnerProductSpace/Gleason/Reduction.lean"	"library"	"76"	"73854f17de4e0b2afee39231d051474b41b02586"	"bd075d5bf3f69d26be6fe97b0186fe5fc1946846ecd85845ffec96cb10ea9dbc"	"unreviewed"	""	""	""	""	""	""	""	""	""	""	""	""	""
"CsdLean4/Mathlib/Analysis/InnerProductSpace/Gleason/SimpleFrame.lean"	"library"	"560"	"19bdc6cabc04f335cb54cadbc037bfaf4594a6ec"	"c5999545b31f3ce64baeb389920feac2f6bbe49a580834d560e050b372c37eea"	"unreviewed"	""	""	""	""	""	""	""	""	""	""	""	""	""
"CsdLean4/Mathlib/Analysis/InnerProductSpace/Gleason/Sphere.lean"	"library"	"380"	"e7bbfb9d344d1880bfa9fd07d23a38e5a1b11348"	"0bcb27123b33cd99672e5e0d7e2145c27561cc398764b26d99768654098323fe"	"unreviewed"	""	""	""	""	""	""	""	""	""	""	""	""	""
"CsdLean4/Mathlib/Analysis/InnerProductSpace/Gleason/Warmup.lean"	"library"	"362"	"3c6839267d661a49f53657df87809cf0001d9105"	"48c91d55110816b71d2b9dffe2b705d6b74c4a7f742fc82be55d958a49eeefc5"	"unreviewed"	""	""	""	""	""	""	""	""	""	""	""	""	""
"CsdLean4/Mathlib/Analysis/InnerProductSpace/HamiltonianVectorField.lean"	"library"	"167"	"c9c7f2dacb6d6f4f8834df5fe11e999cf3eb37a1"	"576c5ac79469d98b326122ccf85f8cc3f15d5bf2490a33fc0a41e6d1455f2f1b"	"historical"	""	""	""	""	""	""	""	""	""	""	""	""	"specs/FOUNDATIONAL-CODE-REVIEW.md;specs/reviews/history.md#bridge-reviews-september-1617"
"CsdLean4/Mathlib/Analysis/InnerProductSpace/KahlerClosed.lean"	"library"	"162"	"25c71fee61fe70497564c6304e58a9866cff1f5b"	"3be3b56548ead3dd9eee212c88fbd7cd0b48fec8021c679d538496cff73128c3"	"historical"	""	""	""	""	""	""	""	""	""	""	""	""	"specs/reviews/history.md#bridge-reviews-september-1617"
"CsdLean4/Mathlib/Analysis/InnerProductSpace/KahlerForm.lean"	"library"	"251"	"7a065a15823da8e727b3a549c2b0c1436eb18a58"	"32ad2009cdf723ad6b5f940a3947baeb4773f348bf5b67785e46510543ca2a02"	"historical"	""	""	""	""	""	""	""	""	""	""	""	""	"specs/FOUNDATIONAL-CODE-REVIEW.md;specs/reviews/history.md#bridge-reviews-september-1617"
"CsdLean4/Mathlib/Analysis/InnerProductSpace/KahlerPluriharmonic.lean"	"library"	"184"	"f70dc7f8572f4f73b83da2d8c6a995a33fb34e4f"	"586af5534c0c2682af1ed171fbd766d2c153094dbdfa38271ee64fca9b4dca4d"	"historical"	""	""	""	""	""	""	""	""	""	""	""	""	"specs/reviews/history.md#bridge-reviews-september-1617"
"CsdLean4/Mathlib/Analysis/InnerProductSpace/KahlerPotential.lean"	"library"	"298"	"52df96813161020b17fcda4e3baf7cf6afd8801f"	"410fc0e44dbec1f178eea738a81596b8994ad67cf058334f79a471dbe5fc3f4d"	"historical"	""	""	""	""	""	""	""	""	""	""	""	""	"specs/reviews/history.md#bridge-reviews-september-1617"
"CsdLean4/Mathlib/Analysis/InnerProductSpace/KahlerWedge.lean"	"library"	"99"	"564b188640868b43992d5615d8a3222b15ab903f"	"d526c275980f007960f88913f9d3eda28a8b85145303de04fd473dd8ccaea07a"	"unreviewed"	""	""	""	""	""	""	""	""	""	""	""	""	""
"CsdLean4/Mathlib/Analysis/Matrix/DuhamelBound.lean"	"library"	"146"	"db93c8bca01790fe4abe9ef3d5ad089d58d7c10c"	"2884c334745078f52c276c576f142adb9be38400fccc185cdb86eed70457156e"	"historical"	""	""	""	""	""	""	""	""	""	""	""	""	"specs/FOUNDATIONAL-CODE-REVIEW.md"
"CsdLean4/Mathlib/Analysis/Matrix/DysonSeries.lean"	"library"	"317"	"aa8a6ef39f08e9cc42f319755486763423aa70bb"	"33db2369b05ac120ffdc516d5af32a705797c8da58e248109c35a30bf36c8708"	"unreviewed"	""	""	""	""	""	""	""	""	""	""	""	""	""
"CsdLean4/Mathlib/Analysis/Matrix/DysonVertex.lean"	"library"	"342"	"1758efdc1795d86bccfaccd401658438d23cf374"	"13aca931a8d87796165c8f8ad3e4b4679ce1077a20c85952476aa2828f5c40da"	"unreviewed"	""	""	""	""	""	""	""	""	""	""	""	""	""
"CsdLean4/Mathlib/Analysis/Matrix/L2OpNormDiagonal.lean"	"library"	"72"	"de43a0b0e50d7ffb0589adb65bbe7e4f49d96c38"	"93304f49d67268882d4a18612e2a8e8cc6b3f31185a4e888df1574cf5c31bda2"	"unreviewed"	""	""	""	""	""	""	""	""	""	""	""	""	""
"CsdLean4/Mathlib/Analysis/Matrix/L2OpNormEntry.lean"	"library"	"70"	"7173dfda3dccc74c2dc0b1fdc2ad5054ad47d263"	"faf82df040ab8d2d86e0c73c66c1af7099ebba1a1bfbcd288dd667066dd3d7f3"	"historical"	""	""	""	""	""	""	""	""	""	""	""	""	"specs/FOUNDATIONAL-CODE-REVIEW.md"
"CsdLean4/Mathlib/Analysis/Matrix/OperatorConvex.lean"	"library"	"768"	"861fbd2a47ef3a20405d16e8f07f2d5b854f3678"	"97efcc105f10c813826c8ed276bd031697149302595e9a3e2d18a1e6a2492aaa"	"historical"	""	""	""	""	""	""	""	""	""	""	""	""	"specs/FOUNDATIONAL-CODE-REVIEW.md"
"CsdLean4/Mathlib/Analysis/Matrix/OperatorConvexBridge.lean"	"library"	"389"	"927f29e54624bf9f6228d6dc93c0f390cbdeca2e"	"34ec2976343d6c16070f60ea5c0f9efd796f311d5bea4846a6a7dd7f1c52088d"	"historical"	""	""	""	""	""	""	""	""	""	""	""	""	"specs/FOUNDATIONAL-CODE-REVIEW.md"
"CsdLean4/Mathlib/Analysis/Matrix/ProjectiveLift.lean"	"library"	"245"	"ab72a11f70c37972b94f7805dcf0511f92de5d55"	"996b8e78453daa1ea1e875882d59fa55fb488fb75d06142c340296ff19ca5f41"	"unreviewed"	""	""	""	""	""	""	""	""	""	""	""	""	""
"CsdLean4/Mathlib/Analysis/Matrix/SchrodingerUnitary.lean"	"library"	"153"	"f36a5000e73c8178fa2ecec06490e16ba09300ca"	"0c6f19de721afb879bcdcef6308fe5d9fb3a28418622bf38d4d9c1ac2aa65c4e"	"unreviewed"	""	""	""	""	""	""	""	""	""	""	""	""	""
"CsdLean4/Mathlib/Analysis/Matrix/StoneC1.lean"	"library"	"272"	"f23802e92275e196ff944b812ebe358e269a581f"	"cb10afe45a1b31cf2d214e595904731b6b73b86344667f24015b6141c6f0ecab"	"historical"	""	""	""	""	""	""	""	""	""	""	""	""	"specs/FOUNDATIONAL-CODE-REVIEW.md"
"CsdLean4/Mathlib/Analysis/Matrix/SumOverPaths.lean"	"library"	"142"	"83d44147b8f1c01fdad1f2672567e4608207928d"	"794d7020a6b01d78422981b36611006b5cf701841efd1258aaf244db13604948"	"unreviewed"	""	""	""	""	""	""	""	""	""	""	""	""	""
"CsdLean4/Mathlib/Analysis/Matrix/TrotterProduct.lean"	"library"	"316"	"dd7bc2753e7b9024643036ac58f62108ee1328bd"	"5c73d0fe63cf09a041aa1497667762dbb8db536b3876a5ef0d6517d4bb3a1f28"	"unreviewed"	""	""	""	""	""	""	""	""	""	""	""	""	""
"CsdLean4/Mathlib/Analysis/Normed/Lp/Matrix.lean"	"library"	"63"	"8dbc65d78578d7aa9f350fe1351ee465960a62db"	"5eb86b4bb27c855ac36b959f00e0a5fb13e68db0ce051646cf7ae290d0d07477"	"historical"	""	""	""	""	""	""	""	""	""	""	""	""	"specs/FOUNDATIONAL-CODE-REVIEW.md"
"CsdLean4/Mathlib/Analysis/Normed/Module/Alternating/Pullback.lean"	"library"	"297"	"bfea070fa647f39a8afc699625de3f4d8d1ff218"	"a94cec6be8d4a097af4b40b85339570f60b5159375c499e858f158c65cdb3b92"	"historical"	""	""	""	""	""	""	""	""	""	""	""	""	"specs/reviews/history.md#bridge-reviews-september-1617"
"CsdLean4/Mathlib/Analysis/Normed/Module/Alternating/TopForm.lean"	"library"	"74"	"146c91e52aaf275910993632236193158aa0a310"	"d1a767fbaed82109419fc0ee879516f8d68dfb88b9e5b10ddf27226a2fe1f5ff"	"historical"	""	""	""	""	""	""	""	""	""	""	""	""	"specs/reviews/history.md#bridge-reviews-september-1617"
"CsdLean4/Mathlib/Analysis/Normed/Module/Alternating/Wedge.lean"	"library"	"213"	"5ec0a9aeefbd20489a98748d03cbac57eac24a23"	"fd2dd211dfe059cb03e765369e67472f876dbe28e49512767213cd1aab29bcf2"	"historical"	""	""	""	""	""	""	""	""	""	""	""	""	"specs/reviews/history.md#bridge-reviews-september-1617"
"CsdLean4/Mathlib/Analysis/Normed/Module/Alternating/WedgeCLM.lean"	"library"	"239"	"bdc21e1f83c918a8f12c5f0cdfc461fbb912792d"	"bcb53dc4ff54d18aecb9d5f4e3bb19f1a659fd354f85c748094f1293131f6702"	"historical"	""	""	""	""	""	""	""	""	""	""	""	""	"specs/reviews/history.md#bridge-reviews-september-1617"
"CsdLean4/Mathlib/Analysis/Normed/Module/Alternating/WedgeShuffle.lean"	"library"	"362"	"a39b80ed6eb88ca8d7b3db428c7eb3d9518bf475"	"480f6c28d765177eb01aad4c3c2c876da2e8096bb36e813815368993c3c4500d"	"historical"	""	""	""	""	""	""	""	""	""	""	""	""	"specs/reviews/history.md#bridge-reviews-september-1617"
"CsdLean4/Mathlib/Analysis/NormedSpace/TrotterGeneral.lean"	"library"	"384"	"7f8acafb4a788b63b9d96777fe5efef341d0fa35"	"0e6b4ad353e885a0ba7d02ab90d82aa93fc4687e2a593008186c80af21469c52"	"unreviewed"	""	""	""	""	""	""	""	""	""	""	""	""	""
"CsdLean4/Mathlib/Analysis/ODE/FlowDerivative.lean"	"library"	"987"	"851eb951521eeb927f046ba560d94a6fec8dad42"	"5a143e73602b2bad9e26f849e1a61ca39c973d2e3e89f680d0000bd110f73187"	"unreviewed"	""	""	""	""	""	""	""	""	""	""	""	""	""
"CsdLean4/Mathlib/Analysis/ODE/FlowSmooth.lean"	"library"	"447"	"b0255839a155e719227cb453444f55b1ca7cf875"	"9dbb573920cea6641c78c2c2e719c341d2ce986e36277fa70bf4f9d364d925ce"	"unreviewed"	""	""	""	""	""	""	""	""	""	""	""	""	""
"CsdLean4/Mathlib/Analysis/Semigroup/BoundedPerturbation.lean"	"library"	"834"	"1a6d5aa79e20a984fb32f8c8599f9a89021fe5d2"	"f839d12b7499fd30571721401cfc2b63aeb6b19f41eab5b8454979f9aebb0c04"	"unreviewed"	""	""	""	""	""	""	""	""	""	""	""	""	""
"CsdLean4/Mathlib/Analysis/Semigroup/GaussianPacket.lean"	"library"	"324"	"25574c3222ad7533ab495812d2b1086e4480af57"	"9301d58102a229930de40320997879155b6bf02c0809bc1ebc98efc3b7fa3629"	"unreviewed"	""	""	""	""	""	""	""	""	""	""	""	""	""
"CsdLean4/Mathlib/Analysis/Semigroup/HeatSemigroup.lean"	"library"	"506"	"f5b4d62a8551bba110f4fe159417b40623277ef7"	"d124004d7afbafd971c0518f312b202398e40ac1acd51ab00ab763f52c40c73d"	"unreviewed"	""	""	""	""	""	""	""	""	""	""	""	""	""
"CsdLean4/Mathlib/Analysis/Semigroup/MatrixInstance.lean"	"library"	"346"	"1068cbc7fcc41887c8d11bda1d4b8b2a1178109a"	"d75f4fa3c2712e857adc02452ec2cf3fe88c409f04e3d8bca83050a4d48dd036"	"unreviewed"	""	""	""	""	""	""	""	""	""	""	""	""	""
"CsdLean4/Mathlib/Analysis/Semigroup/SchrodingerGroup.lean"	"library"	"706"	"1851517a7cd3f4dcbac6585133a458616d047470"	"f3c223844a7e157ba84dccad88d707b2b6a6887d44f61d348dd88ebc67503bf6"	"unreviewed"	""	""	""	""	""	""	""	""	""	""	""	""	""
"CsdLean4/Mathlib/Analysis/Semigroup/SchrodingerSchwartz.lean"	"library"	"329"	"5b63a50035b752ab91078d945c449f4cf5e01955"	"6a74514113bf6ee888f87a9cf00bedd1a58d84c55f8a770361cd54e4dbc50684"	"unreviewed"	""	""	""	""	""	""	""	""	""	""	""	""	""
"CsdLean4/Mathlib/Analysis/SpecialFunctions/JapaneseBracketEuclidean.lean"	"library"	"83"	"59611e15a613f52f63f20ab02014441a6801ed32"	"5c4fd9074157f4249bb79fc095d5d84a7d424d489aa6a6d659a64c9d49dbfb37"	"historical"	""	""	""	""	""	""	""	""	""	""	""	""	"specs/reviews/history.md#bridge-reviews-september-1617"
"CsdLean4/Mathlib/Analysis/SpecialFunctions/JapaneseBracketIntegral.lean"	"library"	"190"	"c49da62b4f39221bbf770a05b733cacc1a9d1e49"	"16a7622f8cc650f53c73755a47630751cd9423d6ce3d19918f9354ea7824599d"	"historical"	""	""	""	""	""	""	""	""	""	""	""	""	"specs/reviews/history.md#bridge-reviews-september-1617"
"CsdLean4/Mathlib/Combinatorics/PairingSum.lean"	"library"	"273"	"111afba2d96003901399ebe07bb75176d63294f8"	"972b7900a6cc8874b4a4dcf7a5bcbf06b317b0cfb7fc687e3d900e167fcb963b"	"unreviewed"	""	""	""	""	""	""	""	""	""	""	""	""	""
"CsdLean4/Mathlib/Dynamics/CatMapWitness.lean"	"library"	"404"	"63ce62dadc03ada2c5d3b98475fe90481f80afcb"	"0f2cce3cb522213d023f76fc3d826516bcb491adce41bbcce58148e45fc6688c"	"unreviewed"	""	""	""	""	""	""	""	""	""	""	""	""	""
"CsdLean4/Mathlib/Dynamics/CompactGroupNoMixing.lean"	"library"	"135"	"5ad6bb0640054de8a07bbb27206d9f8a8c44a2c9"	"e0ed0d93d8d3b3aa14c7bf859419e01c7d52dfc0f43174de4cc0400812c4e5e3"	"unreviewed"	""	""	""	""	""	""	""	""	""	""	""	""	""
"CsdLean4/Mathlib/Dynamics/CorrelationDecay.lean"	"library"	"437"	"b1378608f8732676d88193208070970bf47bb5b2"	"1ede20d919ac2a942756b2db39193ec6675d6f8a64f514596f1fe3eea6bb2494"	"unreviewed"	""	""	""	""	""	""	""	""	""	""	""	""	""
"CsdLean4/Mathlib/Dynamics/CorrelationDecayWitness.lean"	"library"	"308"	"ce9f7a09bbfa68fc7c6f9a75abe82f04535d879e"	"d62a60465cb2b1342b60b72d61df285072247af7f141998fa111408a5937dc2e"	"unreviewed"	""	""	""	""	""	""	""	""	""	""	""	""	""
"CsdLean4/Mathlib/Dynamics/Kac.lean"	"library"	"286"	"9f65a20a386ceaeb69574dae8ab7385fff906ad1"	"3b30d6636ecf753f8de038d0fc8539cb6a7ab3bb902a6baa9f3e2af143578c5b"	"unreviewed"	""	""	""	""	""	""	""	""	""	""	""	""	""
"CsdLean4/Mathlib/Dynamics/Koopman.lean"	"library"	"169"	"f9a3726dd73a8bf65f130bf14c486f34b2ec7166"	"ec7b99f45ed7582fea3c5bd5f6972a1dd5e835fa092ebbe9289831457a8c4fb6"	"unreviewed"	""	""	""	""	""	""	""	""	""	""	""	""	""
"CsdLean4/Mathlib/Geometry/Manifold/Darboux.lean"	"library"	"890"	"0cd7f69bad25e34aef86fd09cd4026448bc38f62"	"44cba042b261ace239c1c6af27ec1f111c4f41f64ce6cfba877586e0ca309a9e"	"unreviewed"	""	""	""	""	""	""	""	""	""	""	""	""	""
"CsdLean4/Mathlib/Geometry/Manifold/DarbouxStandardForm.lean"	"library"	"319"	"6e99e9b136c6ee1f0d1e3c423d4886719a41659e"	"596346ba4837c9ed7fc0d5a3619086334ab7616cd1dc3ebaa44d11b9d2f99471"	"unreviewed"	""	""	""	""	""	""	""	""	""	""	""	""	""
"CsdLean4/Mathlib/Geometry/Manifold/DifferentialForm.lean"	"library"	"88"	"1c24cc5d4272e0ce415883b0be90c56cc86135f9"	"84387abb8614eb0be433dd164d0aabf315bf01846ca8dbc3c3c7a518598afad7"	"historical"	""	""	""	""	""	""	""	""	""	""	""	""	"specs/reviews/history.md#bridge-reviews-september-1617"
"CsdLean4/Mathlib/Geometry/Manifold/ExteriorDerivative.lean"	"library"	"490"	"7da43d269652697aa94613e1244d7b574a851ce8"	"f278500f66b6536041950768ebd71a823937b85e19c679f0ea3061655bfcae1d"	"historical"	""	""	""	""	""	""	""	""	""	""	""	""	"specs/reviews/history.md#bridge-reviews-september-1617"
"CsdLean4/Mathlib/Geometry/Manifold/FormInvariance.lean"	"library"	"236"	"69cdd75599022fd344451e1af6c9cf6f242e2d9a"	"7d6cc114b07460d552b92b888b676f021c572e9961e0163da5cf021aedbb9118"	"unreviewed"	""	""	""	""	""	""	""	""	""	""	""	""	""
"CsdLean4/Mathlib/Geometry/Manifold/HamiltonianFlowVolume.lean"	"library"	"480"	"7e8ae799eebdcf59f9f2861f7510c41020319502"	"abbbaa4e103eaaddba9ffa46745d6b9f4f56f5752cf5beab2192cceb683aa75c"	"unreviewed"	""	""	""	""	""	""	""	""	""	""	""	""	""
"CsdLean4/Mathlib/Geometry/Manifold/HamiltonianLieDerivative.lean"	"library"	"263"	"62db4811e01d47f54bb8085b079507770a5cb7f1"	"8b6a007cb0414cc469a316de4d24ee1ce4026e7031d547a51a737210382dce0e"	"unreviewed"	""	""	""	""	""	""	""	""	""	""	""	""	""
"CsdLean4/Mathlib/Geometry/Manifold/HamiltonianVectorField.lean"	"library"	"1417"	"05380080fdfae0a1950499c79a539119d79d9f98"	"d7caf30a5b6a315e068725d275b4da71e352880f70bcbc51eb94ef36ffa069a1"	"historical"	""	""	""	""	""	""	""	""	""	""	""	""	"specs/reviews/history.md#bridge-reviews-september-1617"
"CsdLean4/Mathlib/Geometry/Manifold/HolomorphicVectorField.lean"	"library"	"106"	"41ce57ea5f196525418c1fd200bcedbda7e30e7c"	"1c702ab600b03fc2cb8a2c80a9b50f1278002ea23c3459c03c7caa563c00d247"	"unreviewed"	""	""	""	""	""	""	""	""	""	""	""	""	""
"CsdLean4/Mathlib/Geometry/Manifold/Instances/AddCircle.lean"	"library"	"146"	"0c58dd8079a9bfa72675a81cdae4ddad6d15aa05"	"e41c9ebbf369afa46d4d2a88f0bcc72d9987e0a1126b4375232fed72e7cfabe0"	"unreviewed"	""	""	""	""	""	""	""	""	""	""	""	""	""
"CsdLean4/Mathlib/Geometry/Manifold/Instances/AddCircleTranslation.lean"	"library"	"229"	"f552f5866d6677f72a11bdede4be714ffa8f2299"	"b74a02ea3c48d6a67cae2d0450cf15cc040155fb0e248a9960f481d693b4a07e"	"unreviewed"	""	""	""	""	""	""	""	""	""	""	""	""	""
"CsdLean4/Mathlib/Geometry/Manifold/Instances/ProjectiveSpace.lean"	"library"	"339"	"bf6b86ec9aee445ccf6585eb47e5248648a50b66"	"663faffac874ff9a97d325f07cb4a78a8e46fac7ac2a0fd3087c66e8320bde58"	"historical"	""	""	""	""	""	""	""	""	""	""	""	""	"specs/reviews/history.md#bridge-reviews-september-1617"
"CsdLean4/Mathlib/Geometry/Manifold/Instances/ProjectiveSpaceChartCover.lean"	"library"	"63"	"2ba5ccb455bf5973ca709ad138f93015eb48e146"	"7a4dfe0be3532e6576666ce4b7a240a370234817cfe2c69e30c998278b5f0824"	"historical"	""	""	""	""	""	""	""	""	""	""	""	""	"specs/reviews/history.md#bridge-reviews-september-1617"
"CsdLean4/Mathlib/Geometry/Manifold/Instances/ProjectiveSpaceFisherRao.lean"	"library"	"600"	"ed2a5dec8ad242e564dbe7965b3cd3cd99f29b42"	"edf30affafc3f5379da589341b5bd0f04bb6225c5a4fb2f8eacc65148bbe6dd6"	"historical"	""	""	""	""	""	""	""	""	""	""	""	""	"specs/reviews/history.md#bridge-reviews-september-1617"
"CsdLean4/Mathlib/Geometry/Manifold/Instances/ProjectiveSpaceFubiniStudy.lean"	"library"	"231"	"056a81ec3b84bce0d118bc964ec78917fcbe6852"	"b8dd916255d159f23b548545dc1c878cc9ea19a631e0a90c277d262923b2f231"	"historical"	""	""	""	""	""	""	""	""	""	""	""	""	"specs/reviews/history.md#bridge-reviews-september-1617"
"CsdLean4/Mathlib/Geometry/Manifold/Instances/ProjectiveSpaceFubiniStudyForm.lean"	"library"	"447"	"f9a748f15b94a2be1f7550aba957703658907621"	"7ebfca6e4c5544c7b7f1507d36fd5dea1676ddd78bb055aa6fb5d370e00aa4db"	"historical"	""	""	""	""	""	""	""	""	""	""	""	""	"specs/reviews/history.md#bridge-reviews-september-1617"
"CsdLean4/Mathlib/Geometry/Manifold/Instances/ProjectiveSpaceFubiniStudyInvariance.lean"	"library"	"62"	"0b38c6735e940b66cc52e69501d4ce670791fe3d"	"864f6ef8dbf3f3b27f6c6c5d11e2efe50934cecca5e8fb7a7455690b369a79fc"	"unreviewed"	""	""	""	""	""	""	""	""	""	""	""	""	""
"CsdLean4/Mathlib/Geometry/Manifold/Instances/ProjectiveSpaceFubiniStudyMass.lean"	"library"	"442"	"6e475564b7514e77b8df5c87815a5f93064e478a"	"806a09c126bafd28446b3d9005803655a8261d7e6cb7a4dddc01eb1a03be50ad"	"historical"	""	""	""	""	""	""	""	""	""	""	""	""	"specs/reviews/history.md#bridge-reviews-september-1617"
"CsdLean4/Mathlib/Geometry/Manifold/Instances/ProjectiveSpaceFubiniStudyRiemannian.lean"	"library"	"405"	"6e52e99cc090a0ceff166cc43a0c58bfa021e7d4"	"a7371ac32c9c891e451b56b4e57c04eb1b371ffbe41e28b8caa7ee331a1dcdc0"	"historical"	""	""	""	""	""	""	""	""	""	""	""	""	"specs/reviews/history.md#bridge-reviews-september-1617"
"CsdLean4/Mathlib/Geometry/Manifold/Instances/ProjectiveSpaceFubiniStudySymplectic.lean"	"library"	"376"	"e3bf3ba0b55035fee974a55681e925e60a782df7"	"10f10c9f0c9191cdb92bb417bc834f5f240d8e5c93392e8e051fc67bae339559"	"historical"	""	""	""	""	""	""	""	""	""	""	""	""	"specs/reviews/history.md#bridge-reviews-september-1617"
"CsdLean4/Mathlib/Geometry/Manifold/Instances/ProjectiveSpaceFubiniStudyVolume.lean"	"library"	"330"	"e9c2c5d1eb8ef6014ab82018b56b3937b499c618"	"874f9966b9e83ff35885462e971acf8571c71497f4e8214369f0c45b03770a70"	"historical"	""	""	""	""	""	""	""	""	""	""	""	""	"specs/reviews/history.md#bridge-reviews-september-1617"
"CsdLean4/Mathlib/Geometry/Manifold/Instances/ProjectiveSpaceGeometricPhase.lean"	"library"	"721"	"d90738b4385a8c343d4ae0d9e706a8269d93068d"	"34dccbbae0acb91aea03e62f032172c0510cecbcec7d7798133480b8bb85b5f0"	"unreviewed"	""	""	""	""	""	""	""	""	""	""	""	""	""
"CsdLean4/Mathlib/Geometry/Manifold/Instances/ProjectiveSpaceHamiltonianFlow.lean"	"library"	"62"	"f569c54c969a8686e480e9ef5e5a5f31cece4a54"	"a6a877137cd0397bb8a8fd640aceeba1808d457d64880cfcea1956d3c8c3fe2f"	"unreviewed"	""	""	""	""	""	""	""	""	""	""	""	""	""
"CsdLean4/Mathlib/Geometry/Manifold/Instances/ProjectiveSpaceMomentMap.lean"	"library"	"690"	"c91560f8f5112ccb99bacff09291c0e0144751b0"	"ee90e54ffffde5469d1cb2e3b96fe858ac64d9b27da6d635c175b50e8f2f6672"	"historical"	""	""	""	""	""	""	""	""	""	""	""	""	"specs/reviews/history.md#bridge-reviews-september-1617"
"CsdLean4/Mathlib/Geometry/Manifold/Instances/ProjectiveSpaceSchrodingerFlow.lean"	"library"	"815"	"6c86191b530cc9b388fd91a9ad1ff2048cc95e47"	"15c842ea92b35f392627873258c2741abd14d90f3d640630f5412aab9ef048d1"	"unreviewed"	""	""	""	""	""	""	""	""	""	""	""	""	""
"CsdLean4/Mathlib/Geometry/Manifold/Instances/ProjectiveSpaceSchrodingerHolomorphic.lean"	"library"	"265"	"9d63663272cb3799b65ad0b7db5a3ee9439fa489"	"e3c19afe6a381b61eae7edd2d2490b897d4fc242e2cdf7784c61b225c34b4ed2"	"unreviewed"	""	""	""	""	""	""	""	""	""	""	""	""	""
"CsdLean4/Mathlib/Geometry/Manifold/Instances/ProjectiveSpaceTorusVolume.lean"	"library"	"319"	"8ee1df8c76432bac90c6a4c7b9f1495c209dc007"	"da6e66497cfcdeb9ce7b7dac9c31c1ce790227febd415e172c7993f2d7067122"	"unreviewed"	""	""	""	""	""	""	""	""	""	""	""	""	""
"CsdLean4/Mathlib/Geometry/Manifold/Instances/ProjectiveSpaceUnitaryAction.lean"	"library"	"254"	"d5d390e9e022395f11ecf5efc497d1c4fb1e76b6"	"414c540b41a33d5719306fdf5f6c14d7c0d2d261e3439b827f37b0f80824422d"	"historical"	""	""	""	""	""	""	""	""	""	""	""	""	"specs/reviews/history.md#bridge-reviews-september-1617"
"CsdLean4/Mathlib/Geometry/Manifold/IntegralCurve/FlowContinuity.lean"	"library"	"300"	"f132f0906bf06ac09b8221efa290db25d7f1ac9d"	"542adfce5f018623ff4078088b0b93fd7aed284bac99dec4b307206784f94cd0"	"unreviewed"	""	""	""	""	""	""	""	""	""	""	""	""	""
"CsdLean4/Mathlib/Geometry/Manifold/IntegralCurve/GlobalFlow.lean"	"library"	"301"	"f0e8fdc6bba729560ec412c6768489aa62215fc2"	"ddf2a514cae9cbede1e7d29fdcd276d6ea29337a5057a2f15a236a1263ce3985"	"historical"	""	""	""	""	""	""	""	""	""	""	""	""	"specs/reviews/history.md#bridge-reviews-september-1617"
"CsdLean4/Mathlib/Geometry/Manifold/ProductForm.lean"	"library"	"390"	"eb6c80e532e18f5490fa61bdd8a19e515d2b1fb0"	"778a2a221d4d0e7ce7598cb80b6772511593d586962ae89255d561324be91354"	"unreviewed"	""	""	""	""	""	""	""	""	""	""	""	""	""
"CsdLean4/Mathlib/Geometry/Manifold/ProductSelfModel.lean"	"library"	"197"	"6a5badb49c081b03e1daf2b2f2bb9225e61e2b4b"	"1765f92db192af1a035079eadc456d850f621e723546944d836d2af4b3af125a"	"unreviewed"	""	""	""	""	""	""	""	""	""	""	""	""	""
"CsdLean4/Mathlib/Geometry/Manifold/RiemannianVolume.lean"	"library"	"515"	"37ed09c05cb081f5b35570c82aa75a1fe52f4259"	"b9cfacc3aed7e4da6e08a3a686db780f97301043218eaf2ea36b28420196d06d"	"historical"	""	""	""	""	""	""	""	""	""	""	""	""	"specs/reviews/history.md#bridge-reviews-september-1617"
"CsdLean4/Mathlib/Geometry/Manifold/SymplecticForm.lean"	"library"	"67"	"ba5e3fad00beee83c2d32ec03efb3220c0146e32"	"d22362a49397ad1061fb4ecc09a20aaf7382089498c53a3b1d43829d8e36456f"	"historical"	""	""	""	""	""	""	""	""	""	""	""	""	"specs/reviews/history.md#bridge-reviews-september-1617"
"CsdLean4/Mathlib/Geometry/Manifold/TopFormMeasure.lean"	"library"	"594"	"8b917ccccd14258719e64e475c3b05d38f128ae6"	"30fc72c9e13a09b2045ed4a80f2c2da9657bf251d5d9638bdee115ce07bc60d6"	"historical"	""	""	""	""	""	""	""	""	""	""	""	""	"specs/reviews/history.md#bridge-reviews-september-1617"
"CsdLean4/Mathlib/Geometry/Manifold/TranslationAtlasForm.lean"	"library"	"354"	"97021c0391f57b1efba80e379d9e1be2421d9981"	"43f591aa231c3810796fbf87ec0612b13efdbe46f0d88cbf3577a6916ea7f194"	"unreviewed"	""	""	""	""	""	""	""	""	""	""	""	""	""
"CsdLean4/Mathlib/Geometry/Manifold/VectorBundle/AlternatingMap.lean"	"library"	"132"	"df48819b3cd2f5aa7e7b56539307671a0c4d1635"	"da2270fe6342cc6fd0058121ebe3d14fc69f2d345a8d699e7030b3eff4fdbbfb"	"historical"	""	""	""	""	""	""	""	""	""	""	""	""	"specs/reviews/history.md#bridge-reviews-september-1617"
"CsdLean4/Mathlib/Geometry/Manifold/WedgeForm.lean"	"library"	"353"	"cbb44abaa32f5aa25e2f53995ccf85b9bdd8d06e"	"86a5643c2d44442b6b075a72787936fe964f4f2a58c0f44e09c264bbe828ea6e"	"historical"	""	""	""	""	""	""	""	""	""	""	""	""	"specs/reviews/history.md#bridge-reviews-september-1617"
"CsdLean4/Mathlib/Geometry/Manifold/WedgePowPairs.lean"	"library"	"232"	"0fe2dd034dc651cd0f3977f358e74b25ab744452"	"41fd4fa51d029ef88564a4a0c293e2db259a978e8dde3a55cd78dc4f23849599"	"unreviewed"	""	""	""	""	""	""	""	""	""	""	""	""	""
"CsdLean4/Mathlib/LinearAlgebra/BilinearForm/SymplecticBasis.lean"	"library"	"292"	"28a2765aabc315851e907b4b98c3ebe35f91badf"	"91503aa88eb5d590a8e1ee419891df27247c5dbe6c16076679c0ca1d5977969a"	"unreviewed"	""	""	""	""	""	""	""	""	""	""	""	""	""
"CsdLean4/Mathlib/LinearAlgebra/Matrix/KroneckerAlgHom.lean"	"library"	"163"	"e09ee5adafb5637fd976c28cc414dd311aa7f38b"	"d679506ad6e0668c50092942ef7b7699c4ff7f8e59caf28f14856bebbdba8d80"	"unreviewed"	""	""	""	""	""	""	""	""	""	""	""	""	""
"CsdLean4/Mathlib/LinearAlgebra/Matrix/PartialTrace.lean"	"library"	"464"	"142212fd1e1fea81f9c1e4f113f83bae1b0a1c70"	"e8e2c35976f806d1d9ec4b860ceba205a5c50471696c33b18e6a280d2d15b99b"	"historical"	""	""	""	""	""	""	""	""	""	""	""	""	"specs/FOUNDATIONAL-CODE-REVIEW.md"
"CsdLean4/Mathlib/LinearAlgebra/Matrix/PathSum.lean"	"library"	"103"	"bf1d3e48ec531410e5262c996788be35cea3d014"	"227cd8d01bd2315fc8ed72067f7ca8db04e4a45bd16ae8c11dffd23b68c2b1c8"	"unreviewed"	""	""	""	""	""	""	""	""	""	""	""	""	""
"CsdLean4/Mathlib/LinearAlgebra/Matrix/TwoLevel.lean"	"library"	"708"	"3ae4aceac803be7323a920463d87f0754413d7dd"	"89dd42d210bcf3a3d042d14829ab83af00c31371bdfddd7ee7331bdbe384c971"	"unreviewed"	""	""	""	""	""	""	""	""	""	""	""	""	""
"CsdLean4/Mathlib/LinearAlgebra/Matrix/UnitaryCompact.lean"	"library"	"159"	"a2dbada0f22fc596168ee02cdbaa5f2b0b01ef75"	"412d950a30d99441f9c936ebfe9f162b101846a28bcc5c269ff45066ff5aafd6"	"historical"	""	""	""	""	""	""	""	""	""	""	""	""	"specs/FOUNDATIONAL-CODE-REVIEW.md;specs/reviews/history.md#bridge-reviews-september-1617"
"CsdLean4/Mathlib/LinearAlgebra/Matrix/UnitaryHaar.lean"	"library"	"57"	"600c1af3a6ae3132fc0c6574629dd6e7ac732f14"	"f2064885fc565f8ef5addd548dbd74e6e7777a47b24aae5c14347469b5e1c1e6"	"historical"	""	""	""	""	""	""	""	""	""	""	""	""	"specs/FOUNDATIONAL-CODE-REVIEW.md;specs/reviews/history.md#bridge-reviews-september-1617"
"CsdLean4/Mathlib/LinearAlgebra/Projectivization/Bargmann.lean"	"library"	"339"	"000dc8a1e460429de574b17b7141f1887e394da5"	"2801eb1920bc3ae70ce83144efe2b4bcadb8561826d9defad1ae5a14d4b6d6dc"	"historical"	""	""	""	""	""	""	""	""	""	""	""	""	"specs/FOUNDATIONAL-CODE-REVIEW.md"
"CsdLean4/Mathlib/LinearAlgebra/Projectivization/BargmannContinuity.lean"	"library"	"93"	"d257338574c4adbab4ff8be56b507a21089a1595"	"d11e3792c435d04ace5ba3264b29a70e01eea5b289487f8b9d8eb4ffbab958f4"	"unreviewed"	""	""	""	""	""	""	""	""	""	""	""	""	""
"CsdLean4/Mathlib/LinearAlgebra/Projectivization/FubiniStudy.lean"	"library"	"213"	"0fc95ee7dd010ed4608c20c31da78e031aa0224e"	"e57c4165840d9e518b6eaef6a5c3f65f6f4e6a7681c65da870ae7bb74495f612"	"historical"	""	""	""	""	""	""	""	""	""	""	""	""	"specs/FOUNDATIONAL-CODE-REVIEW.md;specs/reviews/history.md#bridge-reviews-september-1617"
"CsdLean4/Mathlib/LinearAlgebra/Projectivization/FubiniStudyLebesgue.lean"	"library"	"588"	"6b6c380ef01dcad70401e5a2df831624e71b71f3"	"86e798051ef56c0e0cf4a7f446356bda97e5635ac1740ff4db141a935d1dc056"	"unreviewed"	""	""	""	""	""	""	""	""	""	""	""	""	""
"CsdLean4/Mathlib/LinearAlgebra/Projectivization/FubiniStudyUnique.lean"	"library"	"492"	"4e3562731e4710c874ded677b8b28b267f8ca280"	"262fd77199a160699613068cdf17b52292cc0b18fc4ef09b679b7787800b572c"	"historical"	""	""	""	""	""	""	""	""	""	""	""	""	"specs/FOUNDATIONAL-CODE-REVIEW.md;specs/reviews/history.md#bridge-reviews-september-1617"
"CsdLean4/Mathlib/LinearAlgebra/Projectivization/MeasureSpace.lean"	"library"	"224"	"53fdd26e4de39785ba4fe0516edd269bd693b83a"	"14630fcb809bad2387ea6a4d1fbc755bc109dc74e2a514c21e788ed580911d04"	"historical"	""	""	""	""	""	""	""	""	""	""	""	""	"specs/FOUNDATIONAL-CODE-REVIEW.md;specs/reviews/history.md#bridge-reviews-september-1617"
"CsdLean4/Mathlib/LinearAlgebra/Projectivization/Metric.lean"	"library"	"167"	"af5987c423ba1944fcfc31636e28dcdb3edaf349"	"e4e43e1ea4d32140e788b586d8ff62891575b9d70f2ade3fb79e037056185b1d"	"unreviewed"	""	""	""	""	""	""	""	""	""	""	""	""	""
"CsdLean4/Mathlib/LinearAlgebra/Projectivization/MomentMap.lean"	"library"	"170"	"045a7129b07669c5e84ea345262f5caca10909cd"	"5bbe8d5f58b964ace3cbda0c0589aee7c6ff5390b3b2c4e34178103f0392e8a1"	"historical"	""	""	""	""	""	""	""	""	""	""	""	""	"specs/reviews/history.md#bridge-reviews-september-1617"
"CsdLean4/Mathlib/LinearAlgebra/Projectivization/PhaseRigidity.lean"	"library"	"177"	"a71b4ea796a3a3d6a61b4968c18dda20b6f84f3a"	"e73be401753d48c78be2fbb99306ad3572ff9c1b0714b72fc6e9cbe0b13dfbdf"	"historical"	""	""	""	""	""	""	""	""	""	""	""	""	"specs/FOUNDATIONAL-CODE-REVIEW.md"
"CsdLean4/Mathlib/LinearAlgebra/Projectivization/Topology.lean"	"library"	"385"	"fe3a3be8b05a3d67fb586802f3532bd6fa986764"	"78bb938f189c209e6344baeedb4d154833da667c5ffaa81bd134f836fedca2dc"	"historical"	""	""	""	""	""	""	""	""	""	""	""	""	"specs/FOUNDATIONAL-CODE-REVIEW.md;specs/reviews/history.md#bridge-reviews-september-1617"
"CsdLean4/Mathlib/LinearAlgebra/Projectivization/TransitionProbability.lean"	"library"	"306"	"246d3f014b79b1c65c0a3aef956befa0b4b1cd79"	"b3ad650d46e9486b00b0a1b50b285e0210cd399b5571ad5adc16e18b1eb49710"	"historical"	""	""	""	""	""	""	""	""	""	""	""	""	"specs/FOUNDATIONAL-CODE-REVIEW.md;specs/reviews/history.md#bridge-reviews-september-1617"
"CsdLean4/Mathlib/LinearAlgebra/Projectivization/UnitSection.lean"	"library"	"248"	"94b76ae301b1e77d4417671618b00fd8643994ef"	"0f2c8783d8769b1247a46108543e78c69bb4951a680d3abbeeb20db820b25580"	"unreviewed"	""	""	""	""	""	""	""	""	""	""	""	""	""
"CsdLean4/Mathlib/LinearAlgebra/Projectivization/Unitary.lean"	"library"	"160"	"98bb3da7f7c8bd202f26131dfe93543c6ae47fa6"	"a67c4452fd440c68ca39935f172f20b185501792e9fba883caf03864938280cf"	"historical"	""	""	""	""	""	""	""	""	""	""	""	""	"specs/FOUNDATIONAL-CODE-REVIEW.md;specs/reviews/history.md#bridge-reviews-september-1617"
"CsdLean4/Mathlib/LinearAlgebra/Projectivization/UnitaryTransitive.lean"	"library"	"243"	"0715a814c16461ec2f818f97594b1ef4a6b2b3ef"	"21da0facfe5f6017d0caa112694230e987b5e51c8da7f0ebec314c286c318f4b"	"historical"	""	""	""	""	""	""	""	""	""	""	""	""	"specs/FOUNDATIONAL-CODE-REVIEW.md;specs/reviews/history.md#bridge-reviews-september-1617"
"CsdLean4/Mathlib/LinearAlgebra/Projectivization/WignerRigidity.lean"	"library"	"3219"	"e8fea86e6af6813499c08e776f8e15b664f7c771"	"3df501b4080712944ef5737cf6801a71b0fe2f6897e9cc53715eddec1721f5f3"	"historical"	""	""	""	""	""	""	""	""	""	""	""	""	"specs/FOUNDATIONAL-CODE-REVIEW.md"
"CsdLean4/Mathlib/LinearAlgebra/Projectivization/WignerUniqueness.lean"	"library"	"173"	"3cf6f4e2d37be7aff90ab022f52be72db6565d66"	"2eaf60de5ba89ded072d22cbb36a03b0445a1ab193f0a315798c27f16e4703bf"	"unreviewed"	""	""	""	""	""	""	""	""	""	""	""	""	""
"CsdLean4/Mathlib/MeasureTheory/CellPointer.lean"	"library"	"127"	"6729a8d6a6cb6c6a9be28bb96f3659e330dab42c"	"615189fbf20e62f5837cbc181d45c771366836a5e3db2f102e40eed6f44ea780"	"unreviewed"	""	""	""	""	""	""	""	""	""	""	""	""	""
"CsdLean4/Mathlib/MeasureTheory/IidTrials.lean"	"library"	"93"	"9d6895b28d21126a547ee2afa4e1c1b0d6f22a92"	"daacea9a1c83d52c494390609075635ac05e2270a868fbaac4b942ecc32bb83c"	"unreviewed"	""	""	""	""	""	""	""	""	""	""	""	""	""
"CsdLean4/Mathlib/MeasureTheory/InvariantTwist.lean"	"library"	"102"	"2e545fb181e2726da8f3899edbfb7f6ad652a6c4"	"90db568407c8e9eb96fcfdfca67e196a25a664e60f36c9ac4ab6679db67a73f9"	"unreviewed"	""	""	""	""	""	""	""	""	""	""	""	""	""
"CsdLean4/Mathlib/MeasureTheory/LintegralFintypeProd.lean"	"library"	"128"	"d608f4be013cd979f303b1641b84b8064d9ac307"	"36c53ebcba6876a4f8cb4296c5cab8014792e31c9560fd12810e23973bd8e69b"	"historical"	""	""	""	""	""	""	""	""	""	""	""	""	"specs/FOUNDATIONAL-CODE-REVIEW.md"
"CsdLean4/Mathlib/MeasureTheory/MapProbability.lean"	"library"	"56"	"63ea5b7be0371b402815a24295689c2d6e664571"	"de6d6c840a18a64aacda5106dbc6776fb23b06e5ce0ed2cdd2657bff48b32ba1"	"historical"	""	""	""	""	""	""	""	""	""	""	""	""	"specs/reviews/history.md#bridge-reviews-september-1617"
"CsdLean4/Mathlib/MeasureTheory/Measure/Haar/PiComplex.lean"	"library"	"149"	"5657cd374d2b4bbf0ac78723b3904305ba7f0d1d"	"74436a037efb81f172e0c922555244feae9fc049b673d032de194bdb472af60d"	"historical"	""	""	""	""	""	""	""	""	""	""	""	""	"specs/reviews/history.md#bridge-reviews-september-1617"
"CsdLean4/Mathlib/MeasureTheory/MomentDeterminacy.lean"	"library"	"356"	"d6990f650fe1c75e33eefe52af8861b34989e2ae"	"9a16a3e7f19cfa58a6785d2b9cd7d5cd51e2c8ed8673bcbe56598af6b37e3a54"	"unreviewed"	""	""	""	""	""	""	""	""	""	""	""	""	""
"CsdLean4/Mathlib/MeasureTheory/MutuallySingularMap.lean"	"library"	"61"	"8e0505c9a37be3b08cf629feee8c405cd0e5efb3"	"9e9836eb809f9e46105267d915f31dde0d46b76b655f89d300d443878cbb1ce3"	"unreviewed"	""	""	""	""	""	""	""	""	""	""	""	""	""
"CsdLean4/Mathlib/MeasureTheory/PiCurry.lean"	"library"	"151"	"98e5ab6c70d1c811f4a59deb8b3159ba476d5d5a"	"0e9698cbfbbb0727ad52f77a4cc0e581d1deb17f1a3ad41ea14c5846704cd92a"	"historical"	""	""	""	""	""	""	""	""	""	""	""	""	"specs/FOUNDATIONAL-CODE-REVIEW.md"
"CsdLean4/Mathlib/MeasureTheory/PiecewisePreserving.lean"	"library"	"194"	"ad7de65b57dca4684622709372e7ae5658782d3a"	"8f223b9e8a7cce3093ef95ed9c551f186a86528a515a5ba72098fa37da06c9f5"	"historical"	""	""	""	""	""	""	""	""	""	""	""	""	"specs/FOUNDATIONAL-CODE-REVIEW.md"
"CsdLean4/Mathlib/Probability/BrownianVec.lean"	"library"	"251"	"a64b4201c4416862cfa384ea246cbb24e59dfce7"	"3881d122cc2e43e8ac5aea68976278eb7fea8e4117ae5174164691d99f94e145"	"unreviewed"	""	""	""	""	""	""	""	""	""	""	""	""	""
"CsdLean4/Mathlib/Probability/CGLMP.lean"	"library"	"591"	"6a733bedc5faf0f81abb42abb946d091478f9416"	"cd767739cec6d0bb36c85d30ef09d4ac6ce62c1bfcc6f7a8ecb9665b38003dad"	"historical"	""	""	""	""	""	""	""	""	""	""	""	""	"specs/FOUNDATIONAL-CODE-REVIEW.md"
"CsdLean4/Mathlib/Probability/ChainedBell.lean"	"library"	"361"	"4bd8126838f05e4cb3092b29f7751290c9604dc7"	"b38ea72f836c8a2f58d811268b45c1aeb824f56b1e87561f567643643e317967"	"unreviewed"	""	""	""	""	""	""	""	""	""	""	""	""	""
"CsdLean4/Mathlib/Probability/CircuitThreshold.lean"	"library"	"290"	"cc40e68606deb43920ce4e92115013eccfb2d014"	"26989f68d456b0975b24fb5845131f2b2ac437a6830ee6fd60f3513850366161"	"unreviewed"	""	""	""	""	""	""	""	""	""	""	""	""	""
"CsdLean4/Mathlib/Probability/CodeCapacityThreshold.lean"	"library"	"225"	"dfae170fda420a44c184843a8bb3cf3be3321d2c"	"7d5960ccaac7f01e85f1f5b8c5e71a11adc5591826c529ace8b03bbab6427520"	"unreviewed"	""	""	""	""	""	""	""	""	""	""	""	""	""
"CsdLean4/Mathlib/Probability/CompetingExponentials.lean"	"library"	"213"	"74e6af4a08f87703a3952129855bb984851a9f1f"	"4031c59323a54f72f035f79a10ba44a9544cd690960d0164e132c351e7905ce5"	"unreviewed"	""	""	""	""	""	""	""	""	""	""	""	""	""
"CsdLean4/Mathlib/Probability/ConditionalProbability.lean"	"library"	"112"	"e0be948987f0641b8c544242a33a3b39c1c93b3c"	"85300bd7ff04263247fbfeba55c3c1afedec69a9ffe931e52d9767a9a91e54ef"	"historical"	""	""	""	""	""	""	""	""	""	""	""	""	"specs/FOUNDATIONAL-CODE-REVIEW.md"
"CsdLean4/Mathlib/Probability/FeynmanKac.lean"	"library"	"540"	"c245ec95ed6b07f697b079c5498795abfb040637"	"288c10ea938f385cee8790e63d7b4174267d8939781f9de7c8cf5d0d1e786ab5"	"unreviewed"	""	""	""	""	""	""	""	""	""	""	""	""	""
"CsdLean4/Mathlib/Probability/FeynmanKacL2.lean"	"library"	"389"	"8697d012198e37210776ba169b2d6dad65dc2cd3"	"8a1c00d52c8fa20ddb09129d32e45a7a68fd9ccd5e0aeb6694c4ccb3d7a8c93f"	"unreviewed"	""	""	""	""	""	""	""	""	""	""	""	""	""
"CsdLean4/Mathlib/Probability/IIDCoordinateProcess.lean"	"library"	"95"	"b8351b14e30a8480318a5664404a2f7d4e8d2577"	"a93287facf3358ccfc221e15b577a33a7d211b82af75db374bdbd9a7435eaf74"	"historical"	""	""	""	""	""	""	""	""	""	""	""	""	"specs/FOUNDATIONAL-CODE-REVIEW.md"
"CsdLean4/Mathlib/Probability/IidClockRace.lean"	"library"	"669"	"59893f75b7a28e8962bf6af8fd41e52993774dcf"	"bb472e8bf8ef6d6942a92c5a341de53d8e9cb8c1010b67394af53dcedee94b78"	"unreviewed"	""	""	""	""	""	""	""	""	""	""	""	""	""
"CsdLean4/Mathlib/Probability/TimeSlicedWiener.lean"	"library"	"255"	"0cb906dfff8906990bf47c1f4d24bbb777ae3139"	"8edf05ceb8962293c34feae62be4bb43e7aa195dd51bbc2dd310743369efadbd"	"unreviewed"	""	""	""	""	""	""	""	""	""	""	""	""	""
"CsdLean4/Mathlib/QuantumInfo/AharonovBohmRing.lean"	"library"	"729"	"e19e1af66b1be736e70620406bbfd325dd72da41"	"9c6584466c4dc18c6c72454af26ea664dfb11027ba1d18bfcfbf92e4b628937b"	"unreviewed"	""	""	""	""	""	""	""	""	""	""	""	""	""
"CsdLean4/Mathlib/QuantumInfo/AmplitudeAmplification.lean"	"library"	"910"	"c3c6b55c0658d6cbcbe7044f76afe4b5a15364e7"	"1685226e84c0dee49bdee86d0ced1b927e5312ed9732f14496afc698748fc22b"	"unreviewed"	""	""	""	""	""	""	""	""	""	""	""	""	""
"CsdLean4/Mathlib/QuantumInfo/AmplitudeEstimation.lean"	"library"	"512"	"de59e4e3b45b5ee8a6006d2b0d30c5d1df8ecdfb"	"dd900de76fe75bc720749d0988a88b164429cb4b73b83dd8e23718ab8cd33017"	"unreviewed"	""	""	""	""	""	""	""	""	""	""	""	""	""
"CsdLean4/Mathlib/QuantumInfo/BlockKron.lean"	"library"	"164"	"7525c189fc10f6652bdac971f9a019773930861b"	"afd2e6661993474820fcb016cba5d5d41cd9e8a12d498f663b9c66f1aa52336a"	"unreviewed"	""	""	""	""	""	""	""	""	""	""	""	""	""
"CsdLean4/Mathlib/QuantumInfo/Broadcasting.lean"	"library"	"2294"	"6449a7bf520a4ed8df14dedacfb38f6636cd23d7"	"5f05239c9bb348fa41931c9ce343f7ddfe3dc3778e5142906e0d3a2086e622a9"	"unreviewed"	""	""	""	""	""	""	""	""	""	""	""	""	""
"CsdLean4/Mathlib/QuantumInfo/CanonicalChannels.lean"	"library"	"152"	"804a872712490a49aa14a9a6b6af8e6d7566ac48"	"4200619fb77188e98a55ff1476f0d27f1f89e4118b419743641f84c1bc924bf1"	"historical"	""	""	""	""	""	""	""	""	""	""	""	""	"specs/FOUNDATIONAL-CODE-REVIEW.md"
"CsdLean4/Mathlib/QuantumInfo/Channel.lean"	"library"	"180"	"ce68cc1f90ffebcc46c199d7715b0d16885d73f8"	"2d529ed90b225c1123ff564a0b5edd45ed1a5f5bbab76cb0a1352898f8144e84"	"historical"	""	""	""	""	""	""	""	""	""	""	""	""	"specs/FOUNDATIONAL-CODE-REVIEW.md"
"CsdLean4/Mathlib/QuantumInfo/ChannelComp.lean"	"library"	"56"	"5647f99752ccd0c538c7184fc52aa414013ea0f3"	"c51913f1ac344952ad420a5bf8d5c00c3acbffc4b21a71b2c7d7096ad621ae65"	"unreviewed"	""	""	""	""	""	""	""	""	""	""	""	""	""
"CsdLean4/Mathlib/QuantumInfo/Clifford.lean"	"library"	"333"	"bc8c5c6699bc9c14673ea60d83fad8940f977908"	"a3bd51a0cda19c896478c768af84134b90b3504fff2a1e7f1711b774a31a4b57"	"unreviewed"	""	""	""	""	""	""	""	""	""	""	""	""	""
"CsdLean4/Mathlib/QuantumInfo/CliffordTAngle.lean"	"library"	"274"	"8fc338312a0664d098a629f07f1160f6daf8d689"	"549e7ff257e78ca9359b0e5102b034c73f811637a6c86d15a073869f356b4f82"	"unreviewed"	""	""	""	""	""	""	""	""	""	""	""	""	""
"CsdLean4/Mathlib/QuantumInfo/CliffordTDensity.lean"	"library"	"695"	"3441191e806f5712bbe126aeeed829bd3f8b1b0b"	"b6d62f373a3b79c9adbd8ff14930c9873ece6b29aee3cfa135cc886ce295e5d7"	"unreviewed"	""	""	""	""	""	""	""	""	""	""	""	""	""
"CsdLean4/Mathlib/QuantumInfo/CliffordTUniversal.lean"	"library"	"340"	"0dac0d98273f5ce26617449a799981b8385b21a4"	"7e35e29fb110b8b254321a6de4c83129ffac7e21fad04eea648763d5a2f841ef"	"unreviewed"	""	""	""	""	""	""	""	""	""	""	""	""	""
"CsdLean4/Mathlib/QuantumInfo/Concavity.lean"	"library"	"116"	"25c93ee751966d576c26418c42016f9b595306e2"	"4a0ed936fb4b04f8b5feba40084defbfedb5fd966adc0c28676d57e2f5e8a1e4"	"unreviewed"	""	""	""	""	""	""	""	""	""	""	""	""	""
"CsdLean4/Mathlib/QuantumInfo/ConcavityFull.lean"	"library"	"197"	"c15a430151857874cd6a45ff0aba561e8e114947"	"fea52e5227a105128796c327aead5142e2dba5f0a73932e2a10c4cb00756983c"	"unreviewed"	""	""	""	""	""	""	""	""	""	""	""	""	""
"CsdLean4/Mathlib/QuantumInfo/ControlRecursion.lean"	"library"	"716"	"0be66768f3c7adef4e5e891a54f722a129bdad48"	"fea38f8d070a2b7acd7e383fdeca88701fd7fd7e1cb2c1a6d2269344bfb445a9"	"unreviewed"	""	""	""	""	""	""	""	""	""	""	""	""	""
"CsdLean4/Mathlib/QuantumInfo/ControlledGate.lean"	"library"	"338"	"b112f1c315905e73f94a7b3b400c5828a0ae36dd"	"8f4720d930461451b3b8381cc75d1cc8904634f6f744f6de8550a0c5a40b8315"	"unreviewed"	""	""	""	""	""	""	""	""	""	""	""	""	""
"CsdLean4/Mathlib/QuantumInfo/ControlledSingle.lean"	"library"	"304"	"7c355074cc691061f84c3035824b84aaef20581f"	"81ecaa7a476e5f7ba97e38e97a29599e88a2e2b4a2afdd3446517f355e509116"	"unreviewed"	""	""	""	""	""	""	""	""	""	""	""	""	""
"CsdLean4/Mathlib/QuantumInfo/DataProcessing.lean"	"library"	"202"	"605639b3416c98729d2108b83746d85123a33d4d"	"c70bb29632bfb8657b1fb7600575250f98fecaadceeb88e31069b4357b2e513f"	"historical"	""	""	""	""	""	""	""	""	""	""	""	""	"specs/FOUNDATIONAL-CODE-REVIEW.md"
"CsdLean4/Mathlib/QuantumInfo/Entropy.lean"	"library"	"579"	"57e966656b553237ef22b0cbd11d4dee47968477"	"abcfba033d839a6745e210ab827a0655dadabb8e8a5e56f8922881154f5c0d8f"	"historical"	""	""	""	""	""	""	""	""	""	""	""	""	"specs/FOUNDATIONAL-CODE-REVIEW.md"
"CsdLean4/Mathlib/QuantumInfo/EulerDecomposition.lean"	"library"	"490"	"5da55b58a6a1fc85617673dbba38a6753c0d7df2"	"eb6b9e498ef766a62ec3a6c747e2402a43ca406ed84a61f9bef826d1c3607ad3"	"unreviewed"	""	""	""	""	""	""	""	""	""	""	""	""	""
"CsdLean4/Mathlib/QuantumInfo/Fidelity.lean"	"library"	"279"	"e063d2d520d6870fc1e1634acef70f97ce0d8a6f"	"3615c32c3059734a8078c557495eb08817f369e78f5d8fe91f40ca78df0da11e"	"unreviewed"	""	""	""	""	""	""	""	""	""	""	""	""	""
"CsdLean4/Mathlib/QuantumInfo/Fourier.lean"	"library"	"136"	"309e2e3ef7de421cd1dbc3956f0ebb11deeefa23"	"bc4e404f43ba127cc6576ffc16b69e02d658467f2cbeedfa2a7711070d54d52f"	"historical"	""	""	""	""	""	""	""	""	""	""	""	""	"specs/FOUNDATIONAL-CODE-REVIEW.md"
"CsdLean4/Mathlib/QuantumInfo/Hadamard.lean"	"library"	"142"	"4aac207467260675e1e5badcb76bf7cdc0dd19d8"	"03c63395d865e3e02d9fb0a6b972089b2bc467c934547f4f166a67d721eecf91"	"historical"	""	""	""	""	""	""	""	""	""	""	""	""	"specs/FOUNDATIONAL-CODE-REVIEW.md"
"CsdLean4/Mathlib/QuantumInfo/Helstrom.lean"	"library"	"276"	"ff3a198353ec5e3ed1a969b21c7636b374dd3827"	"92da2b42a367501dc1a9a4cc74b7e485ca182a260d72ecfee00f8bf5f93a6438"	"historical"	""	""	""	""	""	""	""	""	""	""	""	""	"specs/FOUNDATIONAL-CODE-REVIEW.md"
"CsdLean4/Mathlib/QuantumInfo/HolevoBound.lean"	"library"	"107"	"13c0fae61d734aa86bc5a731b2b0fb8f88f61e08"	"a63f3e62d9562f29339b7df6a09840451f502f005cac0a7b97bb1a616ba286d6"	"unreviewed"	""	""	""	""	""	""	""	""	""	""	""	""	""
"CsdLean4/Mathlib/QuantumInfo/JointRegister.lean"	"library"	"335"	"ee342cdb62f6c28c14dd16d286150a4ec869948e"	"8df30eab74a2a7c1116a3bbf23bd6dc9c1effb961b0dcab7e04282ec94dc6919"	"unreviewed"	""	""	""	""	""	""	""	""	""	""	""	""	""
"CsdLean4/Mathlib/QuantumInfo/KnillLaflamme.lean"	"library"	"842"	"1bd55570fba384ed35f578ef076688508c262c60"	"79650d3a2ea95cbbbc02df2e62f4ea2885a0492e3f681e92ac20fed40cb32351"	"unreviewed"	""	""	""	""	""	""	""	""	""	""	""	""	""
"CsdLean4/Mathlib/QuantumInfo/Magic.lean"	"library"	"308"	"063feaa11b796bbc7533783bc141d1dfe52b9d93"	"331868866fea5129b448350413ab9fc75d3abb4ae1c367c40d0bbc4adb92be67"	"unreviewed"	""	""	""	""	""	""	""	""	""	""	""	""	""
"CsdLean4/Mathlib/QuantumInfo/MagicInjection.lean"	"library"	"348"	"3cb55fd505cd13bbf07fc2f6cb6c19778018e1de"	"68b5ad471bf17d7b7119bb8b7f29da4a0d90706ad9fa96dd24c2019646de37d6"	"unreviewed"	""	""	""	""	""	""	""	""	""	""	""	""	""
"CsdLean4/Mathlib/QuantumInfo/MultiControlled.lean"	"library"	"465"	"447223bd24129483457dc3d802909bbaa04a5ff3"	"2894813f94dfaf333bffc364b79779fd92cca498275009c3c4a96bab7580bc7f"	"unreviewed"	""	""	""	""	""	""	""	""	""	""	""	""	""
"CsdLean4/Mathlib/QuantumInfo/PartialTrace.lean"	"library"	"371"	"436fff7fa40782a22893df96f546b025649c96d1"	"b1b11b5699abb923aec0d03f51e0ed86eee9d98237191ec632743568d5152cf2"	"historical"	""	""	""	""	""	""	""	""	""	""	""	""	"specs/FOUNDATIONAL-CODE-REVIEW.md"
"CsdLean4/Mathlib/QuantumInfo/Pauli.lean"	"library"	"304"	"511ed4eb04f84d58c620953d704c76b3c111bdb1"	"c1fde75a68146c6a4e9697b40c91782c4c5ce2fbb287e859ecb880eb4f86ed41"	"unreviewed"	""	""	""	""	""	""	""	""	""	""	""	""	""
"CsdLean4/Mathlib/QuantumInfo/PhaseEstimation.lean"	"library"	"648"	"71e5e9a0a8e99a331c4bb234c620a57e0fda0e1a"	"b9b4d1eed6c992bb4e82659ce3a9c3683456bda5e31e840cae8d7e82e86c443f"	"unreviewed"	""	""	""	""	""	""	""	""	""	""	""	""	""
"CsdLean4/Mathlib/QuantumInfo/PureState.lean"	"library"	"128"	"50bfd1e286df7977f81a2e438db79bafd2516097"	"5574f1de81043bdb019a34dbccbc71bee9bcef2e8db8d48d39fb65db46608367"	"unreviewed"	""	""	""	""	""	""	""	""	""	""	""	""	""
"CsdLean4/Mathlib/QuantumInfo/QSearch.lean"	"library"	"711"	"4924443d5107e5296ef35c72fc9565625c0041f2"	"c68c78caab6bdd63f3e88ee9fc01695f6d9d8d247961a367b41f487f53b49a77"	"unreviewed"	""	""	""	""	""	""	""	""	""	""	""	""	""
"CsdLean4/Mathlib/QuantumInfo/ReedMuller15.lean"	"library"	"241"	"4b9e3b3986dc1d7a0422b818289b86547ad7f4aa"	"e47990c13b113a91060108f1b9d77d447499502982990b385dc2b511a93d7822"	"unreviewed"	""	""	""	""	""	""	""	""	""	""	""	""	""
"CsdLean4/Mathlib/QuantumInfo/ReedMuller15Code.lean"	"library"	"221"	"016af18cfc2cc7be0af8b96e3d3caebe9b4af513"	"787b3ec3e610fcb00320ba8f604739b3ebe66887af355ec07c1f4e635b69fb1e"	"unreviewed"	""	""	""	""	""	""	""	""	""	""	""	""	""
"CsdLean4/Mathlib/QuantumInfo/ReedMuller15Decoder.lean"	"library"	"610"	"0c87080bd70cdf3d3b166bc58edc63e8c945dc1c"	"1898537025dd463f9dd38db071728de1a6aa585d251b0a6ca608172ee24a96d4"	"unreviewed"	""	""	""	""	""	""	""	""	""	""	""	""	""
"CsdLean4/Mathlib/QuantumInfo/ReedMuller15Distill.lean"	"library"	"303"	"941fdfc18058f3734b7e948a5c6c8dd02df0009d"	"ddd95e8ba34fee2bef318f405617a4e9decc8d7037e7bbe5caaec01533796284"	"unreviewed"	""	""	""	""	""	""	""	""	""	""	""	""	""
"CsdLean4/Mathlib/QuantumInfo/ReedMuller15Errors.lean"	"library"	"257"	"b24fa94a6f6728cb3ea5aeec82e7f08cece74b4d"	"a712e136e440ef92fbec8bdf6833dd2bec2c1c1353b173ff1d53fde1cae21c32"	"unreviewed"	""	""	""	""	""	""	""	""	""	""	""	""	""
"CsdLean4/Mathlib/QuantumInfo/Register.lean"	"library"	"99"	"6002bb144153d39145d33f23039d8314897fb617"	"1d6e464a6f02a438b597c37fdf5a6009a8f480e829bb1b5432dc0549fc24e0f0"	"historical"	""	""	""	""	""	""	""	""	""	""	""	""	"specs/FOUNDATIONAL-CODE-REVIEW.md"
"CsdLean4/Mathlib/QuantumInfo/RegisterTensor.lean"	"library"	"157"	"7f72f354bce2ea27ed953647d36b599dfc6115d4"	"b99ea0d0e8b0d5e9cddf909c8595e3c87d67bb0566e730322bc2b969218bdc18"	"unreviewed"	""	""	""	""	""	""	""	""	""	""	""	""	""
"CsdLean4/Mathlib/QuantumInfo/Reversible/AndAdd.lean"	"library"	"782"	"c77dbecf5f09edb6019fbc5fd178d93f6b7e3e19"	"cd1d2d9dbd81de19f78a749d7f754eae9adfb63da2c8b0af74d160de362a947d"	"historical"	""	""	""	""	""	""	""	""	""	""	""	""	"specs/FOUNDATIONAL-CODE-REVIEW.md"
"CsdLean4/Mathlib/QuantumInfo/Reversible/Circuit.lean"	"library"	"207"	"6fc94ec01b495fad58842efc769cf3d2225bb450"	"fb1c07d3329f3c841babf980edf72a6d5042852c6ed66f4a89ac2629a4b66de5"	"historical"	""	""	""	""	""	""	""	""	""	""	""	""	"specs/FOUNDATIONAL-CODE-REVIEW.md"
"CsdLean4/Mathlib/QuantumInfo/Reversible/ConstProp.lean"	"library"	"245"	"37999fc745100c63cfefd598f38ff8b15a910bd4"	"d228c0bb52b43b2471f69de99a34b25841a7405e047e1a2ff7231f7a05e303b1"	"historical"	""	""	""	""	""	""	""	""	""	""	""	""	"specs/FOUNDATIONAL-CODE-REVIEW.md"
"CsdLean4/Mathlib/QuantumInfo/Reversible/Cost.lean"	"library"	"164"	"08f6ffea50d777f431a6c1e18e612a47d5c815d6"	"7f8aa1cdfb5b83a42fc78e50213ad6a0e57270ad59b8a0341ad997d1ca606a43"	"historical"	""	""	""	""	""	""	""	""	""	""	""	""	"specs/FOUNDATIONAL-CODE-REVIEW.md"
"CsdLean4/Mathlib/QuantumInfo/Reversible/CtrlAdd.lean"	"library"	"416"	"b201917933d87f6bc3bc16b53672cc55b9475f21"	"91871f432f4d7baf7dba61bc09ee47283094719891036a2c79bafd197968a89e"	"historical"	""	""	""	""	""	""	""	""	""	""	""	""	"specs/FOUNDATIONAL-CODE-REVIEW.md"
"CsdLean4/Mathlib/QuantumInfo/Reversible/CtrlMul.lean"	"library"	"351"	"03f0eb389c53a7595e48bd5435b923f423f9eb6b"	"a0b02eadc0bfb9bc304d3be7dbc6e25155fee92f2469acf2f41c7fe5c4fb72f3"	"historical"	""	""	""	""	""	""	""	""	""	""	""	""	"specs/FOUNDATIONAL-CODE-REVIEW.md"
"CsdLean4/Mathlib/QuantumInfo/Reversible/CuccaroAdd.lean"	"library"	"523"	"aa835179d4e3cfce2b55a5905429b1ed8388f484"	"6fa9f66571973730f9f9821dfeb4fcdd4bccde1e92bddcf210ae667504f78985"	"historical"	""	""	""	""	""	""	""	""	""	""	""	""	"specs/FOUNDATIONAL-CODE-REVIEW.md"
"CsdLean4/Mathlib/QuantumInfo/Reversible/CuccaroModAdd.lean"	"library"	"889"	"91bc245bb522fe4db1d72a880a29d7ecb39f4443"	"bda4f5937952ca0839540a97f3d3d585391099654704355f16c4eb74e91c5bb1"	"historical"	""	""	""	""	""	""	""	""	""	""	""	""	"specs/FOUNDATIONAL-CODE-REVIEW.md"
"CsdLean4/Mathlib/QuantumInfo/Reversible/CuccaroModMul.lean"	"library"	"1336"	"15721f3532b136e7a7f6c0464de92a0dfa06b20c"	"e614c6fcb2a89b32532204f663e8a9d73d316272073cfe9fc1040719add196cd"	"historical"	""	""	""	""	""	""	""	""	""	""	""	""	"specs/FOUNDATIONAL-CODE-REVIEW.md"
"CsdLean4/Mathlib/QuantumInfo/Reversible/Depth.lean"	"library"	"198"	"bbbee7f14ab7e974dc7adaccf2a23979e5b69dbe"	"e063f378f733a134bcc0c99ce5d8f9187f5e393be709537e5640a2e1b7b47fab"	"historical"	""	""	""	""	""	""	""	""	""	""	""	""	"specs/FOUNDATIONAL-CODE-REVIEW.md"
"CsdLean4/Mathlib/QuantumInfo/Reversible/Eval.lean"	"library"	"241"	"820bd306451ea62726811b629beda5c5149fe5b7"	"9d20499728250850a2c77a3b3c8b0bea7cdc17258f70898ebedfc6a9a70921b1"	"historical"	""	""	""	""	""	""	""	""	""	""	""	""	"specs/FOUNDATIONAL-CODE-REVIEW.md"
"CsdLean4/Mathlib/QuantumInfo/Reversible/GidneyAdder.lean"	"library"	"557"	"c42a8c2cbef243355aabbeb02e24222c38b35fee"	"a017f849e742a91966ccb0246eb473321f07ddbb4053ae38a97941ca3caca6dc"	"historical"	""	""	""	""	""	""	""	""	""	""	""	""	"specs/FOUNDATIONAL-CODE-REVIEW.md"
"CsdLean4/Mathlib/QuantumInfo/Reversible/HybridLift.lean"	"library"	"358"	"281b9774edb2e8122b4f056e70abd261e5b98a59"	"950e4fa4487ec7763bec0c7c3d08e8f5d03556371da8bbf707bd4e8e0e42e713"	"unreviewed"	""	""	""	""	""	""	""	""	""	""	""	""	""
"CsdLean4/Mathlib/QuantumInfo/Reversible/Lift.lean"	"library"	"238"	"011aad08c767e9ae67e90d7136c35c4132b927d4"	"3cb529e535fbabb089ff9fccc269af03d8e06b8efbcbb1ad85140600ea8c048f"	"unreviewed"	""	""	""	""	""	""	""	""	""	""	""	""	""
"CsdLean4/Mathlib/QuantumInfo/Reversible/ModAdd.lean"	"library"	"424"	"2f3a1ece9b6e82a4f1ee777bf81fa4266639766c"	"4f6d28f18a252a3e1f53f912a03cf41bd65d325edf63d5744803cad815799327"	"historical"	""	""	""	""	""	""	""	""	""	""	""	""	"specs/FOUNDATIONAL-CODE-REVIEW.md"
"CsdLean4/Mathlib/QuantumInfo/Reversible/ModInv.lean"	"library"	"100"	"6c1e400c6865f17be1de2f70a729ade098b2adf4"	"074de7e5b6ab06e28fb8c7cfd90f83c0287090f653c3e817180464211de8faa6"	"historical"	""	""	""	""	""	""	""	""	""	""	""	""	"specs/FOUNDATIONAL-CODE-REVIEW.md"
"CsdLean4/Mathlib/QuantumInfo/Reversible/ModMul.lean"	"library"	"453"	"8102568dcaa9a999a467e95e0bae0e504c2ca13e"	"00a1ed6ccdb0e423cd0fe95fb8928a622d1a64734b70c4ec196637a699297fec"	"historical"	""	""	""	""	""	""	""	""	""	""	""	""	"specs/FOUNDATIONAL-CODE-REVIEW.md"
"CsdLean4/Mathlib/QuantumInfo/Reversible/ModReduce.lean"	"library"	"117"	"97ee068dd379a9fc664435fc5bf0ad6585afd0b5"	"6d0983819cd1f86b16cf360edb6f13f05c3e8e5b9867f98f986c408c54d9e4d1"	"historical"	""	""	""	""	""	""	""	""	""	""	""	""	"specs/FOUNDATIONAL-CODE-REVIEW.md"
"CsdLean4/Mathlib/QuantumInfo/Reversible/ModReduceCtrl.lean"	"library"	"505"	"dad9f54df695a635b2694129c5045f3b270adfe4"	"f787a41ce2d9a4b75f0858d3e91df81251748267d1d73a3b830cb807a713a7f8"	"historical"	""	""	""	""	""	""	""	""	""	""	""	""	"specs/FOUNDATIONAL-CODE-REVIEW.md"
"CsdLean4/Mathlib/QuantumInfo/Reversible/ModularAdd.lean"	"library"	"583"	"ec8029ddd8e0e6ce92cb0fb032e643eac9670239"	"97fe8c5bb074343571619b1586ce15033bd0a0b4f6f7484fd4be63d1408c950c"	"historical"	""	""	""	""	""	""	""	""	""	""	""	""	"specs/FOUNDATIONAL-CODE-REVIEW.md"
"CsdLean4/Mathlib/QuantumInfo/Reversible/ModularAddCtrl.lean"	"library"	"704"	"129482d2eb589b9bdf0a2ef5b6d464bc5f631d90"	"883af789bef9d3f982052e39c5d1df769d2a88fa1be0dee67502d8763b728127"	"historical"	""	""	""	""	""	""	""	""	""	""	""	""	"specs/FOUNDATIONAL-CODE-REVIEW.md"
"CsdLean4/Mathlib/QuantumInfo/Reversible/ModularConst.lean"	"library"	"782"	"8343be3d9e4d1ce2fcc3ebd1f299b17f077abc4f"	"77098272711011dd45ae6d7768ff5eb57cda707049d5a9fb27fe03ff5808a45b"	"historical"	""	""	""	""	""	""	""	""	""	""	""	""	"specs/FOUNDATIONAL-CODE-REVIEW.md"
"CsdLean4/Mathlib/QuantumInfo/Reversible/ModularDouble.lean"	"library"	"517"	"1a923d3e5c22551e63f24a55fc9871e2a890ed9f"	"1f45e5a742510b321982a1ed3b307cd5e061d1a61bda0ce51c63f0ba0a12ca2f"	"historical"	""	""	""	""	""	""	""	""	""	""	""	""	"specs/FOUNDATIONAL-CODE-REVIEW.md"
"CsdLean4/Mathlib/QuantumInfo/Reversible/ModularMul.lean"	"library"	"940"	"01dbc5cc68c63356343c360dc0fa7088a680f677"	"dd1ce19ec6c5824ba0e059cde0a02eeda0f8328512446db073fbf8b5af44c0ec"	"historical"	""	""	""	""	""	""	""	""	""	""	""	""	"specs/FOUNDATIONAL-CODE-REVIEW.md"
"CsdLean4/Mathlib/QuantumInfo/Reversible/ModularMulLoop.lean"	"library"	"886"	"84f359b99df94cf585cb47a2bcf90ed78e46d3e0"	"72f972baf7409d26f91560b23052aafd49a31268d1b97fb87d34296835309408"	"historical"	""	""	""	""	""	""	""	""	""	""	""	""	"specs/FOUNDATIONAL-CODE-REVIEW.md"
"CsdLean4/Mathlib/QuantumInfo/Reversible/ModularSub.lean"	"library"	"839"	"b8089aa6282b79dfce57e97c77084de2c8deabd2"	"7c14cafc6f4f299d1fead5cb83453e0ca621a65e39126fbdf90c5c22ac51df20"	"historical"	""	""	""	""	""	""	""	""	""	""	""	""	"specs/FOUNDATIONAL-CODE-REVIEW.md"
"CsdLean4/Mathlib/QuantumInfo/Reversible/VerifiedAdder.lean"	"library"	"440"	"a548766e51f1762ea5bbd5e6493a3367f0aa5d78"	"607e2cd7f8f4e04b128c38a9c1235f095b618f2680070a92cb9769be79444700"	"historical"	""	""	""	""	""	""	""	""	""	""	""	""	"specs/FOUNDATIONAL-CODE-REVIEW.md"
"CsdLean4/Mathlib/QuantumInfo/Reversible/VerifiedAdderCarryClean.lean"	"library"	"376"	"1f5c8e9e9acfffdab2ae7a0d699a951d48b8cfb6"	"ef3c0a6d9cce839c8c781070104cadf120cc3bb687fa132394799e6d09b49dbc"	"historical"	""	""	""	""	""	""	""	""	""	""	""	""	"specs/FOUNDATIONAL-CODE-REVIEW.md"
"CsdLean4/Mathlib/QuantumInfo/RotatingFrame.lean"	"library"	"422"	"8669f7bd7eddf2a59ce70fa404744c835b141acd"	"119b63eda18f9f7e8e2a092409fb147a49b157f165db8d4c3785b9b3d708dec5"	"unreviewed"	""	""	""	""	""	""	""	""	""	""	""	""	""
"CsdLean4/Mathlib/QuantumInfo/SU2Rotation.lean"	"library"	"282"	"6b39b13276976af921a40bb8ab26ccdf3ce3f386"	"2ac800d8dbcf5237b405a8cf8eef49473b71e7d5f157118833b08e1f0f5f4ad7"	"unreviewed"	""	""	""	""	""	""	""	""	""	""	""	""	""
"CsdLean4/Mathlib/QuantumInfo/Stabilizer.lean"	"library"	"413"	"6c0171ce1dfcc2ca4b4e58d4df9fc5217902e2ad"	"06f8971f768ce4dc737a0f419658ef9377543e4ee0a09f8ba03a53161935c05d"	"unreviewed"	""	""	""	""	""	""	""	""	""	""	""	""	""
"CsdLean4/Mathlib/QuantumInfo/StabilizerRecovery.lean"	"library"	"290"	"7b5a12c8dbed4fe8c7a0dd3c89cac3d938ac451f"	"15eba6d71ad1e1d086258dc76704feaf8db6349882e2cad321e0041651760714"	"unreviewed"	""	""	""	""	""	""	""	""	""	""	""	""	""
"CsdLean4/Mathlib/QuantumInfo/Stinespring.lean"	"library"	"147"	"d3a27f4f2d4db7ac0b7b54135f5d69d1159d8053"	"84570ec3697b6c6f762abaa8930b9d3b0b4c10f65edf1799c3440290ece281f1"	"historical"	""	""	""	""	""	""	""	""	""	""	""	""	"specs/FOUNDATIONAL-CODE-REVIEW.md"
"CsdLean4/Mathlib/QuantumInfo/StrongSubadditivity.lean"	"library"	"408"	"66708e768a05952cff9177e93afa8030ff908d71"	"8789d87ecf56f16699c210a27220a6b23a51687987c5d44711c0c9769e8a543d"	"historical"	""	""	""	""	""	""	""	""	""	""	""	""	"specs/FOUNDATIONAL-CODE-REVIEW.md"
"CsdLean4/Mathlib/QuantumInfo/Subadditivity.lean"	"library"	"1124"	"26e34327e1bc4ab4f46cb500ec261d52fe981727"	"8a7281dd0c0f7e439bdeeb88d75e04761b43dfb095394286f310940bb8bd5345"	"historical"	""	""	""	""	""	""	""	""	""	""	""	""	"specs/FOUNDATIONAL-CODE-REVIEW.md"
"CsdLean4/Mathlib/QuantumInfo/TraceDistance.lean"	"library"	"529"	"c391d5da64471ee56b570a3bed48c3102f8520b9"	"47fcae5168143ec6c65a4b1b4a7979fa28acec4a3bf2a5e977485a8486df033c"	"historical"	""	""	""	""	""	""	""	""	""	""	""	""	"specs/FOUNDATIONAL-CODE-REVIEW.md"
"CsdLean4/Mathlib/QuantumInfo/TransversalClifford.lean"	"library"	"194"	"f9b30c29603b2422f4becec5922b4986d0a1bf6b"	"77321e1c4797475ce0abf123a6eb5a13c9c6021528572f1e82bd37467cb37366"	"unreviewed"	""	""	""	""	""	""	""	""	""	""	""	""	""
"CsdLean4/Mathlib/QuantumInfo/UnitaryPerturbation.lean"	"library"	"264"	"a6cd2888c3a1214e1237b8252fa879b6927c746c"	"86f316570cae4bd7347811fb22d710872fae67209a9d744301ad904cb930ebe5"	"unreviewed"	""	""	""	""	""	""	""	""	""	""	""	""	""
"CsdLean4/Mathlib/Topology/Algebra/CompactRecurrence.lean"	"library"	"74"	"3914382c060807c21f560a44455c350f0cd0429f"	"e330c232fa81a28d20461ecc15a27b1af2a2e4225171977271ac8c16e6a582a4"	"unreviewed"	""	""	""	""	""	""	""	""	""	""	""	""	""
"CsdLean4/Mathlib/Topology/Algebra/Module/LinearMap.lean"	"library"	"81"	"8ad076644075846b4db1930e848cb0b34e75a5e3"	"0382620fa844fda4402d79d7eacaa7afa067a4944d73950a6275c7a0b270c00b"	"historical"	""	""	""	""	""	""	""	""	""	""	""	""	"specs/FOUNDATIONAL-CODE-REVIEW.md"
"CsdLean4/Mathlib/Topology/Algebra/MulAction.lean"	"library"	"48"	"5046e8eb4bdc1fabd5c1e27a8e0d6ab829c470e3"	"430ed851cab12d8b48fa48dc4d085f5fa70a50ab019cc7ba19e1d2b3aef0bab2"	"unreviewed"	""	""	""	""	""	""	""	""	""	""	""	""	""
"CsdLean4/Mathlib/Topology/Homotopy/CircleFundamentalGroup.lean"	"library"	"110"	"a22945399d94383ad941b6b5771ae693425c05b2"	"9a641da07175de86994d50c013f6d3518a3c1cee18aba9a9105f33fbb863dae1"	"unreviewed"	""	""	""	""	""	""	""	""	""	""	""	""	""
"CsdLean4/Mathlib/Topology/Homotopy/FactorExchangeObstruction.lean"	"library"	"91"	"41420e433a684bbd4d486806f1e3c51fee55dbc8"	"8ce01e344aee18ee596d9503923713e184244441e7fa5b95b137d0a4dcb99802"	"unreviewed"	""	""	""	""	""	""	""	""	""	""	""	""	""
"CsdLean4/RecordLayer/ApproxProjectability.lean"	"record-dynamics-other"	"167"	"f4c0ff3fcadd75353abadafde2e230c1c408706b"	"13c1e52f25f8d5a8662cb53ff56520ae053bf06c52ec083d96ea6f11a318d77e"	"historical"	""	""	""	""	""	""	""	""	""	""	""	""	"specs/FOUNDATIONAL-CODE-REVIEW.md"
"CsdLean4/RecordLayer/ArenaTorus.lean"	"record-dynamics-other"	"258"	"1b7f421b3b11728eb254f8afa2687da16412082e"	"1a1280977640dcfa18d2e0671e5b1f9910c926ff449ca5eef0eb3d84f73b22c4"	"unreviewed"	""	""	""	""	""	""	""	""	""	""	""	""	""
"CsdLean4/RecordLayer/BasinFrequency.lean"	"record-dynamics-other"	"201"	"b90b87c1ee96bd6d141205e8a6aa01572f56b393"	"29f9221f93df7cfd22d30f90706b1b8ddf89ffa08c25cbda183f0ba8f4594aee"	"unreviewed"	""	""	""	""	""	""	""	""	""	""	""	""	""
"CsdLean4/RecordLayer/BasisMeasurement.lean"	"record-dynamics-other"	"78"	"e6a627a2f8d969199720e3fb458781a6610b0387"	"ff0d25a9fda7b62c536fd80bc39c3b4b2ecc8028068daffee924e0c55aee2e09"	"historical"	""	""	""	""	""	""	""	""	""	""	""	""	"specs/FOUNDATIONAL-CODE-REVIEW.md"
"CsdLean4/RecordLayer/BlockCollapse.lean"	"record-dynamics-other"	"302"	"6733a5c62024fbd6c32ff31884193f467cc1c0c3"	"eddc871319a0d95891aa9fe72d4de9898f9be55c795ad23818e65986e8060300"	"historical"	""	""	""	""	""	""	""	""	""	""	""	""	"specs/FOUNDATIONAL-CODE-REVIEW.md"
"CsdLean4/RecordLayer/BornFibrePartition.lean"	"record-dynamics-other"	"189"	"ca09fc72783fe16dc951daa6abd5f9e7e44b4150"	"0b66c224c181c9c775c13501ff36fe895dc309e15c04dcf42b82e99cf3fb4df5"	"stale-source"	"full"	"9d0725e6a051699dc46ebe823ea0b862e30808b8"	"85c165a23fc6920391288b4c3841cce8d5226ded6677c6a30438445df235c855"	"b364cd441792b31a41121201bbfbf4a8728e2390"	"Codex"	"2026-09-22"	"pass"	"findings"	"passed"	"Batch 006: 3227-job warnings-as-errors build, six boundary probes, four axiom checks and seven guards passed; CircleRecord is a partial source review only."	"specs/reviews/2026-09-22-exclusive-singlet-outcomes.md"	"CR-RECORD-001"	"specs/FOUNDATIONAL-CODE-REVIEW.md"
"CsdLean4/RecordLayer/CellLawForced.lean"	"record-dynamics-other"	"330"	"faac6643a271efc03de97088943acc98a488b2c3"	"542d581cfe3aae8cb046a81c9fb9c05dfb9e40ecd35d7528c2962a94c7e87ac8"	"unreviewed"	""	""	""	""	""	""	""	""	""	""	""	""	""
"CsdLean4/RecordLayer/CellLawFreedom.lean"	"record-dynamics-other"	"243"	"e2e146366cdb7571cfbb63739166fa40213e22bf"	"88ccd8c72862f3501356a7a216c54a0a0d9eb476f6e1b86fbc06fea2436ae9d2"	"unreviewed"	""	""	""	""	""	""	""	""	""	""	""	""	""
"CsdLean4/RecordLayer/CircleFibre.lean"	"record-dynamics-other"	"193"	"d7c24715a04a2737c657094bc17df5279c85b37e"	"7a1de5902251caa6c50da5a316139b3a75750a05dd39c219abf42df0cef2e5a3"	"stale-source"	"full"	"1a1817352af4429f689db48df276f62b8ac40680"	"a0bedfb5e3addf3fefb83b4a0d54245a5575fc274132e823873674cc119708d1"	"eb8fdf1eaa5fd86ac1159a25562ce8604a2f4f49"	"Codex"	"2026-09-22"	"findings"	"findings"	"passed"	"Batch 007: 3366-job warnings-as-errors build, three boundary probes, five axiom checks and six guards passed. C1BellConsistency and SingletBell retain batch-006 full source review; refreshed for the additive CircleFibre dependency."	"specs/reviews/2026-09-22-circle-totality-flow-effects.md"	"CR-RECORD-001,CR-RECORD-002"	"specs/FOUNDATIONAL-CODE-REVIEW.md;specs/reviews/2026-09-22-exclusive-singlet-outcomes.md"
"CsdLean4/RecordLayer/CircleRecord.lean"	"record-dynamics-other"	"219"	"3f21792e22ae72bc5871b035faaeff548386120b"	"2ea3d4fb810d2bf693985ef6f7cdfff163e4f2e360f5c86cad2fbc33e3616bfd"	"stale-source"	"full"	"05a1f7200a235c2ab3cf3ffb37527c4aeab7adf1"	"ac3204d5cead927a77332ed95784d19362cc89164b21df3ad96801b34867a9b1"	"eb8fdf1eaa5fd86ac1159a25562ce8604a2f4f49"	"Codex"	"2026-09-22"	"findings"	"findings"	"passed"	"Batch 007: 3366-job warnings-as-errors build, three boundary probes, five axiom checks and six guards passed. C1BellConsistency and SingletBell retain batch-006 full source review; refreshed for the additive CircleFibre dependency."	"specs/reviews/2026-09-22-circle-totality-flow-effects.md"	"CR-RECORD-001,CR-RECORD-002"	"specs/FOUNDATIONAL-CODE-REVIEW.md;specs/reviews/2026-09-22-exclusive-singlet-outcomes.md"
"CsdLean4/RecordLayer/CompositeRecord.lean"	"record-dynamics-other"	"231"	"e876fba7e9988f1218699a2656e68aeb0b97e873"	"4df96150e208da39234ead63d64597986dc55e32c273e19beab206b602ee53cf"	"unreviewed"	""	""	""	""	""	""	""	""	""	""	""	""	""
"CsdLean4/RecordLayer/DeIsolationFlow.lean"	"record-dynamics-other"	"184"	"555ef1ce7ca4040175616d3a780872ac23c412d8"	"859af711d6f3df548a704f18c8cb74095a758ea9e6a72349aa095113d385c0c1"	"historical"	""	""	""	""	""	""	""	""	""	""	""	""	"specs/FOUNDATIONAL-CODE-REVIEW.md"
"CsdLean4/RecordLayer/DegenerateLuders.lean"	"record-dynamics-other"	"322"	"88af99c93e4ad91b057b509d202d8e53f1fa8d18"	"f1482699e69217482cf814586c09cae5f86252a23230ba5788b1f64bec7e6cb7"	"historical"	""	""	""	""	""	""	""	""	""	""	""	""	"specs/FOUNDATIONAL-CODE-REVIEW.md"
"CsdLean4/RecordLayer/DrivenTwoTime.lean"	"record-dynamics-other"	"384"	"5316613a18254ef890dd3312835d4e8717ece864"	"c8865aacaee0656b4f0a599d7d11b75df9ac9c5353b08562f9b654d0f7b0545f"	"unreviewed"	""	""	""	""	""	""	""	""	""	""	""	""	""
"CsdLean4/RecordLayer/DynamicBorn.lean"	"record-dynamics-other"	"151"	"613cf01d2e9907ee36e2327ca1828549787318f2"	"825e8d07b4a73dbcefe4fa5b45d3db859194658e2ee70645b03bfddc17ed9a8e"	"historical"	""	""	""	""	""	""	""	""	""	""	""	""	"specs/FOUNDATIONAL-CODE-REVIEW.md"
"CsdLean4/RecordLayer/DynamicMeasurementClosure.lean"	"record-dynamics-other"	"211"	"6c239643ca7087e23be84c1dfc91b8906bc03253"	"e50148d7a79d5538a6a91c03bd58815a3e68ebc283fb00acaebfc45eb0573507"	"historical"	""	""	""	""	""	""	""	""	""	""	""	""	"specs/FOUNDATIONAL-CODE-REVIEW.md"
"CsdLean4/RecordLayer/EntangledMeasure.lean"	"record-dynamics-other"	"257"	"54f0d77104d35cca395fd8a0592248a8465ead47"	"b076b0f1fbd425390ae40b69177031570786cb24c16c3b9b50c40e32418e88c7"	"unreviewed"	""	""	""	""	""	""	""	""	""	""	""	""	""
"CsdLean4/RecordLayer/EntangledRecord.lean"	"record-dynamics-other"	"450"	"c1d43be73073d70a19cb885904efe725880bb78b"	"cd7c3a766417cc095709586622ff2d90ddea452773cdf1ec278ea03abf644144"	"unreviewed"	""	""	""	""	""	""	""	""	""	""	""	""	""
"CsdLean4/RecordLayer/EpistemicDisintegration.lean"	"record-dynamics-other"	"123"	"7860806b67f4f9be433ca386fecc98ca73dd2e56"	"4ebbbd32d1997e0c6a4e9f4af18e507f7180b92b0e58b77388b3f3809d7f836f"	"unreviewed"	""	""	""	""	""	""	""	""	""	""	""	""	""
"CsdLean4/RecordLayer/FibreRecord.lean"	"record-dynamics-other"	"120"	"85c4737450ae2babf820510a16d07735a95cc2a3"	"1dfbc5c7ed07c900374505c2366ae7a9843facbdf2e5a69696e08d5b1f0ac7bc"	"historical"	""	""	""	""	""	""	""	""	""	""	""	""	"specs/FOUNDATIONAL-CODE-REVIEW.md"
"CsdLean4/RecordLayer/FibredSigma.lean"	"record-dynamics-other"	"102"	"804865f875dc21cc83721c259ca6d2ffad00c4f3"	"11a66ce8b3efa1b1cfad010a42d6d9161f19a26845ab03f0d87e2b6498a46d9f"	"historical"	""	""	""	""	""	""	""	""	""	""	""	""	"specs/FOUNDATIONAL-CODE-REVIEW.md"
"CsdLean4/RecordLayer/GlobalBasin.lean"	"record-dynamics-other"	"260"	"31ae3cae1d19a2b376bca736731f0c9f82c89a33"	"119c61c29d64a569a0dc9728f488e18cbe674296db90a0cff445f4105ef2f665"	"historical"	""	""	""	""	""	""	""	""	""	""	""	""	"specs/FOUNDATIONAL-CODE-REVIEW.md"
"CsdLean4/RecordLayer/GlobalRecordClosure.lean"	"record-dynamics-other"	"189"	"a609af08bb63bd9abaa552db49c905d107d08393"	"f8d8571cd903850cf7ede750a100e019f2c53fbf286bd8e061a07c41be0e012d"	"historical"	""	""	""	""	""	""	""	""	""	""	""	""	"specs/FOUNDATIONAL-CODE-REVIEW.md"
"CsdLean4/RecordLayer/HamiltonianShift.lean"	"record-dynamics-other"	"703"	"e03cd70ed726f51e9a2964a3915854ce2d38eb1f"	"110be11bb0ea8c747314c98900ea88f56c206257a43d81f7b79f4c2bc9023685"	"unreviewed"	""	""	""	""	""	""	""	""	""	""	""	""	""
"CsdLean4/RecordLayer/HamiltonianSignature.lean"	"record-dynamics-other"	"245"	"60a7f7ad881d97f7156597227d97a7b093ee0016"	"fb1dec28bc56ef3ab2fd73212dd98a95ee51d7d6fa27f7523e010ef603d42087"	"historical"	""	""	""	""	""	""	""	""	""	""	""	""	"specs/FOUNDATIONAL-CODE-REVIEW.md"
"CsdLean4/RecordLayer/JarzynskiRecord.lean"	"record-dynamics-other"	"309"	"bb6c68c965348a370afd16928a114df2aec91d36"	"595c6d5c8ff0005bbcbaaa310d5018e8ec6bbb77d62049c4d497e0fd8dfd20b1"	"unreviewed"	""	""	""	""	""	""	""	""	""	""	""	""	""
"CsdLean4/RecordLayer/JoinArena.lean"	"record-dynamics-other"	"352"	"806c6d1ec6e92e431f9813e7f3b67439e64fe309"	"e877855db3e96feb8cadd87206947eb22a1c0e2c26f831fd32002bd7f0426421"	"historical"	""	""	""	""	""	""	""	""	""	""	""	""	"specs/FOUNDATIONAL-CODE-REVIEW.md"
"CsdLean4/RecordLayer/JoinClosure.lean"	"record-dynamics-other"	"153"	"f443148d5e67395dada79af82beeb75078c17148"	"7d55c55f41d9ff558474f53938f4db3447d04fd156bf8d32767d236def4280d6"	"historical"	""	""	""	""	""	""	""	""	""	""	""	""	"specs/FOUNDATIONAL-CODE-REVIEW.md"
"CsdLean4/RecordLayer/JoinGeneration.lean"	"record-dynamics-other"	"280"	"c2bc97bf59f5c21aa3b616cb0862c7ff0ad8a85a"	"0cdff0809431a754a50bda1b029ac121cc9568ec0d35ea47a4b2306edfb02e84"	"unreviewed"	""	""	""	""	""	""	""	""	""	""	""	""	""
"CsdLean4/RecordLayer/JoinLuders.lean"	"record-dynamics-other"	"561"	"63d214a66c3bbf531909fa81c04e20ad3b43b38b"	"26ba9a04755c1b220cef0ffc5ef5beab2a0e02f6ecc1403339ce770e79ae8b9d"	"historical"	""	""	""	""	""	""	""	""	""	""	""	""	"specs/FOUNDATIONAL-CODE-REVIEW.md"
"CsdLean4/RecordLayer/JoinProtocol.lean"	"record-dynamics-other"	"467"	"ede64badcf100a208a7bdc2e52bca867cd38a467"	"e12d25061d261a846abc858884aab83ef6dc6740b811af9efc865645fb8ca167"	"historical"	""	""	""	""	""	""	""	""	""	""	""	""	"specs/FOUNDATIONAL-CODE-REVIEW.md"
"CsdLean4/RecordLayer/JointFlowTransfer.lean"	"record-dynamics-other"	"241"	"4dc62b4b820148814e772ad596ca69b95c4e1d45"	"5dbacecbeee0644bdb478d486a8e755781f91a72d76cfb76005a9fbeb01c70b6"	"historical"	""	""	""	""	""	""	""	""	""	""	""	""	"specs/FOUNDATIONAL-CODE-REVIEW.md"
"CsdLean4/RecordLayer/JointLift.lean"	"record-dynamics-other"	"199"	"51d39ed713930c9e1b2b7f3ab23fa4dae1464ee6"	"eda856bef115e9ef975a5c525ee294567efca0f90356a8c11a931ed3139d39b6"	"unreviewed"	""	""	""	""	""	""	""	""	""	""	""	""	""
"CsdLean4/RecordLayer/KSigmaRecord.lean"	"record-dynamics-other"	"97"	"e81c1566a609e609c43ce6957013fc4385e8bdbc"	"8c489c76ec412c048501cbd20047c7c68c0a26c812865fd3fa17d178343addae"	"historical"	""	""	""	""	""	""	""	""	""	""	""	""	"specs/FOUNDATIONAL-CODE-REVIEW.md"
"CsdLean4/RecordLayer/LocalBlockBridge.lean"	"record-dynamics-other"	"172"	"58b742d98b941dff92ee352a00caf4703d9dd3e7"	"d3305c287ee3f1e3545e5d8817d84b891c2e665d2492374c874b7ebe5eed3c25"	"historical"	""	""	""	""	""	""	""	""	""	""	""	""	"specs/FOUNDATIONAL-CODE-REVIEW.md"
"CsdLean4/RecordLayer/LocalLuders.lean"	"record-dynamics-other"	"165"	"7d38723e2a900c34e93890e906242ccd0b8de5c1"	"e71e97ca534ed6dcbd1f4370dbb7e55a4f7220516bc3f46b48ee59663725d9fa"	"historical"	""	""	""	""	""	""	""	""	""	""	""	""	"specs/FOUNDATIONAL-CODE-REVIEW.md"
"CsdLean4/RecordLayer/LocalLudersBasis.lean"	"record-dynamics-other"	"242"	"ca350edfeace9c4f67fe5b6acad25c6cb08a3d05"	"9cf71772f55cce882a8af9f89e16f61c9dc87334ea8b94d0efb6fe8b93c79762"	"historical"	""	""	""	""	""	""	""	""	""	""	""	""	"specs/FOUNDATIONAL-CODE-REVIEW.md"
"CsdLean4/RecordLayer/Measurement.lean"	"record-dynamics-other"	"186"	"ac6b6d0ac346afa70124728d259a502eceaa1a80"	"7e97a6906d5fb3a361e7d60f3ebbc21df402b4d4a66b9bfe2de65dde1b8dc703"	"historical"	""	""	""	""	""	""	""	""	""	""	""	""	"specs/FOUNDATIONAL-CODE-REVIEW.md"
"CsdLean4/RecordLayer/MeasurementCapstone.lean"	"record-dynamics-other"	"139"	"bb3aca467f6bffda82fe653e4f5066047b8c8508"	"3228313b38b66033943e2ac1ab376b4df033143270f971308ebe0eb58c065751"	"historical"	""	""	""	""	""	""	""	""	""	""	""	""	"specs/FOUNDATIONAL-CODE-REVIEW.md"
"CsdLean4/RecordLayer/MeasurementConstraints.lean"	"record-dynamics-other"	"232"	"57c781bb2ee421178cc4fa0cf5575f71041979cd"	"79255eed022d104f643fb14ce845f666d84d221cf1985cb768354d89f7d1cfb4"	"historical"	""	""	""	""	""	""	""	""	""	""	""	""	"specs/FOUNDATIONAL-CODE-REVIEW.md"
"CsdLean4/RecordLayer/MeasurementProtocol.lean"	"record-dynamics-other"	"271"	"f089094902972eac056591c3f427a914964cb24b"	"a6363fcac0684de980b2e823a156147a241e28d30cb004a89d79e40270f5d57d"	"historical"	""	""	""	""	""	""	""	""	""	""	""	""	"specs/FOUNDATIONAL-CODE-REVIEW.md"
"CsdLean4/RecordLayer/MixedJoinLuders.lean"	"record-dynamics-other"	"208"	"9cfcc1ac2ff22872d20363231561952d33528ad8"	"d1f413ba27545f1c183ebd8b704e9132840bbd1d048809c296a2533df9850737"	"historical"	""	""	""	""	""	""	""	""	""	""	""	""	"specs/FOUNDATIONAL-CODE-REVIEW.md"
"CsdLean4/RecordLayer/MixedLuders.lean"	"record-dynamics-other"	"179"	"1c374f4815a1889c1a933578207ae3c82428abf0"	"cc93c5c76ec4f4e806b480569575921294c3f399168bc29446046a14fd55be65"	"historical"	""	""	""	""	""	""	""	""	""	""	""	""	"specs/FOUNDATIONAL-CODE-REVIEW.md"
"CsdLean4/RecordLayer/MixedSwap.lean"	"record-dynamics-other"	"135"	"615402b9708e625ba055966ebe957691d7fc6e84"	"7e850787d009dcc4f01cb919aac9974c8d8007985b2f38306026805da5c84b6d"	"historical"	""	""	""	""	""	""	""	""	""	""	""	""	"specs/FOUNDATIONAL-CODE-REVIEW.md"
"CsdLean4/RecordLayer/MomentMapRace.lean"	"record-dynamics-other"	"239"	"0a00e318c8e3aa95cd97d7b416c7c6ff3b68945e"	"073818f0f166689893539055a2ad0be6efc45bacc78ef6197bc63eb40d54aee2"	"historical"	""	""	""	""	""	""	""	""	""	""	""	""	"specs/FOUNDATIONAL-CODE-REVIEW.md"
"CsdLean4/RecordLayer/NStepChain.lean"	"record-dynamics-other"	"176"	"6ab110b0f67f951a253e2f9fc082df0d8dd3443d"	"8dbace834964e17ca1ad20d71475d1080ceb0d6f062d71ab463c151e3d2877be"	"unreviewed"	""	""	""	""	""	""	""	""	""	""	""	""	""
"CsdLean4/RecordLayer/NoRecordGeometry.lean"	"record-dynamics-other"	"350"	"201c0698e6e53387483e6c547aaaba7bc15f570b"	"5349e0529e1e56be8daa2d528867761fc1902853e1894a243a8ce1ae7cfc7f67"	"historical"	""	""	""	""	""	""	""	""	""	""	""	""	"specs/FOUNDATIONAL-CODE-REVIEW.md"
"CsdLean4/RecordLayer/NullSeamGeneralN.lean"	"record-dynamics-other"	"1250"	"af959863c020b8a400575f58bee40573d9a9c033"	"7516dbacc1bd8798790b24f1163f70642bb3c7c7ee7f8fd66cd477f546087d15"	"unreviewed"	""	""	""	""	""	""	""	""	""	""	""	""	""
"CsdLean4/RecordLayer/NullSeamLift.lean"	"record-dynamics-other"	"216"	"4ad18cdc9468eb8eb50bbfac9a713de9aff8dbd6"	"bb2c02c78f1ee151edc4bda5c807481a5cf9a5b31137dd7a71280a8c4bf7a297"	"historical"	""	""	""	""	""	""	""	""	""	""	""	""	"specs/FOUNDATIONAL-CODE-REVIEW.md"
"CsdLean4/RecordLayer/NullSeamWitness.lean"	"record-dynamics-other"	"828"	"560f51e586cd5c64b28f0312b92251eb00133ae4"	"bbe7c16cfd008685a6d35b9cef007c61989028d53334b53d87ecbd28b8575891"	"historical"	""	""	""	""	""	""	""	""	""	""	""	""	"specs/FOUNDATIONAL-CODE-REVIEW.md"
"CsdLean4/RecordLayer/OnticComposite.lean"	"record-dynamics-other"	"422"	"62311dfbb16ae201d8bca797c2857c774a201e51"	"e6af69755e70db85a9120158be4f3d343bcdf9a508b7fe6e89b8c598a178bacd"	"historical"	""	""	""	""	""	""	""	""	""	""	""	""	"specs/FOUNDATIONAL-CODE-REVIEW.md"
"CsdLean4/RecordLayer/OnticMarginals.lean"	"record-dynamics-other"	"354"	"cf2e06c58d8a18bfd4c24586dae041b1e54d90bb"	"47410a9abc3cee141cea1a12163809bc9b35143ee272e0cb7e189d9030d3832c"	"historical"	""	""	""	""	""	""	""	""	""	""	""	""	"specs/FOUNDATIONAL-CODE-REVIEW.md"
"CsdLean4/RecordLayer/OutcomeBasin.lean"	"record-dynamics-other"	"118"	"e8438d817e3e6205c39fecd587381e50cad2f06d"	"8df5118df900cdb7c081e21c1f4d03b2c1c5d63a3554047185057175241f32ee"	"historical"	""	""	""	""	""	""	""	""	""	""	""	""	"specs/FOUNDATIONAL-CODE-REVIEW.md"
"CsdLean4/RecordLayer/OutcomeField.lean"	"record-dynamics-other"	"133"	"a3aa0a209badd7e801870fd3dfe9f8611841fc36"	"5a330375adcc71f55bb47b577fe9abe8313b14e00ff5e25b4b3164e132fedfcf"	"historical"	""	""	""	""	""	""	""	""	""	""	""	""	"specs/FOUNDATIONAL-CODE-REVIEW.md"
"CsdLean4/RecordLayer/PBRPreparation.lean"	"record-dynamics-other"	"266"	"4976f4cb012c0c9b0a1769dce1931ed5c49d8348"	"2b1c59696ce881928f8b8ee3cf4942622ad7387a094e590e24be31fa19a8d357"	"unreviewed"	""	""	""	""	""	""	""	""	""	""	""	""	""
"CsdLean4/RecordLayer/PhaseSlot.lean"	"record-dynamics-other"	"333"	"0cec8144b4294a88b5e3824cd13b3f88c430f7da"	"9812778c9303078ec3e85bf04a00ff62f6c4e5c60887bb02e2efa4307a2ac0bd"	"historical"	""	""	""	""	""	""	""	""	""	""	""	""	"specs/FOUNDATIONAL-CODE-REVIEW.md"
"CsdLean4/RecordLayer/PiecewiseHamiltonian.lean"	"record-dynamics-other"	"164"	"478fff3cc80befd7138cdda975e7fac8aaf8894c"	"c990ad0bfbb20f6a77d4bf54bb9712695559211a2dbd2c888327f31aa5e24f64"	"historical"	""	""	""	""	""	""	""	""	""	""	""	""	"specs/FOUNDATIONAL-CODE-REVIEW.md"
"CsdLean4/RecordLayer/PointerArena.lean"	"record-dynamics-other"	"219"	"75b9eb41790bcf8a573a3fffe03d058484d9f6ca"	"9a223bbc357ecca1d120487ca354e2d3ef4ea805259a29c2645d70cd3d09d2b5"	"historical"	""	""	""	""	""	""	""	""	""	""	""	""	"specs/FOUNDATIONAL-CODE-REVIEW.md"
"CsdLean4/RecordLayer/PointerBorn.lean"	"record-dynamics-other"	"258"	"cb9f63449d3887ea07a08bf804125c054a23296b"	"f9f2c187620d1c86951c3beedc6a9b5fee7c520031fce8b8f87bb70fb1d3745c"	"historical"	""	""	""	""	""	""	""	""	""	""	""	""	"specs/FOUNDATIONAL-CODE-REVIEW.md"
"CsdLean4/RecordLayer/PointerCoupling.lean"	"record-dynamics-other"	"245"	"c597a16d0b9b84a53fcf8f991d708f7abef4399e"	"9fe95f41a7a765cf3af836c46eeb41b9841c9c297e1e8da72ae2d8335963dca9"	"historical"	""	""	""	""	""	""	""	""	""	""	""	""	"specs/FOUNDATIONAL-CODE-REVIEW.md"
"CsdLean4/RecordLayer/PointerFrequency.lean"	"record-dynamics-other"	"116"	"2324ae7492f7385d45bf1fc0c12c34155eda1b08"	"d6a9d928ffe3caf1f433e5c72d06a16bd14dfa3b952c101eb278c0708bded05d"	"historical"	""	""	""	""	""	""	""	""	""	""	""	""	"specs/FOUNDATIONAL-CODE-REVIEW.md"
"CsdLean4/RecordLayer/PointerGeneration.lean"	"record-dynamics-other"	"175"	"0855581234b9acebf128b59308f79c3638bf4528"	"d3da003622bc7e3d8414eedb342285d5bedc2bc990244267275e1918ee26d47b"	"historical"	""	""	""	""	""	""	""	""	""	""	""	""	"specs/FOUNDATIONAL-CODE-REVIEW.md"
"CsdLean4/RecordLayer/PointerHamiltonianField.lean"	"record-dynamics-other"	"98"	"b09ef8a93ace9dd90ecc98ac41af9bfa616e5255"	"6565b991dc0ac57175d690dceac2a15469cd86e0b2f8471d1e590368a9109b08"	"historical"	""	""	""	""	""	""	""	""	""	""	""	""	"specs/FOUNDATIONAL-CODE-REVIEW.md"
"CsdLean4/RecordLayer/PointerLanding.lean"	"record-dynamics-other"	"248"	"d60b972944d84911d50fd45094f88f162dabbffb"	"35beb8b729b176930195d6f1867bf0756edec32a37ec3c0bad2417f728198a19"	"historical"	""	""	""	""	""	""	""	""	""	""	""	""	"specs/FOUNDATIONAL-CODE-REVIEW.md"
"CsdLean4/RecordLayer/PointerLuders.lean"	"record-dynamics-other"	"175"	"c851b8fc9f88acc98792e2a74070ed0486cc95d3"	"bc110ab37d4d114147f8d3a694c6a327eb08ba0ca5c0ca31b64a8a87fdee5a8c"	"historical"	""	""	""	""	""	""	""	""	""	""	""	""	"specs/FOUNDATIONAL-CODE-REVIEW.md"
"CsdLean4/RecordLayer/PointerLudersMarginal.lean"	"record-dynamics-other"	"421"	"7232cd7caaa6f1df73585d523f33811a8b975357"	"d3326414be53bafef3a1d269355cb8858c84d4ea5f32b3690db661bf48bc0041"	"historical"	""	""	""	""	""	""	""	""	""	""	""	""	"specs/FOUNDATIONAL-CODE-REVIEW.md"
"CsdLean4/RecordLayer/PointerProtocol.lean"	"record-dynamics-other"	"414"	"8118c9e3007d2fcbefdd5ef5326830d9a7e01a86"	"6ae06824b2d6fb159778a3016214d243cd78c9ee7f707f899eb38a07aa8284a9"	"historical"	""	""	""	""	""	""	""	""	""	""	""	""	"specs/FOUNDATIONAL-CODE-REVIEW.md"
"CsdLean4/RecordLayer/PointerRotation.lean"	"record-dynamics-other"	"273"	"907db64005ff2b052dd7c1a4c5875b7819c127c4"	"6a8023c4606970b1f668df20c8f99f0c747b927778e744a4633405c5226021b9"	"historical"	""	""	""	""	""	""	""	""	""	""	""	""	"specs/FOUNDATIONAL-CODE-REVIEW.md"
"CsdLean4/RecordLayer/PointerSmoothProfile.lean"	"record-dynamics-other"	"115"	"e0ecd4d75d9bd85cbbb1ffeb7f8abac63806e226"	"4b15c9238f93b7657da635f9c7350f3ad8df7a17468fc90d775f2c449310830c"	"historical"	""	""	""	""	""	""	""	""	""	""	""	""	"specs/FOUNDATIONAL-CODE-REVIEW.md"
"CsdLean4/RecordLayer/PointerWeights.lean"	"record-dynamics-other"	"311"	"6acf5f9071738520f9b8d61a00a0055c9cc4278f"	"01cd3974239cf3982345708675eb115562871cb83efa2f628088cc324932d428"	"historical"	""	""	""	""	""	""	""	""	""	""	""	""	"specs/FOUNDATIONAL-CODE-REVIEW.md"
"CsdLean4/RecordLayer/PovmDynamics.lean"	"record-dynamics-other"	"283"	"73876a226acf255e51d2787cf024101afa38d576"	"b6f5415344380660f774478970cc6b37b2a57faf18ede81c1f6b5816f8def680"	"historical"	""	""	""	""	""	""	""	""	""	""	""	""	"specs/FOUNDATIONAL-CODE-REVIEW.md"
"CsdLean4/RecordLayer/PovmSectorBorn.lean"	"record-dynamics-other"	"99"	"d61e696641db7035396438cfead81c736d447ca5"	"1d84c9c63019ff2a2d8c2850e28e17d15f96b691820dec62d81c1b5020d0076c"	"historical"	""	""	""	""	""	""	""	""	""	""	""	""	"specs/FOUNDATIONAL-CODE-REVIEW.md"
"CsdLean4/RecordLayer/ProjectiveRecord.lean"	"record-dynamics-other"	"135"	"145716054e8f6269ff07456e8ae85499d44a334d"	"a49c9e204b323ffa9c22a6563608e72de2a33095523ccbd9e204bece33e1a187"	"historical"	""	""	""	""	""	""	""	""	""	""	""	""	"specs/FOUNDATIONAL-CODE-REVIEW.md"
"CsdLean4/RecordLayer/RecordLayerClosure.lean"	"record-dynamics-other"	"123"	"03f6b238ef39df1a51b4b5bed076b7cc21de0815"	"de8d57f647d921d2bc782633ebc59a6fdf52e5c40797ffbff597d758b17ec8f8"	"historical"	""	""	""	""	""	""	""	""	""	""	""	""	"specs/FOUNDATIONAL-CODE-REVIEW.md"
"CsdLean4/RecordLayer/RecordPersistence.lean"	"record-dynamics-other"	"163"	"3d0e6b63de25c7a8f1194009df180295a6e452ba"	"927c1dd899c7f72a956319fe145e10646cdb06891a97237cd00a012db6dc5bc1"	"historical"	""	""	""	""	""	""	""	""	""	""	""	""	"specs/FOUNDATIONAL-CODE-REVIEW.md"
"CsdLean4/RecordLayer/RelocationObstruction.lean"	"record-dynamics-other"	"174"	"e0126ba119c01c609e7c68a49c3c2ac43d7ae53a"	"4933772adaa760f45ab455990bd15788c7630372ddc88bdbe54f76bc9aaf6eb6"	"unreviewed"	""	""	""	""	""	""	""	""	""	""	""	""	""
"CsdLean4/RecordLayer/RotatedContext.lean"	"record-dynamics-other"	"121"	"1f707281a0134cc9b540aa474e57c235d4aabc10"	"8d16916013709a119baa670f04145a69b9e7c5dd6009e99c5e7097408631d0fe"	"historical"	""	""	""	""	""	""	""	""	""	""	""	""	"specs/FOUNDATIONAL-CODE-REVIEW.md"
"CsdLean4/RecordLayer/RotatedSwap.lean"	"record-dynamics-other"	"252"	"0e5acdfae07e4fc083adcb5cc2b0fe622cec5065"	"e6fc4d42eab310558ec6a452f1e92ef2fe4d9b0131f1ca7f77ab1fdabb024bc4"	"historical"	""	""	""	""	""	""	""	""	""	""	""	""	"specs/FOUNDATIONAL-CODE-REVIEW.md"
"CsdLean4/RecordLayer/SharpenedNoGo.lean"	"record-dynamics-other"	"164"	"e584c1c89e3ec8bc16a6e8c22003a2048394261f"	"c6bec742a913bb44883d68494f2a24bd4b5803fbebe5ac3943067ab0859ede40"	"historical"	""	""	""	""	""	""	""	""	""	""	""	""	"specs/FOUNDATIONAL-CODE-REVIEW.md"
"CsdLean4/RecordLayer/ShearDeIsolation.lean"	"record-dynamics-other"	"222"	"87a4d57e82861a11fe026c42052dee4d06ae49aa"	"8b9168552d3a5902e2373c45870d8a4817e679a11bd9da04cb3739dcfa313f2a"	"unreviewed"	""	""	""	""	""	""	""	""	""	""	""	""	""
"CsdLean4/RecordLayer/ShearDiscontinuity.lean"	"record-dynamics-other"	"226"	"eaf575b57285599e4b6b8d82e9b6c41e45ed09e9"	"1873ca4c062e5592a8cf22f3844d1d7bb8bd8bd99810f5e3811bf35d452a5f1b"	"historical"	""	""	""	""	""	""	""	""	""	""	""	""	"specs/FOUNDATIONAL-CODE-REVIEW.md"
"CsdLean4/RecordLayer/ShearWitness.lean"	"record-dynamics-other"	"507"	"26e4c407f631cd4e2a00468aef47065b7b13fcf6"	"a24dce7933dd6af128b50c43bf0046611b326c4669baf66afd8ffdf3c11c3882"	"historical"	""	""	""	""	""	""	""	""	""	""	""	""	"specs/FOUNDATIONAL-CODE-REVIEW.md"
"CsdLean4/RecordLayer/SmoothProfile.lean"	"record-dynamics-other"	"222"	"9e1ddec3a7475e51d536647065a5157c0d33d8aa"	"ff77b33972c3c3e1ff6eb4d6a501201ff4d732440684d8feeccd7bca4b7efc3b"	"historical"	""	""	""	""	""	""	""	""	""	""	""	""	"specs/FOUNDATIONAL-CODE-REVIEW.md"
"CsdLean4/RecordLayer/StatisticsRigidity.lean"	"record-dynamics-other"	"387"	"9fb85603d930c0ae443f04265f69e8a10ab00b96"	"6862ab232f52f4bc3912f867d16d74cd2bbc45ee2b33e8b347bec34a4a60a594"	"unreviewed"	""	""	""	""	""	""	""	""	""	""	""	""	""
"CsdLean4/RecordLayer/SwapClosure.lean"	"record-dynamics-other"	"320"	"ea23104428826ca0c3748260a3b1cca4547c0560"	"1f8b2ace2a210bae24a3192ebd7574005245f31b73bd79e66910c01ca583de18"	"historical"	""	""	""	""	""	""	""	""	""	""	""	""	"specs/FOUNDATIONAL-CODE-REVIEW.md"
"CsdLean4/RecordLayer/SwapLuders.lean"	"record-dynamics-other"	"261"	"d379445763470af96bad541d66b6ad620be95d38"	"acb87ffcee3e65868dc5997b7afc31f9a6f9ca583f8fe02fe7f73d8504f75b79"	"historical"	""	""	""	""	""	""	""	""	""	""	""	""	"specs/FOUNDATIONAL-CODE-REVIEW.md"
"CsdLean4/RecordLayer/SwapWitness.lean"	"record-dynamics-other"	"551"	"070010e2aa6c01d340bfa9e1047cda2760cc0065"	"6b8e951354cb89723c97c50e2d70512378e92c4751b377f7d263bcb030fe1ef0"	"historical"	""	""	""	""	""	""	""	""	""	""	""	""	"specs/FOUNDATIONAL-CODE-REVIEW.md"
"CsdLean4/RecordLayer/TorusFibre.lean"	"record-dynamics-other"	"179"	"dc2f5ede9807959cb6e1da2c582f4882a3c035a4"	"017a7c07901f7c6fdf0dce48b2480d6782f3300877df1edf31d040911db26d74"	"historical"	""	""	""	""	""	""	""	""	""	""	""	""	"specs/FOUNDATIONAL-CODE-REVIEW.md"
"CsdLean4/RecordLayer/TorusRecord.lean"	"record-dynamics-other"	"193"	"59009ffd15dd014b36d84e6509d9be843c95a446"	"c266672de7608b453730c5e639d3470d1c2d7a7bdee592fe9e152be4d9447bdf"	"unreviewed"	""	""	""	""	""	""	""	""	""	""	""	""	""
"CsdLean4/RecordLayer/TwoTimeLuders.lean"	"record-dynamics-other"	"539"	"da5488a2770f248eaf662a8a66cfd0c90cc9bc20"	"8ba336268477e6ffe1a19b6de5be27a2fbbb4182d62baa34900b45570a1b84c8"	"unreviewed"	""	""	""	""	""	""	""	""	""	""	""	""	""
"CsdLean4/RecordLayer/UnifiedArena.lean"	"record-dynamics-other"	"340"	"d9e86868a3e9bcccf168d7e55dc5149536a46626"	"e22289cf437d44671c8b38e30edb0ca543fc9bb3f29895118d71dce7dbd87e80"	"historical"	""	""	""	""	""	""	""	""	""	""	""	""	"specs/FOUNDATIONAL-CODE-REVIEW.md"
"CsdLean4/SigmaLayer/Adapters.lean"	"record-dynamics-other"	"154"	"c1aa8bda25fc9949960838f0e5ab50160347cfe3"	"0b2c9efe341e77d886c67bfac3b6bd621e605b93a5c4c6d35a0b3cb4e429514c"	"historical"	""	""	""	""	""	""	""	""	""	""	""	""	"specs/FOUNDATIONAL-CODE-REVIEW.md"
"CsdLean4/SigmaLayer/BellGenerality.lean"	"record-dynamics-other"	"115"	"15a060d1760dad9ef269359b4123fbe37e759e70"	"d817c52e1bdd054604c4887c8932bf1f255e7050a4fe658dec141abcdc95e275"	"historical"	""	""	""	""	""	""	""	""	""	""	""	""	"specs/FOUNDATIONAL-CODE-REVIEW.md"
"CsdLean4/SigmaLayer/ChartBracket.lean"	"record-dynamics-other"	"208"	"474ef8adb0652ae3bc7be1c097b65d87c9f84789"	"8ef791959f9064e295ab919cf55cb077fcf57a880e24b049775f076074d60f31"	"historical"	""	""	""	""	""	""	""	""	""	""	""	""	"specs/FOUNDATIONAL-CODE-REVIEW.md"
"CsdLean4/SigmaLayer/ChartIntegralCurve.lean"	"record-dynamics-other"	"201"	"1b9b101d2568874fbef99aea8d6e1c266c69a0fa"	"a49f98fc9d08aed9b6e2edc31868a9c68df0b3ee26e1a6176bc39aead7bec92a"	"unreviewed"	""	""	""	""	""	""	""	""	""	""	""	""	""
"CsdLean4/SigmaLayer/CompositeAdapters.lean"	"record-dynamics-other"	"134"	"e262f8aaaf2e2842f440197c18d2eeb945b6b7f5"	"6465c4f17df62551b453668aa7738f9806484b2a74626ef979c2fd73bd8c5cbd"	"historical"	""	""	""	""	""	""	""	""	""	""	""	""	"specs/FOUNDATIONAL-CODE-REVIEW.md"
"CsdLean4/SigmaLayer/CompositeInterface.lean"	"record-dynamics-other"	"127"	"2b377c0c6e78fb7341669a0bbe79f01af83e0535"	"74c2cf0e7a25e89c00842aabe7dc5c5d6909b003abe9fe58cdc04dfecde5a3b0"	"historical"	""	""	""	""	""	""	""	""	""	""	""	""	"specs/FOUNDATIONAL-CODE-REVIEW.md"
"CsdLean4/SigmaLayer/ConditionalUpdate.lean"	"record-dynamics-other"	"99"	"354c6e0c3c7e236df73fb79b52a9beec64a2521b"	"0e465e7504aa1c5d8296b6baa006c887a9c9a3af6b3556814db1d0c807fd2c4f"	"historical"	""	""	""	""	""	""	""	""	""	""	""	""	"specs/FOUNDATIONAL-CODE-REVIEW.md"
"CsdLean4/SigmaLayer/ConditioningLink.lean"	"record-dynamics-other"	"113"	"d456a04ae0549d35e980a358327008a436669c8a"	"bbe9d306b326747c1d17234552f9fcdfca47e9d400c2e2c846845be18969bfec"	"historical"	""	""	""	""	""	""	""	""	""	""	""	""	"specs/FOUNDATIONAL-CODE-REVIEW.md"
"CsdLean4/SigmaLayer/ConditioningLuders.lean"	"record-dynamics-other"	"188"	"4fc266a9477ec6310526b9db695f6660d8d6c7e8"	"331b543c97e3804f7a2b1c08f320f59484345fb40124ea4093520028097de14a"	"historical"	""	""	""	""	""	""	""	""	""	""	""	""	"specs/FOUNDATIONAL-CODE-REVIEW.md"
"CsdLean4/SigmaLayer/ConstraintDynamics.lean"	"record-dynamics-other"	"99"	"579c0df0518b6037a369979646261bd43be92b4d"	"2008a5695fc844c2508b1be865d3f695b310bd22c43abba77a03d6d0e7ae572b"	"historical"	""	""	""	""	""	""	""	""	""	""	""	""	"specs/FOUNDATIONAL-CODE-REVIEW.md"
"CsdLean4/SigmaLayer/ConstraintSurface.lean"	"record-dynamics-other"	"43"	"9242c3abacfd6c7a6cc6c7fcfb16e39205d40f84"	"012c3ca6e83b32b534a4384aa8229076e80ebcae66739959fca6d9ce4f46e866"	"historical"	""	""	""	""	""	""	""	""	""	""	""	""	"specs/FOUNDATIONAL-CODE-REVIEW.md"
"CsdLean4/SigmaLayer/ContextFixedA7.lean"	"record-dynamics-other"	"385"	"ebba05a80f638f585b26d19f3ded225142cc84b8"	"7c3a1d05e3ed63d55a083b7082362c2c2faaff782c7cdfab54f4884153ef3caa"	"historical"	""	""	""	""	""	""	""	""	""	""	""	""	"specs/FOUNDATIONAL-CODE-REVIEW.md"
"CsdLean4/SigmaLayer/ContextFixedA7FS.lean"	"record-dynamics-other"	"329"	"38a7c36bcdf9e11df183678f8b718725adc9188b"	"86d5e1336dfdacc7cdaba9ac73f11226ab76ab01401f31978695b3f7f63106bc"	"historical"	""	""	""	""	""	""	""	""	""	""	""	""	"specs/FOUNDATIONAL-CODE-REVIEW.md"
"CsdLean4/SigmaLayer/DynamicsBridge.lean"	"record-dynamics-other"	"95"	"7734302c8c9092419c5efc8d6ca3cebf5bfd85d9"	"7d07b183c3083d3f46457dad6fa5393a632903b810aa37e0ac437a68075ff4f8"	"historical"	""	""	""	""	""	""	""	""	""	""	""	""	"specs/FOUNDATIONAL-CODE-REVIEW.md"
"CsdLean4/SigmaLayer/Equivariance.lean"	"record-dynamics-other"	"115"	"b65ccb9c4e2acdcbe70234a032ac8302b6651be7"	"97faa06d63ab1aa124fe1df4db175d7113e5beed8631914538e7bb83f492e03a"	"unreviewed"	""	""	""	""	""	""	""	""	""	""	""	""	""
"CsdLean4/SigmaLayer/FiniteQMClosure.lean"	"record-dynamics-other"	"283"	"4684b74cc8b8a6e325cbdbac5ca34173d10ee02a"	"7ee78ecfb8de0c17d23ce9daa3ff215615e5fe8ab974e6c0cc1066cf9a845253"	"historical"	""	""	""	""	""	""	""	""	""	""	""	""	"specs/FOUNDATIONAL-CODE-REVIEW.md"
"CsdLean4/SigmaLayer/ForwardCapstone.lean"	"record-dynamics-other"	"82"	"23b795ba9accdc9ac259729b09971c3f98c579d1"	"fda6c79711733b37c84b2eb21b7ba124677ab4c1256042768c86d739428264aa"	"historical"	""	""	""	""	""	""	""	""	""	""	""	""	"specs/FOUNDATIONAL-CODE-REVIEW.md"
"CsdLean4/SigmaLayer/FrozenBase.lean"	"record-dynamics-other"	"205"	"306be01f7e94bae8fac0837b83e644f519a3cf03"	"da0ba7a2520b34340b1a3d5bd999ba2857b36d6790f52274f7b8e3bb7c909e1f"	"unreviewed"	""	""	""	""	""	""	""	""	""	""	""	""	""
"CsdLean4/SigmaLayer/Interference.lean"	"record-dynamics-other"	"56"	"dd52afdf31c4381976fbd2a962e1af702d1d83a2"	"3d74bfb3d20a83bcb5886d509ea5ef81da783a70613406abf1c5e154dfbe2ffd"	"historical"	""	""	""	""	""	""	""	""	""	""	""	""	"specs/FOUNDATIONAL-CODE-REVIEW.md"
"CsdLean4/SigmaLayer/IsolationPreparation.lean"	"record-dynamics-other"	"165"	"11b0a87d3c5181f9406e8c3a79fbc9ba78f16414"	"1ee20336e31377824904a1ce7b0572369935084bceeda9a70257520c2ca1522e"	"historical"	""	""	""	""	""	""	""	""	""	""	""	""	"specs/FOUNDATIONAL-CODE-REVIEW.md"
"CsdLean4/SigmaLayer/LiftedMeasurement.lean"	"record-dynamics-other"	"226"	"78729545688dd1891d1b16ef64fdce894b8641a6"	"25c1d6a4319431300af15afd8a1155d1d4d320c7f4e0465b9ca42fcad10aeb43"	"historical"	""	""	""	""	""	""	""	""	""	""	""	""	"specs/FOUNDATIONAL-CODE-REVIEW.md"
"CsdLean4/SigmaLayer/LocalisedTypicality.lean"	"record-dynamics-other"	"98"	"4395dd76a7d8cdebd07981d2f1fbcae91752b38d"	"4a94ec6ca5f6b17cb25c74aa9c067ba7b4b8866247fe1bd6e38dbfd0bf742127"	"historical"	""	""	""	""	""	""	""	""	""	""	""	""	"specs/FOUNDATIONAL-CODE-REVIEW.md"
"CsdLean4/SigmaLayer/Luders.lean"	"record-dynamics-other"	"141"	"f49f5a2bb8c69bc6d66133357560d749e25b6cd9"	"30e435bef62eb9bd6c3f3fa327069303b7d8a14fa08e4f539b457b134ed6334c"	"historical"	""	""	""	""	""	""	""	""	""	""	""	""	"specs/FOUNDATIONAL-CODE-REVIEW.md"
"CsdLean4/SigmaLayer/MeasureBridge.lean"	"record-dynamics-other"	"97"	"5be3c53eb7bc90668bcbf0b997dbf460ff0bf5b2"	"28009d628297ad178e8a5ea5725440e06e6563b83f979003ec2a47460c0f40f4"	"historical"	""	""	""	""	""	""	""	""	""	""	""	""	"specs/FOUNDATIONAL-CODE-REVIEW.md"
"CsdLean4/SigmaLayer/MeasurementRecord.lean"	"record-dynamics-other"	"104"	"42a64450b2c65e64eedcb1301434343dd6992b50"	"b2127ae8325f4cc40c7b63d422cadc54eb4c4b0f5743e8e36d58ca3da125318f"	"historical"	""	""	""	""	""	""	""	""	""	""	""	""	"specs/FOUNDATIONAL-CODE-REVIEW.md"
"CsdLean4/SigmaLayer/MixedEnsemble.lean"	"record-dynamics-other"	"153"	"9bb6920a8d82c2f68ee5f915143db2537bac13a7"	"c8c9bc266c03fc6ac077e675dc6cce196fdfb664fc9da3bed1904bf839525835"	"historical"	""	""	""	""	""	""	""	""	""	""	""	""	"specs/FOUNDATIONAL-CODE-REVIEW.md"
"CsdLean4/SigmaLayer/MixedFrequency.lean"	"record-dynamics-other"	"143"	"3e314ccf28d085a04c4fd5265da56f4689d6f9a1"	"53e77b5dbe04f92619c7be425345c630d9126df9ecb9e009d7e8c5f9141c92d5"	"historical"	""	""	""	""	""	""	""	""	""	""	""	""	"specs/FOUNDATIONAL-CODE-REVIEW.md"
"CsdLean4/SigmaLayer/MixedOntic.lean"	"record-dynamics-other"	"96"	"6b20806474a2392fb87a84a4b1c24bf3df44ffdd"	"87375c5de82701389814d5596173f2648d395fae0261085c65d673360da12596"	"historical"	""	""	""	""	""	""	""	""	""	""	""	""	"specs/FOUNDATIONAL-CODE-REVIEW.md"
"CsdLean4/SigmaLayer/MixedState.lean"	"record-dynamics-other"	"199"	"15aab38f87c1587b6439993d754f285b89bd5be4"	"3156fca93de3b7c81164fcc5914a8a7dd90f6fb475c6b4b836e4b82f50725d98"	"historical"	""	""	""	""	""	""	""	""	""	""	""	""	"specs/FOUNDATIONAL-CODE-REVIEW.md"
"CsdLean4/SigmaLayer/MovingFibreWitness.lean"	"record-dynamics-other"	"219"	"8eaa28b6b006b175999796668b6571773b51b241"	"2b2205d9b3184be637563ceb3a4c44ce0e99172216075e0a4230ba78b010f3a3"	"unreviewed"	""	""	""	""	""	""	""	""	""	""	""	""	""
"CsdLean4/SigmaLayer/OnticBornFrequency.lean"	"record-dynamics-other"	"112"	"b3d4499b30c0ef7783619bd97db0ce70d7a0c519"	"f62b612d6f8e16ad448236863ecfad67111cb523ddf6f5cb9f90fba34499ce4e"	"historical"	""	""	""	""	""	""	""	""	""	""	""	""	"specs/FOUNDATIONAL-CODE-REVIEW.md"
"CsdLean4/SigmaLayer/PostMeasurement.lean"	"record-dynamics-other"	"107"	"b0180e560d5155a606a4a4a905da4d75f35d2c7a"	"4a7e477bd03a4ba070f4af77d446d9d724478a888ff9911806c7403b46b1a922"	"historical"	""	""	""	""	""	""	""	""	""	""	""	""	"specs/FOUNDATIONAL-CODE-REVIEW.md"
"CsdLean4/SigmaLayer/PreparationDensity.lean"	"record-dynamics-other"	"236"	"1421891653bf7da1c46258449e2e1cc6afdd1357"	"1f258796a61ec7e855258d58cb87b27cffbf096c43948a9e297fdf7eb8526735"	"unreviewed"	""	""	""	""	""	""	""	""	""	""	""	""	""
"CsdLean4/SigmaLayer/PreparationDensityBridge.lean"	"record-dynamics-other"	"186"	"2b5035c21643921f93716aeca89bca2583b1fc7e"	"fb0fab73d518defac8d411e5a668dc8fa5a709ea18fadbf2b5632c35bb5cafbf"	"unreviewed"	""	""	""	""	""	""	""	""	""	""	""	""	""
"CsdLean4/SigmaLayer/ProjectiveSector.lean"	"record-dynamics-other"	"114"	"c022559e27f5b2fb2507d8743b5f80800858f5b2"	"18a87680fae69f420d30993457b092142d6f52db0bad033dc8c536843b512f48"	"historical"	""	""	""	""	""	""	""	""	""	""	""	""	"specs/FOUNDATIONAL-CODE-REVIEW.md"
"CsdLean4/SigmaLayer/RecordedFact.lean"	"record-dynamics-other"	"145"	"063c646ce361fe2f961208074cb4c6f47fb282a3"	"a5abd29943708b74eddeeb8b1fac55faa2a76b7b5b18648073d9d67c6c94ef2f"	"historical"	""	""	""	""	""	""	""	""	""	""	""	""	"specs/FOUNDATIONAL-CODE-REVIEW.md"
"CsdLean4/SigmaLayer/SectorPostulateNoGo.lean"	"record-dynamics-other"	"116"	"b45dd5e4ea277757737c6799c9f203a1c7bd618a"	"d6f58d7bec7cdb63403f8c5c6c848a5eb84e0168f90af17ab735bffffffae9b0"	"historical"	""	""	""	""	""	""	""	""	""	""	""	""	"specs/FOUNDATIONAL-CODE-REVIEW.md"
"CsdLean4/SigmaLayer/Symmetrization.lean"	"record-dynamics-other"	"179"	"a8eceb15f653b36155e56eb0d9c7a295cd74868c"	"62f3dc0f9d937d50b736798e61780e49d20562f01be4bbfaaaeb50bef69292db"	"historical"	""	""	""	""	""	""	""	""	""	""	""	""	"specs/FOUNDATIONAL-CODE-REVIEW.md"
"CsdLean4/SigmaLayer/TensorGeneration.lean"	"record-dynamics-other"	"82"	"cab13ea385dcc3ba3200e9f9c0e5c64c0eacbebc"	"2629c5ed7a979781406c62af918d06380b3d65536c0d7c6981b8317de208da94"	"historical"	""	""	""	""	""	""	""	""	""	""	""	""	"specs/FOUNDATIONAL-CODE-REVIEW.md"
"CsdLean4/SigmaLayer/TensorReconstruction.lean"	"record-dynamics-other"	"173"	"665c068563472dc5e486c9828b02e2a31d6a120c"	"f9198b5457c15c2a4bce64141992e9f9c0485d9e9dc233dbda81f4065dff7e27"	"historical"	""	""	""	""	""	""	""	""	""	""	""	""	"specs/FOUNDATIONAL-CODE-REVIEW.md"
"CsdLean4/SigmaLayer/TensorSector.lean"	"record-dynamics-other"	"86"	"b4ae405c8639076115f56da059fa346e69af1abf"	"becba903854c76e2941a3bb019991729afab76bfcb841335400c45a93fb95c61"	"historical"	""	""	""	""	""	""	""	""	""	""	""	""	"specs/FOUNDATIONAL-CODE-REVIEW.md"
"CsdLean4/SigmaLayer/TensorSolved.lean"	"record-dynamics-other"	"115"	"ff46728420de6697dda68369ac4e1ca1fd46beea"	"604df1975e493d9bad03825eb44fe13e4c769396ac0c527213986293664b5b6c"	"historical"	""	""	""	""	""	""	""	""	""	""	""	""	"specs/FOUNDATIONAL-CODE-REVIEW.md"
"CsdLean4/SigmaLayer/TensorTomography.lean"	"record-dynamics-other"	"608"	"17c18329683c674e097c97cb5e0af758d6977609"	"5f471a349824f77b9034f0a4c434a9885c6100d6cf0f3a5f4026e839ae4cad2c"	"unreviewed"	""	""	""	""	""	""	""	""	""	""	""	""	""
"CsdLean4/SigmaLayer/TheoremTargets.lean"	"record-dynamics-other"	"88"	"a4bf8e28dac00e03ac8bfcdee009c3929bf2f1f8"	"3df05fde6d4647e5cf99e69d08f38d82d0867466c8c05b59b2d367c070dc0141"	"historical"	""	""	""	""	""	""	""	""	""	""	""	""	"specs/FOUNDATIONAL-CODE-REVIEW.md"
"CsdLean4/SigmaLayer/TimeIndexedRecord.lean"	"record-dynamics-other"	"104"	"597142c32459c92d198d9826b49d3487c3e3f16f"	"38bfb4cc4aad283a2eb6b0eb3f6d7a64d284caa6170a8b0184a8326d61a11ba2"	"historical"	""	""	""	""	""	""	""	""	""	""	""	""	"specs/FOUNDATIONAL-CODE-REVIEW.md"
"CsdLean4/SigmaLayer/UnifiedFlowedRecords.lean"	"record-dynamics-other"	"126"	"36b9c4f0612815b84fe37b9be7caf84a8f24d724"	"6855498dd7905535d43390f8f6a1a2ec5a362dae96ef5e1acfdc5a8dac2c0b68"	"historical"	""	""	""	""	""	""	""	""	""	""	""	""	"specs/FOUNDATIONAL-CODE-REVIEW.md"
"CsdLean4/SigmaLayer/UnifiedMeasurement.lean"	"record-dynamics-other"	"186"	"6697c606f9614c4b3484849c191d24a37fe18dcd"	"4b72e6ec7e829bde1b1df087e32257dbbeb0f42473a7d92e24d28429f6bdf22b"	"historical"	""	""	""	""	""	""	""	""	""	""	""	""	"specs/FOUNDATIONAL-CODE-REVIEW.md"
"CsdLean4/SigmaLayer/UniqueErgodicity.lean"	"record-dynamics-other"	"104"	"88f01eee7147f85b07ba25b77d95998a79ff3d82"	"0ffdf80d7b68f4947ff7f64bf72cb8cacf9cccf004dd49449f9cd3238ff83c5a"	"historical"	""	""	""	""	""	""	""	""	""	""	""	""	"specs/FOUNDATIONAL-CODE-REVIEW.md"
"CsdLean4/SigmaLayer/UntriggeredFlow.lean"	"record-dynamics-other"	"273"	"956f7ed42d16636cf7758103aef1e217ccbc3ff1"	"59ec1cdc6e8df4f78e5e7e9e1652d2742018264810f641f24eca00779ac88032"	"unreviewed"	""	""	""	""	""	""	""	""	""	""	""	""	""
"CsdLean4/SigmaLayer/UntriggeredReadout.lean"	"record-dynamics-other"	"146"	"a05bf45dd5c3920a9fc127413010e015dc8367b6"	"16d4d6e49a1860d9fff519745765cf82999602b3c806e33bc8e6a34e402782d2"	"unreviewed"	""	""	""	""	""	""	""	""	""	""	""	""	""
"CsdLean4/SigmaLayer/UntriggeredVolume.lean"	"record-dynamics-other"	"236"	"74836d37547dc572a324201a3a0654b2a8e50a1d"	"be0eaa59dfdfab3977880de4fe6518330744a530092b56b3fcc89dce640ad20f"	"unreviewed"	""	""	""	""	""	""	""	""	""	""	""	""	""
"CsdLean4/Tests/AxiomAudit.lean"	"tests-facades"	"54"	"578db1168898be2d8994a27712dcefbf99ff64b0"	"5e9133f7007a68577191a7432465cc306cd38ed31373902ac94ba1c35ac8caac"	"historical"	""	""	""	""	""	""	""	""	""	""	""	""	"specs/FOUNDATIONAL-CODE-REVIEW.md"
"CsdLean4/Tests/AxiomAudit/Dynamics.lean"	"tests-facades"	"1269"	"20cf0fa5cc9d03c9744623397a64a04e7b035a7e"	"dfed03463d36ea0595bd7e664f121ce86ba554e5dfdcb18e1746e8bab73708f7"	"stale-source"	"partial"	"58657c0031187b3a8d8e988287b5dc70782cb4e0"	"8b27a54999b49c3ca332a85004a48c13cafa54369e41a60c1547ac9dad5b3dcc"	"9ffcba81f918b092415c80e665a7f693cffddd4c"	"Codex"	"2026-09-24"	"pass"	"pass"	"passed"	"Batch 010: final 4330-job full build; unchanged standard-linter baseline; Gleason-free scan (260 declarations/11 modules); eight further guards; four POVM boundary probes. See report for source-delta and dependency refresh scopes."	"specs/reviews/2026-09-23-effect-helpers-povm.md"	"CR-LF5-001"	"specs/reviews/2026-09-22-evolved-preparation-trials.md;specs/reviews/2026-09-23-gleason-busch.md"
"CsdLean4/Tests/AxiomAudit/EmpiricalCSD.lean"	"tests-facades"	"2258"	"6afea6789539fe42459d38a8103fd2556749a52b"	"86bf9a2b905a6bf067a3d69f74e884d55af6f5c6d5f7fcb47dd8f4e20ba2e52e"	"unreviewed"	""	""	""	""	""	""	""	""	""	""	""	""	""
"CsdLean4/Tests/AxiomAudit/EmpiricalQM.lean"	"tests-facades"	"1850"	"b578119ecdbc96b571ff6b0077b2172731210c16"	"918b894420644e31a4894ea3e13cdaacc3c60f4f8c183bf94cee12555ecbae72"	"unreviewed"	""	""	""	""	""	""	""	""	""	""	""	""	""
"CsdLean4/Tests/AxiomAudit/Extensions.lean"	"tests-facades"	"1742"	"7ebf0cbe75f6ad288de54ca9894342ed9417d8fc"	"459545f567c6b2abd8bd15795b4e3081ce017f93a6f73ed39ea167cc95ac4779"	"unreviewed"	""	""	""	""	""	""	""	""	""	""	""	""	""
"CsdLean4/Tests/AxiomAudit/Foundations.lean"	"tests-facades"	"624"	"9e7d4908937a42753d8483dc487ef0d5cec281f4"	"027a7c53bbd49054069ba2aa4c3499a2a2ad7198d1e6252ed5f5c7fd5119ab4c"	"stale-source"	"partial"	"5f24065204a527fa6fb66c25aacd3175a7cffbac"	"49fdfee50e1b15a74241bbbbe9833eefb3eb60edf0f78dabf0902879014f2924"	"9ffcba81f918b092415c80e665a7f693cffddd4c"	"Codex"	"2026-09-24"	"pass"	"pass"	"passed"	"Batch 010: final 4330-job full build; unchanged standard-linter baseline; Gleason-free scan (260 declarations/11 modules); eight further guards; four POVM boundary probes. See report for source-delta and dependency refresh scopes."	"specs/reviews/2026-09-23-effect-helpers-povm.md"	"CR-GLEASON-001,CR-POVM-001,CR-POVM-002"	"specs/reviews/2026-09-23-gleason-busch.md"
"CsdLean4/Tests/AxiomAudit/Incubator.lean"	"tests-facades"	"114"	"5a1a222120577481b0300b37c75ab0e352a323ca"	"d3ea35aac05c2557eecb103796717bf3f26752879ba1f32a3125adc729fd48cb"	"unreviewed"	""	""	""	""	""	""	""	""	""	""	""	""	""
"CsdLean4/Tests/AxiomAudit/LF4.lean"	"tests-facades"	"1568"	"50d9d2c34575fb9f151725524d2362c7a34bf531"	"db7deb0d004ce66f727c6806ede61007810ce2f555b409416566421bcf1fc7b5"	"unreviewed"	""	""	""	""	""	""	""	""	""	""	""	""	""
"CsdLean4/Tests/AxiomAudit/MathlibStaging.lean"	"tests-facades"	"9454"	"7b3b0538e90f524e4b98c4d6b6a998a9ae30cb6e"	"b09d44d9e6009018ec37e7e92cbf0339db3a81ea788cb5991fcafb243bc41827"	"unreviewed"	""	""	""	""	""	""	""	""	""	""	""	""	""
"CsdLean4/Tests/AxiomAudit/SigmaLayer.lean"	"tests-facades"	"3833"	"5037c281a866a6501c2aed2f31604da3846147d0"	"4961457bdacc053eb901e39393390172a3945c4dda9204bac62190816a51ae39"	"unreviewed"	""	""	""	""	""	""	""	""	""	""	""	""	""
"CsdLean4/Tests/AxiomAudit/Witnesses.lean"	"tests-facades"	"152"	"bf764883fc0c53a2130e4747f0ede0693181b83c"	"8be126751626d7d6128836b71e79977bc16e8b4538b13ad995ce4aea534b8eaf"	"unreviewed"	""	""	""	""	""	""	""	""	""	""	""	""	""
"CsdLean4/Tests/EntropyWitness.lean"	"tests-facades"	"205"	"b5be2318da679512ca80cc09756509258a056975"	"9ebd0fb97d519f4848ecce19ce99bcfd0a7e49820f66b1245436f8d65fd6ab41"	"unreviewed"	""	""	""	""	""	""	""	""	""	""	""	""	""
"CsdLean4/Tests/Examples.lean"	"tests-facades"	"494"	"6192c22043b5f35e3bed95b790170fbf085eecfb"	"0e6306d0f88db436791217f35fef1ff5dee5a691f6ef710d0991d6af53d79695"	"historical"	""	""	""	""	""	""	""	""	""	""	""	""	"specs/FOUNDATIONAL-CODE-REVIEW.md"
"CsdLean4/Tests/Witnesses.lean"	"tests-facades"	"49"	"5e2dd2ed45bf2b2d7c296d9b25a2e790ce4d36f5"	"b9bc3c326e071ca8c9711c8dde6606ef776f3e8466384195d701777abf5804fd"	"unreviewed"	""	""	""	""	""	""	""	""	""	""	""	""	""
"CsdLean4/Tests/Witnesses/Composite.lean"	"tests-facades"	"94"	"cc07d131144e76874858c86bcc5e8e5b51eac8c4"	"a7ee6e6fef20ff671a42d5c53a480e2dfa2c286763965293d1a1bb3df4f5dfee"	"unreviewed"	""	""	""	""	""	""	""	""	""	""	""	""	""
"CsdLean4/Tests/Witnesses/Dynamics.lean"	"tests-facades"	"174"	"2c2767afcb9aa46fcb850444e5e4cb691bc172d6"	"0ff5db0f19a8a6791b29c25bcd2a1cc82176873120b480506b245027aa7e0697"	"unreviewed"	""	""	""	""	""	""	""	""	""	""	""	""	""
"CsdLean4/Tests/Witnesses/IIDSampling.lean"	"tests-facades"	"181"	"418512a1a55dc0786b396da9cf9455ab34e1f8a9"	"39a76a48c766d162dc4203220bc3bc8fa1eb287118be8d3a690bd70711094b16"	"stale-dependency"	"full"	"418512a1a55dc0786b396da9cf9455ab34e1f8a9"	"4d70ab7fdf2597bcec4d60b70650db68ec7b8cbe826a1f1d6466fa2bb5a19a67"	"330e8248b17884d21cbbccbd937b12b339026fe3"	"Codex"	"2026-09-17"	"pass"	"pass"	"passed"	"Focused LF1/witness build --wfail; axiom checks; doc/category/reference guards; see report"	"specs/reviews/2026-09-17-lf1-frequency.md"	""	""
"CsdLean4/Tests/Witnesses/LF1Trial.lean"	"tests-facades"	"115"	"0e34d13064ebfc6e4169d804eb7b7a766a83aa98"	"d124100665e874404b0ffab37ac64dc0d6b587ea7b3b5d429974289a7f84ddca"	"unreviewed"	""	""	""	""	""	""	""	""	""	""	""	""	""
"CsdLean4/Tests/Witnesses/LF2Bridge.lean"	"tests-facades"	"108"	"f3821d5249ce81ec3c3f6054e59f87d6df6cfe3f"	"aaa480e8b2ada72719a44ed18d3e860770394e19ec0c39025ee62c549d38c73b"	"unreviewed"	""	""	""	""	""	""	""	""	""	""	""	""	""
"CsdLean4/Tests/Witnesses/Operational.lean"	"tests-facades"	"162"	"ed1acb1b22648e7b9a9adaef269c9d76fd1d42b3"	"e588e420b897800900aeaa752317fb4000fe005c1c3743751cadc03dc7766835"	"unreviewed"	""	""	""	""	""	""	""	""	""	""	""	""	""
"CsdLean4/Tests/Witnesses/Sequential.lean"	"tests-facades"	"154"	"4c4418d657b4bd627489c68575191ded8398c0fe"	"1413148f37277f186ca84d227f90598db12c25945adcc385c14ba74c9b5e87e5"	"unreviewed"	""	""	""	""	""	""	""	""	""	""	""	""	""
"CsdLean4/Tests/Witnesses/SingletBell.lean"	"tests-facades"	"204"	"0b85cdbcaf98591accf815226ac0a4cd8bb20ac4"	"f58b182c464da9ac999ae038cc950ce201e3ab92fd9904ad5f216ab9595904c5"	"stale-source"	"full"	"115149e232fc43c907463a6edb75a8e8356936e4"	"1877d1b8f0db69a5d281c46b2e9605fc8c8c30c16cb1421d5f666b23ce238263"	"9ffcba81f918b092415c80e665a7f693cffddd4c"	"Codex"	"2026-09-24"	"findings"	"findings"	"passed"	"Batch 010: final 4330-job full build; unchanged standard-linter baseline; Gleason-free scan (260 declarations/11 modules); eight further guards; four POVM boundary probes. See report for source-delta and dependency refresh scopes."	"specs/reviews/2026-09-23-effect-helpers-povm.md"	"CR-LF3-003"	"specs/reviews/2026-09-22-exclusive-singlet-outcomes.md;specs/reviews/2026-09-22-circle-totality-flow-effects.md;specs/reviews/2026-09-23-gleason-busch.md"
"CsdLean4/Thermo/CanonicalTypicality.lean"	"record-dynamics-other"	"1245"	"103e1ef97328b8bb47220dfb9bcace7b849715ac"	"57328922e8ee23fe6dccd99a07088001593085abea6813a22d074b69edd780a9"	"historical"	""	""	""	""	""	""	""	""	""	""	""	""	"specs/FOUNDATIONAL-CODE-REVIEW.md"
"CsdLean4/Thermo/Crooks.lean"	"record-dynamics-other"	"241"	"92caa41f2071a9a887e208d1da31f81afdad6e6d"	"e08055d9bbc2e90052be5d3a0a050f64e521adc62bcd5dece36286b5a354d031"	"unreviewed"	""	""	""	""	""	""	""	""	""	""	""	""	""
"CsdLean4/Thermo/ETH.lean"	"record-dynamics-other"	"564"	"8129b0597e0726bfb83b7abdb6ee665248c802af"	"b8d83bc7671c6091e20efbf796f97a5242ae48223a3e664431d472c94464728c"	"unreviewed"	""	""	""	""	""	""	""	""	""	""	""	""	""
"CsdLean4/Thermo/EnergyWindow.lean"	"record-dynamics-other"	"280"	"381715b9ab8ba7efd2b765ad1c95f44e72d9ea69"	"d6db75593de45114c4f4cb5731e372b720a1d4be7b8c4bdb98ec253204f93f09"	"unreviewed"	""	""	""	""	""	""	""	""	""	""	""	""	""
"CsdLean4/Thermo/Equilibration.lean"	"record-dynamics-other"	"445"	"3c2d73508133afb0b7125f56422b9b1825d7f18f"	"d4a30608573a6ecbc5bd9548b744aac82e9d7bf4f68193f0e40daccb66c1007b"	"unreviewed"	""	""	""	""	""	""	""	""	""	""	""	""	""
"CsdLean4/Thermo/FreeEnergy.lean"	"record-dynamics-other"	"310"	"b60ee94f69f2b57b9dbf33d0ae61ee26aff1ec3c"	"d94a18c17e9423b3f8e353f430a5593114169a27cf1331e8369800aaee94eb86"	"historical"	""	""	""	""	""	""	""	""	""	""	""	""	"specs/FOUNDATIONAL-CODE-REVIEW.md"
"CsdLean4/Thermo/Jarzynski.lean"	"record-dynamics-other"	"306"	"dbadc5e8c8cbc960360873c9228a28c6e411fe82"	"ada1784f30ef0bf3bf5ef02260ec8dcbd7ac5fd1d7ab84bf2260eec76b6c8455"	"unreviewed"	""	""	""	""	""	""	""	""	""	""	""	""	""
"CsdLean4/Thermo/Landauer.lean"	"record-dynamics-other"	"219"	"c07def914bd79edbc7a12d6c4d3da74b2819c5f1"	"5d89c9afb70d080b02bcd59e3356bb67d5acb2e6e55449e5bca61a5d339a4fd7"	"historical"	""	""	""	""	""	""	""	""	""	""	""	""	"specs/FOUNDATIONAL-CODE-REVIEW.md"
"CsdLean4/Thermo/ReducedSecondMoment.lean"	"record-dynamics-other"	"690"	"e2cc12a270250d71da66bd8d6cad9f24ea27ea96"	"3943cd2d52cec2ac261975b19261e9ba325f55bc7adbd5093ae42760a3fdcb9d"	"unreviewed"	""	""	""	""	""	""	""	""	""	""	""	""	""
"CsdLean4/Thermo/SecondLaw.lean"	"record-dynamics-other"	"250"	"10a43ab3227737a01a8afce981f564cac944d094"	"5d6a02e795b190287a71e540330c1e6f64cc1a4d41c470c6b39ec5500ac07eba"	"historical"	""	""	""	""	""	""	""	""	""	""	""	""	"specs/FOUNDATIONAL-CODE-REVIEW.md"
"CsdLean4/Thermo/SectorRestriction.lean"	"record-dynamics-other"	"129"	"7cffe0d892adcb8a0a0040d6d85309870efff99b"	"2a53e3c73b9edfe0df98216e4ae162dc41e4665919b4bb2cd580b7455e495aea"	"unreviewed"	""	""	""	""	""	""	""	""	""	""	""	""	""
"CsdLean4/Thermo/SigmaSecondLaw.lean"	"record-dynamics-other"	"348"	"9338247933946dd4b151a20cd9b924796aaa5e6e"	"5606b761abb9dae91355f2ec90692db9b57f9660601a2ff748fb9cbcc3406969"	"stale-source"	"partial"	"17033a273c7af92c035eedab395bd8a0d237937e"	"6b6c6728acc5b504ae38727cfcb9089f280d489a6917522998112639246add92"	"9ffcba81f918b092415c80e665a7f693cffddd4c"	"Codex"	"2026-09-24"	"pass"	"findings"	"passed"	"Batch 010: final 4330-job full build; unchanged standard-linter baseline; Gleason-free scan (260 declarations/11 modules); eight further guards; four POVM boundary probes. See report for source-delta and dependency refresh scopes."	"specs/reviews/2026-09-23-effect-helpers-povm.md"	"CR-LF6-001"	"specs/reviews/2026-09-22-evolved-preparation-trials.md;specs/reviews/2026-09-23-gleason-busch.md"
"scripts/axiom-sweep.lean"	"record-dynamics-other"	"138"	"ba532722f1329a0c47624f6f08758386995637c5"	"93997fb3b90a558a4f55f7369e30690b8be8f2ecabb4b9f5ff64b50e43198b8d"	"unreviewed"	""	""	""	""	""	""	""	""	""	""	""	""	""
"scripts/citation-use.lean"	"record-dynamics-other"	"180"	"f9c22a2402ef215d9b9769f771f572f26971529c"	"09a30f762886e61c5ffd79e1845d78b2c07d1e440fd510316c2884807798d437"	"unreviewed"	""	""	""	""	""	""	""	""	""	""	""	""	""
"scripts/gleason-free.lean"	"record-dynamics-other"	"190"	"c4893a3def17421cf4174858bb9867a6af62ffaf"	"9b865a4743da8340e33c328e940d48ba59f97016cca412d5ec6eaaa11f03ca62"	"stale-source"	"full"	"95cca78ad97aa4482f1776251ddb946c32213d87"	"4afdbfac7bb502a65515d8fbae7bbce6eace05b125a6f3a06bfd22c1f51f8874"	"9ffcba81f918b092415c80e665a7f693cffddd4c"	"Codex"	"2026-09-24"	"findings"	"findings"	"passed"	"Batch 010: final 4330-job full build; unchanged standard-linter baseline; Gleason-free scan (260 declarations/11 modules); eight further guards; four POVM boundary probes. See report for source-delta and dependency refresh scopes."	"specs/reviews/2026-09-23-effect-helpers-povm.md"	"CR-GLEASON-002"	"specs/reviews/2026-09-23-gleason-busch.md"
"scripts/physlib-axiom-sweep.lean"	"record-dynamics-other"	"125"	"1ac551c51a90389c912fb5a13e6fdbab741f9883"	"5026d50f2fc39594b77ff75622616cb28dc73b32a9a25e6858841a674d983597"	"unreviewed"	""	""	""	""	""	""	""	""	""	""	""	""	""
"specs/reviews/2026-09-28-gleason-submission/BoundaryAudit.lean"	"record-dynamics-other"	"33"	"e1d72fdf484b14d472c698fab514776f78c63903"	"ba69c4ae73397326374c737f735c59579e0f5a14d314705134543bea526d724a"	"unreviewed"	""	""	""	""	""	""	""	""	""	""	""	""	""
"specs/reviews/2026-09-28-gleason-submission/DependencyAudit.lean"	"record-dynamics-other"	"139"	"ae2e8320b6a8cd876715848f9071d23e275271ab"	"b556393190e9eae331f49b3d3fd342242391b569f9c96adb3bcc15042562fee2"	"unreviewed"	""	""	""	""	""	""	""	""	""	""	""	""	""
"specs/reviews/2026-09-28-gleason-submission/EndpointAudit.lean"	"record-dynamics-other"	"137"	"f0cd63f075b2a4b2f98088e67fee15e39a6720a0"	"d54f7709b674541fd7616d9fbd54e75144fee90f203d4c0ac30ac1c0f8417574"	"unreviewed"	""	""	""	""	""	""	""	""	""	""	""	""	""
"specs/reviews/2026-09-28-gleason-submission/RealAudit.lean"	"record-dynamics-other"	"105"	"7f1905044872b42412429f9c5f1b058c061b3b65"	"966b7f8c2faa690630ffdb7c5cf6991cdcb85146362204f78f4d9ca095b38b7e"	"unreviewed"	""	""	""	""	""	""	""	""	""	""	""	""	""
