"path"	"stratum"	"lines"	"blob"	"context_hash"	"status"	"review_scope"	"reviewed_blob"	"reviewed_context"	"review_commit"	"reviewer"	"reviewed_on"	"code"	"comments"	"validation_status"	"validation"	"evidence"	"issues"	"prior_evidence"
"CsdLean4.lean"	"tests-facades"	"704"	"d424a56939e095b26d5b9f89391cda89c5d8293c"	"5a738ade8d845ad83373f9539b09773773a4a0d7f350fec9a73e2e8d55d5eeb5"	"unreviewed"	""	""	""	""	""	""	""	""	""	""	""	""	""
"CsdLean4/Basic.lean"	"tests-facades"	"29"	"79bab60bc59bd93f709e67f623acc04f21c0c682"	"1e363acab38f9a2a05c3199abad0d6f943e2a89dffbbd2d3a04ae92fc928d973"	"historical"	""	""	""	""	""	""	""	""	""	""	""	""	"specs/FOUNDATIONAL-CODE-REVIEW.md"
"CsdLean4/CV/ApproxCCR.lean"	"record-dynamics-other"	"110"	"2150e5ba14840887d4077aecb9925eee1f0d653b"	"5adaa7a741ae1ddc5b6001c7c7a76ad020ad6916b84743c55b85e5f48d363237"	"historical"	""	""	""	""	""	""	""	""	""	""	""	""	"specs/FOUNDATIONAL-CODE-REVIEW.md"
"CsdLean4/CV/ArenaBridge.lean"	"record-dynamics-other"	"445"	"05b399b7d606b7ba33651ac68af65769a8437297"	"c10e08ac43a739c5ae4f1bbdd9397e0933a7072bef193be02a915808fef94634"	"unreviewed"	""	""	""	""	""	""	""	""	""	""	""	""	""
"CsdLean4/CV/Boost.lean"	"record-dynamics-other"	"145"	"0f9c1729e10d87c70092e45167e7ec98715664c7"	"f430fa2a66430fd24e276cc1586b915814a1003b9654ca2b4075d3f07e5362cf"	"unreviewed"	""	""	""	""	""	""	""	""	""	""	""	""	""
"CsdLean4/CV/CarrierPersistence.lean"	"record-dynamics-other"	"279"	"cad11c8298c6356abdd370f29e58dbd9d4e09e3a"	"fff8b0a50abc13ffe8bce8992b277e8a5da9654920f5a7be7d02af41cd1c6824"	"unreviewed"	""	""	""	""	""	""	""	""	""	""	""	""	""
"CsdLean4/CV/ChannelRG.lean"	"record-dynamics-other"	"396"	"1b47c352a2fb960a9e9bd31bfe33f4a5412a605f"	"3c4216f87e3b8264a519b42ef4fb608f0c63e52b78afda04ae8af7577ddd4219"	"unreviewed"	""	""	""	""	""	""	""	""	""	""	""	""	""
"CsdLean4/CV/ChaosBounds.lean"	"record-dynamics-other"	"229"	"a69b0ade50db0e5634a7c38b7cb4b70e9f6e747f"	"fbdacd501c4afa45a84aac8949cc5993a115739dcbbc4899b9ab8a9857ca095f"	"unreviewed"	""	""	""	""	""	""	""	""	""	""	""	""	""
"CsdLean4/CV/CompositeArena.lean"	"record-dynamics-other"	"840"	"78e72aa15ecab0018d8cf4e72c26e1c5469633d7"	"595261103f1c2cccae1287204dcfe0afd6b61ce9cfa5147fc32fa42e900551e1"	"unreviewed"	""	""	""	""	""	""	""	""	""	""	""	""	""
"CsdLean4/CV/CutoffStability.lean"	"record-dynamics-other"	"163"	"653b505336a20814af20da98e9fec8af4fc6c00b"	"13c98f4b2c4a81254bd220b0b6acd83ed83eaa04196548de47d48ae1b6771602"	"unreviewed"	""	""	""	""	""	""	""	""	""	""	""	""	""
"CsdLean4/CV/Decimation.lean"	"record-dynamics-other"	"168"	"3acd89c2a1654eca092731683fb24a2ea234928e"	"51d9a76320fe259071bd50d88b0ca8701e20ef40536a64d66940ff5892c73cac"	"unreviewed"	""	""	""	""	""	""	""	""	""	""	""	""	""
"CsdLean4/CV/Dispersion.lean"	"record-dynamics-other"	"220"	"b93d1b762d1d43b901d895f27a10409d107ab755"	"0685755f1b17821a225ffba8ac622308f1ad336c20a88ee584a5f079ba8698ef"	"historical"	""	""	""	""	""	""	""	""	""	""	""	""	"specs/FOUNDATIONAL-CODE-REVIEW.md"
"CsdLean4/CV/DispersionEarned.lean"	"record-dynamics-other"	"213"	"81e87e0366122ed3028645c3736719d740f01f3e"	"65d067967fc4af0bdd8652a9d20e524ae8dafd7f5cda94036bbd63162438d488"	"unreviewed"	""	""	""	""	""	""	""	""	""	""	""	""	""
"CsdLean4/CV/DynamicalLocality.lean"	"record-dynamics-other"	"205"	"3de402ff87764519133e97fd9bd0835d2b3c46fb"	"8fb3cea31b29ffe160733e420b3353e8ffe273e97b4fcdc8ec2f64eab4198088"	"unreviewed"	""	""	""	""	""	""	""	""	""	""	""	""	""
"CsdLean4/CV/EntangledWeights.lean"	"record-dynamics-other"	"306"	"036d47d2b4d078b9f2b524fccfecfd31b32f404d"	"26cfc5987aef5d3f1b37bbf7140b11e124e06e6738b47ff130edc9f523198af4"	"unreviewed"	""	""	""	""	""	""	""	""	""	""	""	""	""
"CsdLean4/CV/FibredArenaBridge.lean"	"record-dynamics-other"	"203"	"8af0a628af9943d3858d605dbb7c10aaa7ca8ea9"	"a89ef9e376b9eb0353e27d4ac17329032acaf0443c3d2b54b4983849fcb09438"	"unreviewed"	""	""	""	""	""	""	""	""	""	""	""	""	""
"CsdLean4/CV/FieldModes.lean"	"record-dynamics-other"	"189"	"a8fdd854c43c10b082839492f401ca6256f2f1a2"	"1050c076a66935a635e6c3b6ea362f1bae63bab7ddac70d25d3f54e37d1051f0"	"historical"	""	""	""	""	""	""	""	""	""	""	""	""	"specs/FOUNDATIONAL-CODE-REVIEW.md"
"CsdLean4/CV/FieldStructuredFlow.lean"	"record-dynamics-other"	"385"	"9b93a237f3c62e072a1a9dc728b7d2a59048d442"	"fbb3abd3e1200529f23b70f9495eb043f11204288f0c28fb03097bcbdbd42679"	"unreviewed"	""	""	""	""	""	""	""	""	""	""	""	""	""
"CsdLean4/CV/FreeFieldFloquet.lean"	"record-dynamics-other"	"133"	"2174f49c0ca0fd5a7da58fc8ba698fd7f8647497"	"76a017b9ccf7fb4d6508600d926a7f94cf0939b393685c56c58792fe4f3d9990"	"unreviewed"	""	""	""	""	""	""	""	""	""	""	""	""	""
"CsdLean4/CV/Interaction.lean"	"record-dynamics-other"	"139"	"18d4fc77dc33c962fba3b9e4e9104f3455ea003d"	"a3d3ae5ffb71d38b375c246fb55cbf16f68078db5ab6d3efd3114ee8bd88f606"	"unreviewed"	""	""	""	""	""	""	""	""	""	""	""	""	""
"CsdLean4/CV/InteractionPrice.lean"	"record-dynamics-other"	"202"	"a67a085e47d5aa7a84e4dbdf3b756a4151fe3505"	"d5b530d8cbab4828cc147bb5c5d528b0f34f6428e54689844bb2cd0f4fe84626"	"unreviewed"	""	""	""	""	""	""	""	""	""	""	""	""	""
"CsdLean4/CV/LiebRobinson.lean"	"record-dynamics-other"	"994"	"2a97356e7374b1c13a1752e7213af84f2de13995"	"67e6314adf60dcd0e19466e2a3d0e19bc39294c2ff4f2d9c93204345d746a0f3"	"unreviewed"	""	""	""	""	""	""	""	""	""	""	""	""	""
"CsdLean4/CV/LocalAlgebra.lean"	"record-dynamics-other"	"203"	"b746f0b9b92bab79742c0ebe447577d7b173f94a"	"537b41a79165c295d1477279b4068a1a3fcfd0ecd6d2584a46873b2ef4ab73d7"	"unreviewed"	""	""	""	""	""	""	""	""	""	""	""	""	""
"CsdLean4/CV/LocalAlgebraClosed.lean"	"record-dynamics-other"	"271"	"f85a90aed3e91d5d803b80ef7a72ec6f4805a865"	"ff06720e7606d29cd21ae187884e9590db630617ca834c4cc21095d4a25cbb73"	"unreviewed"	""	""	""	""	""	""	""	""	""	""	""	""	""
"CsdLean4/CV/ModeLocality.lean"	"record-dynamics-other"	"204"	"38478f5cbc8b8969b3b1510a220da4b0ce8e9734"	"923976869f64799e4ac170792daca709579321675c5ce268cfaeb851fa225963"	"historical"	""	""	""	""	""	""	""	""	""	""	""	""	"specs/FOUNDATIONAL-CODE-REVIEW.md"
"CsdLean4/CV/Oscillator.lean"	"record-dynamics-other"	"314"	"0ab4806dc17b82a3db2ef022f6461590381449f8"	"530234c9221cb34c46ab9812eefd22f4d5276e74519b4786ed6e17b5e25442e3"	"historical"	""	""	""	""	""	""	""	""	""	""	""	""	"specs/FOUNDATIONAL-CODE-REVIEW.md"
"CsdLean4/CV/OscillatorBorn.lean"	"record-dynamics-other"	"125"	"86d2e19982c017393f14d9f5854efbe6c466c4a6"	"a764a62ada72d13a065b942b5935f72854ea34792b16d99b1117b2d3f59a8444"	"historical"	""	""	""	""	""	""	""	""	""	""	""	""	"specs/FOUNDATIONAL-CODE-REVIEW.md"
"CsdLean4/CV/OscillatorSpectrum.lean"	"record-dynamics-other"	"134"	"acb6316813bb585f41666e066bd6c7e7f4ee7cef"	"e09b04851cf022932355328c8f33fc0856594bf55a7d4d95851948b48cac7ef3"	"historical"	""	""	""	""	""	""	""	""	""	""	""	""	"specs/FOUNDATIONAL-CODE-REVIEW.md"
"CsdLean4/CV/Position.lean"	"record-dynamics-other"	"189"	"733721c393120860fd49e30a2e7e6190df3a00ff"	"c47d9f0a8f19792294138aa44b9008646d3f4ec7826d7cb0ffd3d7371bff1075"	"historical"	""	""	""	""	""	""	""	""	""	""	""	""	"specs/FOUNDATIONAL-CODE-REVIEW.md"
"CsdLean4/CV/PowerCounting.lean"	"record-dynamics-other"	"330"	"2922fda493201700048df8b56f0855b022e76276"	"39212536a765c7c5cfa304e6fabf1ef55293c2462826c7a4ee0690fb37f77f21"	"unreviewed"	""	""	""	""	""	""	""	""	""	""	""	""	""
"CsdLean4/CV/PriceAttainment.lean"	"record-dynamics-other"	"467"	"5b4aaf169bd701279e6d52afd9c2e3dbad564595"	"5f889c292c050c6d19ec344a9d9ce135a96c956bd8730a6127c4f9ea77f65020"	"unreviewed"	""	""	""	""	""	""	""	""	""	""	""	""	""
"CsdLean4/CV/Propagator.lean"	"record-dynamics-other"	"745"	"77d711d390f031076e2571d0c645b54c7362fa31"	"97d89dc0829159621c1ec14bc6d8cc7b6dce2036c08bb80d58846719f94449ef"	"unreviewed"	""	""	""	""	""	""	""	""	""	""	""	""	""
"CsdLean4/CV/SupportSpreading.lean"	"record-dynamics-other"	"412"	"b17a49f504a2675c8920d8df6130b1be0053c872"	"338e035320b960a570e61a246c3d3f2fc3025ee683a1caff1999caf501adefd0"	"unreviewed"	""	""	""	""	""	""	""	""	""	""	""	""	""
"CsdLean4/CV/ThermalPropagator.lean"	"record-dynamics-other"	"754"	"f2baa38544c506699d231e7f0f88971dd1ded834"	"087f0a3f6ee93fb1e5681851dd0c6610cb07296d2cc9c631cbd3ed186bdc9590"	"unreviewed"	""	""	""	""	""	""	""	""	""	""	""	""	""
"CsdLean4/CV/Wick.lean"	"record-dynamics-other"	"1107"	"7d55acf3da25884c5a4f6a63b3aefe85105fb89e"	"f866bede9041db095959d979c48c21c1a7f852134bef9dbf44f3c6c9921fa4c9"	"unreviewed"	""	""	""	""	""	""	""	""	""	""	""	""	""
"CsdLean4/Empirical/CSD/Bell.lean"	"empirical"	"288"	"7f81a2d04e5d28c7690a043c9d8f561421ab3021"	"7994ba98c34e1c8bca4dfbe46a2c8a754546178570fe27fb0bfbdc530ce9ca13"	"historical"	""	""	""	""	""	""	""	""	""	""	""	""	"specs/FOUNDATIONAL-CODE-REVIEW.md"
"CsdLean4/Empirical/CSD/BellVolume.lean"	"empirical"	"280"	"6440501277706d601e8087b5a35a0c4e9eb35186"	"0ec2378ce7840749f21d24d50828cb4a54456a5ec3f367e79796bedc469610f9"	"historical"	""	""	""	""	""	""	""	""	""	""	""	""	"specs/FOUNDATIONAL-CODE-REVIEW.md"
"CsdLean4/Empirical/CSD/ChannelCapacity.lean"	"empirical"	"317"	"02b430526b75a7c94abe99e141e2abbc1634e54a"	"355cb25b2961b1c40ba30c92031f563c8a3284d402b3858059f4c0fb30a98ba2"	"historical"	""	""	""	""	""	""	""	""	""	""	""	""	"specs/FOUNDATIONAL-CODE-REVIEW.md"
"CsdLean4/Empirical/CSD/ContextVolume.lean"	"empirical"	"530"	"09d4e47e4e0cbd1b2fe01959ed33b5578403a70d"	"66a88cba284a09a639ac3bd2860291f46af01b09cca65f06bbe061a6ee9b6c5b"	"historical"	""	""	""	""	""	""	""	""	""	""	""	""	"specs/FOUNDATIONAL-CODE-REVIEW.md"
"CsdLean4/Empirical/CSD/Contextuality/KCBSVolume.lean"	"empirical"	"272"	"cce1e9ed5dabecd5ff02502a0aa2f3b22c4ad816"	"ae9f309483a3694c591c8a364722e38ccc902b03b1ce86afd578bee0d38e863b"	"historical"	""	""	""	""	""	""	""	""	""	""	""	""	"specs/FOUNDATIONAL-CODE-REVIEW.md"
"CsdLean4/Empirical/CSD/Contextuality/KS18.lean"	"empirical"	"276"	"fd786c3fac703072333ff485143e6005bcf8a468"	"c4a2c0ad0777c38fae4ce5fbcd31bef5b1f84d773e5010bf59461b518122fce1"	"historical"	""	""	""	""	""	""	""	""	""	""	""	""	"specs/FOUNDATIONAL-CODE-REVIEW.md"
"CsdLean4/Empirical/CSD/Contextuality/KS18Volume.lean"	"empirical"	"259"	"5005f8e0ba2fa2c1d23ad6219bb551099a8cad81"	"946ab379f87bfa0adaac57d346d6685a9d2a7d8f5eb2301ba97c66f45e7ee935"	"historical"	""	""	""	""	""	""	""	""	""	""	""	""	"specs/FOUNDATIONAL-CODE-REVIEW.md"
"CsdLean4/Empirical/CSD/Contextuality/MerminPeres.lean"	"empirical"	"165"	"a8aad3751e26429935adf42129e87477c1bc6203"	"49a08cd37695c036417d246262e651c1aaf76eb17c4b19bec5fcd8a41365fbd1"	"historical"	""	""	""	""	""	""	""	""	""	""	""	""	"specs/FOUNDATIONAL-CODE-REVIEW.md"
"CsdLean4/Empirical/CSD/Contextuality/MerminPeresVolume.lean"	"empirical"	"1251"	"e885188096cc69bbf4e8a78bc4b9d25802e65b80"	"2426059040f7be0f026347086791a9b6c4194967efaf1009180048fdd80f99cf"	"historical"	""	""	""	""	""	""	""	""	""	""	""	""	"specs/FOUNDATIONAL-CODE-REVIEW.md"
"CsdLean4/Empirical/CSD/Crypto/B92Sequential.lean"	"empirical"	"130"	"c15dcfa46a5683462e62288f2ec4d4cbe097881d"	"988ba8bb20b929a67180d4e265071b95f13d01f8081346e51bc1bdbc33164caa"	"historical"	""	""	""	""	""	""	""	""	""	""	""	""	"specs/FOUNDATIONAL-CODE-REVIEW.md"
"CsdLean4/Empirical/CSD/Crypto/BB84Sequential.lean"	"empirical"	"307"	"499c7fa83032f735d279d79dbc778ac739b221de"	"8a563bafd813f7f7c1bef1d48d05499b50856fc3afc30fb09977f492004750bd"	"historical"	""	""	""	""	""	""	""	""	""	""	""	""	"specs/FOUNDATIONAL-CODE-REVIEW.md"
"CsdLean4/Empirical/CSD/Crypto/E91.lean"	"empirical"	"110"	"ac5c2fd813cf7fcccf788acf4bad42b538353dd1"	"db6aeebb8678a41d428de9184d69deb40168a0cf06bf13f2330838f849256019"	"historical"	""	""	""	""	""	""	""	""	""	""	""	""	"specs/FOUNDATIONAL-CODE-REVIEW.md"
"CsdLean4/Empirical/CSD/Crypto/QuantumMoney.lean"	"empirical"	"160"	"8621f48fcd941ae3d3f8a8237214b0f457dca701"	"25fe47a4f77cebfc11fc85e624836d61f0117d8c923f77fb08ff92c990fd91ba"	"historical"	""	""	""	""	""	""	""	""	""	""	""	""	"specs/FOUNDATIONAL-CODE-REVIEW.md"
"CsdLean4/Empirical/CSD/Crypto/WiesnerSequential.lean"	"empirical"	"137"	"187adf2d273b83b36255e1e25fb019f45b288800"	"0ae28fd2075db49865010003f8b6655d2e9b4d7057a3a4559113a538d8729c8e"	"historical"	""	""	""	""	""	""	""	""	""	""	""	""	"specs/FOUNDATIONAL-CODE-REVIEW.md"
"CsdLean4/Empirical/CSD/Darwinism.lean"	"empirical"	"185"	"bf6c196884ea2571631ca244ead366caaec2e978"	"7aa8c462cf8afb0138c7db4ffdd38cc176555d643d5595287f1370dd7d46c3ff"	"unreviewed"	""	""	""	""	""	""	""	""	""	""	""	""	""
"CsdLean4/Empirical/CSD/DoubleSlitVolume.lean"	"empirical"	"88"	"1616e107a09ee856c365e87e9055efb6d15528ae"	"555f639a96c9c7cd78e9364d7a82107e8ad3d73fc902978a92e3753ae38cc00d"	"historical"	""	""	""	""	""	""	""	""	""	""	""	""	"specs/FOUNDATIONAL-CODE-REVIEW.md"
"CsdLean4/Empirical/CSD/Einselection.lean"	"empirical"	"508"	"67c404aba0ea7582c794550a52bb0723c8984dcb"	"285948be6b0c8b0da2dafdb7c3b015bd1c2d9244440598a43aca34df17aebbac"	"historical"	""	""	""	""	""	""	""	""	""	""	""	""	"specs/FOUNDATIONAL-CODE-REVIEW.md"
"CsdLean4/Empirical/CSD/ElitzurVaidmanVolume.lean"	"empirical"	"77"	"00c8c17d893e6c5e9a9a9f0e508b96e9dd5ebc59"	"2dd2ff86a47568a38f6d57cb10da1c5907a118adf8b65e70f1ecd5dd1ea89545"	"historical"	""	""	""	""	""	""	""	""	""	""	""	""	"specs/FOUNDATIONAL-CODE-REVIEW.md"
"CsdLean4/Empirical/CSD/EraserDynamics.lean"	"empirical"	"338"	"2ceb8c5e732f240c569fb0ff50439f9d6cf29052"	"cfde3e5ca1ae9f47be36b43c1538459daa912715dd1ef4245e67a4b82d0d3e9c"	"historical"	""	""	""	""	""	""	""	""	""	""	""	""	"specs/FOUNDATIONAL-CODE-REVIEW.md"
"CsdLean4/Empirical/CSD/EraserSequential.lean"	"empirical"	"154"	"3ec67dc566d197166bf4ac820d6f77e3498a55a7"	"50c94b8741b8c52146d917dbbd4b33ee31359a1e080580bc26397a8a7dfe7864"	"historical"	""	""	""	""	""	""	""	""	""	""	""	""	"specs/FOUNDATIONAL-CODE-REVIEW.md"
"CsdLean4/Empirical/CSD/Framework.lean"	"empirical"	"123"	"6659f5a27d9ecd055fa9192349ffbbb79f05d6e7"	"5585e8a7f5c25b9fa928aec7ec0a7de9bac10ea5f5a7cf088b3c1af49b9c0f0f"	"historical"	""	""	""	""	""	""	""	""	""	""	""	""	"specs/FOUNDATIONAL-CODE-REVIEW.md"
"CsdLean4/Empirical/CSD/GHZVolume.lean"	"empirical"	"294"	"001e6f88d13ebd9a95e836b39d45ed70fb6810dc"	"fdbb8bbed858846fe8fbcd89478612f29cbc603226422de5324d19f2690981d4"	"historical"	""	""	""	""	""	""	""	""	""	""	""	""	"specs/FOUNDATIONAL-CODE-REVIEW.md"
"CsdLean4/Empirical/CSD/Gates/BellPrep.lean"	"empirical"	"124"	"a92846a695f04e8d1dc88012bdf4f5ee307b997a"	"62c4c8ce2974413df70c42fc0351eb15b594c74b5326ad7297d69d805a6c1fd0"	"historical"	""	""	""	""	""	""	""	""	""	""	""	""	"specs/FOUNDATIONAL-CODE-REVIEW.md"
"CsdLean4/Empirical/CSD/Gates/BellPrepDischarge.lean"	"empirical"	"79"	"48e2adb6475ff824af9754f60378a084ef80b375"	"567691c82567a95c468b23d219a7f2ddbf74ed4a145e0e630561dc8f489364e8"	"historical"	""	""	""	""	""	""	""	""	""	""	""	""	"specs/FOUNDATIONAL-CODE-REVIEW.md"
"CsdLean4/Empirical/CSD/Gates/Framework.lean"	"empirical"	"193"	"21db65df31bc3100efc3f01c57525b7638b64a47"	"f6778ccbd3a068f2500ec194e34dae1aa38c059a88c30ac1b3a2887e93edd782"	"historical"	""	""	""	""	""	""	""	""	""	""	""	""	"specs/FOUNDATIONAL-CODE-REVIEW.md"
"CsdLean4/Empirical/CSD/Gates/MultiQubit.lean"	"empirical"	"83"	"8f403d92946ea52ea7e2c0857d6a597483511e22"	"76dfe22409456454c4b66a28ab89935e0fdf97755d850c7babd21f6d7cc582a6"	"historical"	""	""	""	""	""	""	""	""	""	""	""	""	"specs/FOUNDATIONAL-CODE-REVIEW.md"
"CsdLean4/Empirical/CSD/Gates/MultiQubitDischarge.lean"	"empirical"	"69"	"9db14c5466483b27e853d0b8f288de01e5fb5c86"	"3f44942101518788f9040456b7c0ee26666193dee9e0ba96ed74d6f0eca26057"	"historical"	""	""	""	""	""	""	""	""	""	""	""	""	"specs/FOUNDATIONAL-CODE-REVIEW.md"
"CsdLean4/Empirical/CSD/Gates/SingleQubit.lean"	"empirical"	"157"	"c582906e2eab67adbe41deff8ec27f74ae89bc1b"	"f4e4d9cc723e1153702c735512e685bb06496a6c6971a09c8188210102cce447"	"historical"	""	""	""	""	""	""	""	""	""	""	""	""	"specs/FOUNDATIONAL-CODE-REVIEW.md"
"CsdLean4/Empirical/CSD/Gates/SingleQubitDischarge.lean"	"empirical"	"121"	"ad8b2755373b8802fbb02e583af937da7d88b9b9"	"63f6054bf6f207c4aac9ce01a9ee7c541abed077844668333cf9c7130dd244cf"	"historical"	""	""	""	""	""	""	""	""	""	""	""	""	"specs/FOUNDATIONAL-CODE-REVIEW.md"
"CsdLean4/Empirical/CSD/Gates/TwoQubit.lean"	"empirical"	"98"	"1fde31db9e9afff3d79c7a9428f6cc5932f4652a"	"933e82b53f44472506d00b802b3f56535310875df892a223021de4acca967935"	"historical"	""	""	""	""	""	""	""	""	""	""	""	""	"specs/FOUNDATIONAL-CODE-REVIEW.md"
"CsdLean4/Empirical/CSD/Gates/TwoQubitDischarge.lean"	"empirical"	"86"	"adfc436a6df46be94505295ea2b368c6faabf0a7"	"fad246d7f8b47f110d0513ea1b194efcee4246f4a99d4f631b13618faf194edc"	"historical"	""	""	""	""	""	""	""	""	""	""	""	""	"specs/FOUNDATIONAL-CODE-REVIEW.md"
"CsdLean4/Empirical/CSD/Gates/WignerDischarge.lean"	"empirical"	"364"	"432e2f9999e6cba987d49760374c3e51cad26180"	"3efef51a07d782ca4e8c9afcd37d48514a0b003ca8243b75c5774f0867094777"	"historical"	""	""	""	""	""	""	""	""	""	""	""	""	"specs/FOUNDATIONAL-CODE-REVIEW.md"
"CsdLean4/Empirical/CSD/Hardy.lean"	"empirical"	"189"	"b6dd27101ef1f58f7ad9257c56e0afd085e5467c"	"db90fbb88954d075c031e4e676eb02003ace15f669e3bb7bdf8e49d24fc2d1d2"	"historical"	""	""	""	""	""	""	""	""	""	""	""	""	"specs/FOUNDATIONAL-CODE-REVIEW.md"
"CsdLean4/Empirical/CSD/HardyVolume.lean"	"empirical"	"248"	"de7f4ea1c323b3567ed2531b813d25a54eac6ec6"	"a3e82487a114ed5641fc492ff9dc96cf942b912a6174070b2da64cdb82ab59a3"	"historical"	""	""	""	""	""	""	""	""	""	""	""	""	"specs/FOUNDATIONAL-CODE-REVIEW.md"
"CsdLean4/Empirical/CSD/HongOuMandelVolume.lean"	"empirical"	"155"	"a5e3c364ae8be261703c5e8420146c3282d0ff25"	"5311ed85ed9d545be2ff38d46b812d36cfef3b9cb4cb5730d7af0f820fbe039d"	"historical"	""	""	""	""	""	""	""	""	""	""	""	""	"specs/FOUNDATIONAL-CODE-REVIEW.md"
"CsdLean4/Empirical/CSD/LeggettGargVolume.lean"	"empirical"	"78"	"7a1c06ca7032b768efd7723f65e32022bc04b9b3"	"1f255ccc7b839f025f23089074379eea3bf36fb645059ba20d6eeaeeff9289c8"	"historical"	""	""	""	""	""	""	""	""	""	""	""	""	"specs/FOUNDATIONAL-CODE-REVIEW.md"
"CsdLean4/Empirical/CSD/LocalFriendliness.lean"	"empirical"	"197"	"82adf137546803ed1e89120eb4b13d7ecee739cd"	"46dea1a496a1e67ce92092bfceafcde3faaf6ab0cc122e1434b9bc4206a46d90"	"unreviewed"	""	""	""	""	""	""	""	""	""	""	""	""	""
"CsdLean4/Empirical/CSD/MUB3Volume.lean"	"empirical"	"250"	"c8b8920f5c9272ddd12f9d4b822db7f0ed3d4d3f"	"672c73dbcdd54575b2c70d519e789f733df56fe51117cbd5deee85adba727c9d"	"historical"	""	""	""	""	""	""	""	""	""	""	""	""	"specs/FOUNDATIONAL-CODE-REVIEW.md"
"CsdLean4/Empirical/CSD/MachZehnderVolume.lean"	"empirical"	"112"	"99c472c6337e417cefc533f6a5eaa8158ffee000"	"6dc16106c2b242cb8d52ae394a7d7c0a5ff581556dd911118955c837b98835b9"	"historical"	""	""	""	""	""	""	""	""	""	""	""	""	"specs/FOUNDATIONAL-CODE-REVIEW.md"
"CsdLean4/Empirical/CSD/MalusVolume.lean"	"empirical"	"143"	"d5033aa3f88871972e0dac26a783711141ff59e6"	"f5f9db7a6c857141794e5c9e2570cb643d5264166c43f4665e822ee6302cc445"	"historical"	""	""	""	""	""	""	""	""	""	""	""	""	"specs/FOUNDATIONAL-CODE-REVIEW.md"
"CsdLean4/Empirical/CSD/MixedStateBornVolume.lean"	"empirical"	"124"	"be2bba4674dc74bd345fe124fdf940cc5f094626"	"c5fc32592a90c58c9c62f5a9c7cddfe46110e7456c9b75559f449a6f40ca32d0"	"historical"	""	""	""	""	""	""	""	""	""	""	""	""	"specs/FOUNDATIONAL-CODE-REVIEW.md"
"CsdLean4/Empirical/CSD/Multipartite/GHZ.lean"	"empirical"	"314"	"fd43bbc20e6de39a01bab08d39163edaf438b74f"	"8740988498a90203ccae66c6f4dad77941f30cacead15963c4f855f706ee46d2"	"historical"	""	""	""	""	""	""	""	""	""	""	""	""	"specs/FOUNDATIONAL-CODE-REVIEW.md"
"CsdLean4/Empirical/CSD/NoBroadcasting.lean"	"empirical"	"114"	"cd5bff35f2d55168e6437975869567cb52790cd9"	"3e35748b00aec62f9c73570fd2b642b9872691cd4ed6adba20be7ef30e5b71e9"	"historical"	""	""	""	""	""	""	""	""	""	""	""	""	"specs/FOUNDATIONAL-CODE-REVIEW.md"
"CsdLean4/Empirical/CSD/NoCloning.lean"	"empirical"	"225"	"70ffa25bc08ed45490884853514ccd8ceb7aaecf"	"98cada9088696222a7790196bdfd55d50b35c8d52f3bd7572a9c1fe9bc4ce1c8"	"historical"	""	""	""	""	""	""	""	""	""	""	""	""	"specs/FOUNDATIONAL-CODE-REVIEW.md"
"CsdLean4/Empirical/CSD/NoCommunication.lean"	"empirical"	"115"	"3797b12a1f2730afaf365e3c303c51364a7180ea"	"46b94450f00cb2fdcfa81f7f16ded1356ca64b9ba6ced3f43f8493f6bbf95830"	"historical"	""	""	""	""	""	""	""	""	""	""	""	""	"specs/FOUNDATIONAL-CODE-REVIEW.md"
"CsdLean4/Empirical/CSD/NoDeleting.lean"	"empirical"	"174"	"cdcb31f6c69bf03cc1adcec9b59dd1abe7dedd89"	"f4e4470bc440f9df4290af1c6b2bbce5f07306bc447fa3287e5653d4156d29fc"	"historical"	""	""	""	""	""	""	""	""	""	""	""	""	"specs/FOUNDATIONAL-CODE-REVIEW.md"
"CsdLean4/Empirical/CSD/Ozawa.lean"	"empirical"	"108"	"b0ab60cdda4f941a1128e0a3de6f77016e93e6ed"	"d713ee1b326c43c711718030b5a7ff8800c5ad42961d80240390b01b9252c68d"	"unreviewed"	""	""	""	""	""	""	""	""	""	""	""	""	""
"CsdLean4/Empirical/CSD/PointerCommutation.lean"	"empirical"	"572"	"c80738dc0b8c914face455879ba90c70962ebdb8"	"c151c6024de58eddfbf3ede87a1bc195b4de2285c3e7e5f6101d93d2376f7c2d"	"unreviewed"	""	""	""	""	""	""	""	""	""	""	""	""	""
"CsdLean4/Empirical/CSD/QEC/RegisterFlow.lean"	"empirical"	"168"	"2dd876a03ff68baae6bf7de719d34399e50e8805"	"aad041056c4a9151887d329590734fb194eb20e0eb3040bfb3f0d88b3ca64080"	"unreviewed"	""	""	""	""	""	""	""	""	""	""	""	""	""
"CsdLean4/Empirical/CSD/QEC/ThreeQubit.lean"	"empirical"	"325"	"8c2f66ffb38119bd0bf3eda67f76c5aee19e25ca"	"778cb12ff1b005513cff591bbdf6a0e21ef8454bdf25f347f03365df1c53e9ca"	"historical"	""	""	""	""	""	""	""	""	""	""	""	""	"specs/FOUNDATIONAL-CODE-REVIEW.md"
"CsdLean4/Empirical/CSD/QECDecoherence.lean"	"empirical"	"415"	"21754b8d84b3e4970fa63078c893646c80c9f4a0"	"6808140b16b1bc8820fc38f81341ae8d1cdbb0f6d3e6a70705593b993009982e"	"historical"	""	""	""	""	""	""	""	""	""	""	""	""	"specs/FOUNDATIONAL-CODE-REVIEW.md"
"CsdLean4/Empirical/CSD/QuantumChaos/Capstone.lean"	"empirical"	"103"	"14afb82afd80bc30ac8878b78349afd969f1a92f"	"8822567f34d8179cc14a150cef29be280868d8a341986c9ee77072a3dd95801b"	"unreviewed"	""	""	""	""	""	""	""	""	""	""	""	""	""
"CsdLean4/Empirical/CSD/QuantumChaos/CarrierPersistence.lean"	"empirical"	"87"	"0d495bba021cfb6a6d3d19975f10b3934f4af592"	"2c3452cf9f5850ad1ecaf5a3c407e099f7787b25cc1fd0affa8b3b61545ccd1b"	"unreviewed"	""	""	""	""	""	""	""	""	""	""	""	""	""
"CsdLean4/Empirical/CSD/QuantumChaos/CouplingWitness.lean"	"empirical"	"181"	"626d31ddd9b690c132e96f25805f55b3ddc4046b"	"5931de8c3de088e37495af1cdfb680d880bb1655c37bc10bbd6cdcb1e611d6a4"	"unreviewed"	""	""	""	""	""	""	""	""	""	""	""	""	""
"CsdLean4/Empirical/CSD/QuantumChaos/DerivedCoupling.lean"	"empirical"	"506"	"62c67c641f085faf4f2c16b3f30516531145cef6"	"4470353bddfce0550cf9e6efa8e2bf1490fd31361ee893317242d4247f58256c"	"unreviewed"	""	""	""	""	""	""	""	""	""	""	""	""	""
"CsdLean4/Empirical/CSD/QuantumChaos/EntropyLedger.lean"	"empirical"	"341"	"cfee4816b9afd5edfd9123caf3b8c60ba99a1728"	"94f3031d434e78e55650f176f0bf7dfce5811b7047254fdb71da7adfaba6a469"	"unreviewed"	""	""	""	""	""	""	""	""	""	""	""	""	""
"CsdLean4/Empirical/CSD/QuantumChaos/FreeFieldClosure.lean"	"empirical"	"110"	"2d5884ac54f916c1e99b3e4dec9d3202937f02c2"	"05965afb9fa2917c7c4634dc5cf24d0a6c36e38c5333f1ec01bc56e310abbeb0"	"unreviewed"	""	""	""	""	""	""	""	""	""	""	""	""	""
"CsdLean4/Empirical/CSD/QuantumChaos/HalfLifeAttainment.lean"	"empirical"	"203"	"1296f1993679f399e274ff2d63fccf21463224db"	"a35426bbe0cc39e03d43905d1a535397fcb1f609e166d5abbf9ebd63304cb02a"	"unreviewed"	""	""	""	""	""	""	""	""	""	""	""	""	""
"CsdLean4/Empirical/CSD/QuantumChaos/OnticLift.lean"	"empirical"	"116"	"9b74080f946c0cf2fc421e7101d6354f4bf35544"	"407ffd4cb60ae5ae5b101b4c30121fd15c498729b6c6787444369675edc4ec5b"	"unreviewed"	""	""	""	""	""	""	""	""	""	""	""	""	""
"CsdLean4/Empirical/CSD/QuantumChaos/RecordDegradation.lean"	"empirical"	"177"	"624270b59c96f0cc8f7e34948aef435f333cee57"	"c1b573eef11cc7fb3ad6cb163bd944762e9e247a48bb4ad15a8b42ebdf3a382c"	"unreviewed"	""	""	""	""	""	""	""	""	""	""	""	""	""
"CsdLean4/Empirical/CSD/QuantumChaos/RecordPersistence.lean"	"empirical"	"120"	"abae507d0175b96cfb8a816df522d8e5e27e2d32"	"65c0cd2114f24d87e146845f446d5e499208f48de69ccaa5543eddbd1a9423e1"	"unreviewed"	""	""	""	""	""	""	""	""	""	""	""	""	""
"CsdLean4/Empirical/CSD/QuantumEraserVolume.lean"	"empirical"	"291"	"652a2514d73cf9b014c3dede0ba3ac6746f9f176"	"2a78c8d5a4c7f12ee7332b98ebe00722597ab018541ea7cd764bfff486a809a2"	"historical"	""	""	""	""	""	""	""	""	""	""	""	""	"specs/FOUNDATIONAL-CODE-REVIEW.md"
"CsdLean4/Empirical/CSD/QuantumZeno.lean"	"empirical"	"285"	"c1def5f1eb8d4e726c3c2f13106b89bb585de12e"	"43140aa4d208e29b97955eb06fb1561b8174fa72e2a74e7c2b251eec8c8c7809"	"historical"	""	""	""	""	""	""	""	""	""	""	""	""	"specs/FOUNDATIONAL-CODE-REVIEW.md"
"CsdLean4/Empirical/CSD/QutritPOVMVolume.lean"	"empirical"	"191"	"0ae7137a27a67249b2cb615c4469d8425baf6593"	"9e97f50aeac6b6e2a9388d92c7555bd56e39e3cd55eb6b203cfa16e3ae8559d4"	"historical"	""	""	""	""	""	""	""	""	""	""	""	""	"specs/FOUNDATIONAL-CODE-REVIEW.md"
"CsdLean4/Empirical/CSD/Resources/SuperdenseCoding.lean"	"empirical"	"173"	"2ace3ef139e19090c887dca4bb6d6d57efdedd37"	"14abe268db62ac621a934426820f6285dd50c7af5482f6daccf2e2eb6abae89c"	"historical"	""	""	""	""	""	""	""	""	""	""	""	""	"specs/FOUNDATIONAL-CODE-REVIEW.md"
"CsdLean4/Empirical/CSD/Resources/Teleportation.lean"	"empirical"	"117"	"00184e0d32e203e000d78bd6736d4987b3556c60"	"4be226726ef5e943caf2961691acffdfc5b60a0c8e8f12eb1c10df29d54b7e10"	"historical"	""	""	""	""	""	""	""	""	""	""	""	""	"specs/FOUNDATIONAL-CODE-REVIEW.md"
"CsdLean4/Empirical/CSD/SIC3Volume.lean"	"empirical"	"248"	"06839fa180c789a3b5f299f6306ef2866bdfe5c4"	"6d054dd289a2b462d35a224c3f36adace485a25fd2a5bcbcf7747429a5308971"	"historical"	""	""	""	""	""	""	""	""	""	""	""	""	"specs/FOUNDATIONAL-CODE-REVIEW.md"
"CsdLean4/Empirical/CSD/SICVolume.lean"	"empirical"	"215"	"a4cf4ba0aa8c5dbf190b52632b82cfc2642a350b"	"2a99d9cf40b4408ccb5152090868768cba139f9953da9a87c397561e09edb7e5"	"historical"	""	""	""	""	""	""	""	""	""	""	""	""	"specs/FOUNDATIONAL-CODE-REVIEW.md"
"CsdLean4/Empirical/CSD/SequentialMeasurement.lean"	"empirical"	"150"	"2f58f42f5ee0c14fc3785e6d09aac177185e91aa"	"418e5f9fa15cd80310ef8a5c56d8e87bb7c7a40eb2f3bffc044bccf44913ccaf"	"historical"	""	""	""	""	""	""	""	""	""	""	""	""	"specs/FOUNDATIONAL-CODE-REVIEW.md"
"CsdLean4/Empirical/CSD/SternGerlach.lean"	"empirical"	"208"	"fa5523c5580378671284ae7bac1e668fd142125e"	"2aa92541048b9323f226d62f1de79b4bdc239a3b3c29d5772da098c622b8e3b1"	"historical"	""	""	""	""	""	""	""	""	""	""	""	""	"specs/FOUNDATIONAL-CODE-REVIEW.md"
"CsdLean4/Empirical/CSD/SternGerlachVolume.lean"	"empirical"	"194"	"b4f354e850ddfdee152da30473e9163d362cc821"	"f6a73bfb456e5797ef1aed5e3b5d38fe8433fda29218816930057df1210de997"	"historical"	""	""	""	""	""	""	""	""	""	""	""	""	"specs/FOUNDATIONAL-CODE-REVIEW.md"
"CsdLean4/Empirical/CSD/TrineVolume.lean"	"empirical"	"173"	"3431960f9bfdb5902f0cd9cbbff0292086fcb0a3"	"625f7ab64b3b92eb2b55b47b0a4e34d1fc9a935c4d385dff9c42fd223a4aa492"	"historical"	""	""	""	""	""	""	""	""	""	""	""	""	"specs/FOUNDATIONAL-CODE-REVIEW.md"
"CsdLean4/Empirical/CSD/USDVolume.lean"	"empirical"	"122"	"ffc4a7eafb464287c0515df868da9e0f7d9afa7e"	"3921cd130ae2fed5676a8e5da3231998295d771279be111137d6fecf507ea6f9"	"historical"	""	""	""	""	""	""	""	""	""	""	""	""	"specs/FOUNDATIONAL-CODE-REVIEW.md"
"CsdLean4/Empirical/CSD/Uncertainty.lean"	"empirical"	"175"	"ed6a8e79fde84b852b461dea6fd2cbcf92c9e794"	"79bb0165ecea33a00ea72e84cd01231ffdc0540c284cac04930779d7a96b5dde"	"historical"	""	""	""	""	""	""	""	""	""	""	""	""	"specs/FOUNDATIONAL-CODE-REVIEW.md"
"CsdLean4/Empirical/CSD/UncertaintyVolume.lean"	"empirical"	"218"	"7ec3868b8c8cb78918279dd30689d5a2882c65d3"	"88582dbe609aac5718d7e1e513a27af426920d8b5a8f5fa37b25694e0e8e7cec"	"historical"	""	""	""	""	""	""	""	""	""	""	""	""	"specs/FOUNDATIONAL-CODE-REVIEW.md"
"CsdLean4/Empirical/CSD/VolumeCanonical.lean"	"empirical"	"546"	"36dae9b03c88bd6829692baf63e2370eda6f3e57"	"f6134d742780906abc23c36875a9391e6797b27dc0e588acbc458ba54e9a6644"	"historical"	""	""	""	""	""	""	""	""	""	""	""	""	"specs/FOUNDATIONAL-CODE-REVIEW.md"
"CsdLean4/Empirical/CSD/WeakMeasurement.lean"	"empirical"	"422"	"75afb30ed25ee85fd37c2658bc0b8893aea78efa"	"bfd7adb622525cebd9af02136a270af6891345d957bc77d96b97c5bf34f2a696"	"historical"	""	""	""	""	""	""	""	""	""	""	""	""	"specs/FOUNDATIONAL-CODE-REVIEW.md"
"CsdLean4/Empirical/CSD/WignerArakiYanase.lean"	"empirical"	"169"	"8c9b92501fcb90b81d139439551309b4d915d9e6"	"fddd10885de4344380be801c254194f09da8c198472cb3db9909e9e19c7fe79e"	"unreviewed"	""	""	""	""	""	""	""	""	""	""	""	""	""
"CsdLean4/Empirical/Metrology/Heisenberg.lean"	"empirical"	"275"	"9b3994efa0cd131358f14a4c5a05cd569605ee09"	"c1da49bad082249305de2b1176b8b2293a18e7871cdb3b769aba4fc5e83f6b01"	"historical"	""	""	""	""	""	""	""	""	""	""	""	""	"specs/FOUNDATIONAL-CODE-REVIEW.md"
"CsdLean4/Empirical/Metrology/QuantumFisher.lean"	"empirical"	"248"	"d0aebd986cc45b1960ce724ddfdbeb9726227835"	"41835d67b6fd15efdeae9bc1e7e1c049de3327a293fbc063bb8e98796fa008a6"	"historical"	""	""	""	""	""	""	""	""	""	""	""	""	"specs/FOUNDATIONAL-CODE-REVIEW.md"
"CsdLean4/Empirical/Metrology/Ramsey.lean"	"empirical"	"324"	"113e434cb0350149466898d33790803e707e97c7"	"cb7efe704c43e6684467c9542baca68d76edf2cb7b2ab3cd29d3f4e1d0aaba71"	"historical"	""	""	""	""	""	""	""	""	""	""	""	""	"specs/FOUNDATIONAL-CODE-REVIEW.md"
"CsdLean4/Empirical/QM/Algorithms/BernsteinVazirani.lean"	"empirical"	"158"	"0880a0b87720f99e92c373989a252c7246413fe3"	"9badc0a0cbf6c11ae25bf43171dd2404c4f00f784c6941bf123ff3d88399f39b"	"historical"	""	""	""	""	""	""	""	""	""	""	""	""	"specs/FOUNDATIONAL-CODE-REVIEW.md"
"CsdLean4/Empirical/QM/Algorithms/DeutschJozsa.lean"	"empirical"	"135"	"7f5ceb9d74ac70e9f0a2bd2f7124a06bfd317f8d"	"93708e5b8876e8d27dccdeea97ba512839bd94a3a2302010cf7f027dc6504d10"	"historical"	""	""	""	""	""	""	""	""	""	""	""	""	"specs/FOUNDATIONAL-CODE-REVIEW.md"
"CsdLean4/Empirical/QM/Algorithms/Grover.lean"	"empirical"	"338"	"30f25ac0698715f1829e1fb007e472d9b5e73c9d"	"01a7d203c1a5e49a3a5b4bf831f5e84c40eab0e45073df06eb5326a7496df9f9"	"historical"	""	""	""	""	""	""	""	""	""	""	""	""	"specs/FOUNDATIONAL-CODE-REVIEW.md"
"CsdLean4/Empirical/QM/Algorithms/HadamardTest.lean"	"empirical"	"414"	"b4ed3ee39e59ace6dd42d880ba6ea3bc38dfe080"	"6ba2f438aa5f1562b5a0fc2db59b0d41bffcd5b21c3d6f14edea619d1a7bc58c"	"historical"	""	""	""	""	""	""	""	""	""	""	""	""	"specs/FOUNDATIONAL-CODE-REVIEW.md"
"CsdLean4/Empirical/QM/Algorithms/ShorCapstone.lean"	"empirical"	"152"	"8b7a9102516c313bcd91e49d5cd375f923242bb1"	"41515e68d3863d1b3583cd68acdaca814d1d00e9f11706a1129a615cee76ca57"	"historical"	""	""	""	""	""	""	""	""	""	""	""	""	"specs/FOUNDATIONAL-CODE-REVIEW.md"
"CsdLean4/Empirical/QM/Algorithms/ShorCore.lean"	"empirical"	"917"	"331ea31b40aff2fc36c1d3a6732e94a70d864773"	"5a9494bbe1604e065843f3e0f8f09bc82100588ef14dd560233c02f0664d67f3"	"historical"	""	""	""	""	""	""	""	""	""	""	""	""	"specs/FOUNDATIONAL-CODE-REVIEW.md"
"CsdLean4/Empirical/QM/Algorithms/ShorRandomA.lean"	"empirical"	"1476"	"1b61ecc27a62af4a03deddfbc031c3953d9fd310"	"2f717bf29c8012876eda752536f42b44bc2eaf7795998af40295f87bf83d18bb"	"historical"	""	""	""	""	""	""	""	""	""	""	""	""	"specs/FOUNDATIONAL-CODE-REVIEW.md"
"CsdLean4/Empirical/QM/Algorithms/ShorRecovery.lean"	"empirical"	"265"	"cd7e823098c77f3b007bbb8f9debd640d3cce92c"	"af1a36fb5d390377af709eafd52e2efd987848a0df0db97396175a5eacff6d37"	"historical"	""	""	""	""	""	""	""	""	""	""	""	""	"specs/FOUNDATIONAL-CODE-REVIEW.md"
"CsdLean4/Empirical/QM/Algorithms/Simon.lean"	"empirical"	"204"	"ae4f2d6b54b54215ac10bc4bfd3c3a304f0370a4"	"38f8709e7c112d87afc99eb40a0dfe67ca45fa57610cbb88b501e1b972b10f62"	"historical"	""	""	""	""	""	""	""	""	""	""	""	""	"specs/FOUNDATIONAL-CODE-REVIEW.md"
"CsdLean4/Empirical/QM/Algorithms/SwapTest.lean"	"empirical"	"206"	"9898e12f394b8ef5bc9afbfc3ca00f7e7a936237"	"2d40900465d08d146eb654beb55a434e9b3a474396a6b20828446f661c377e93"	"historical"	""	""	""	""	""	""	""	""	""	""	""	""	"specs/FOUNDATIONAL-CODE-REVIEW.md"
"CsdLean4/Empirical/QM/Bell.lean"	"empirical"	"628"	"4b0d1fa7129b12f892474b8f07b92bf3eb701136"	"ab85c86042472047814fd538740e9677d0e614598268fab4b115a5c1282db7cd"	"historical"	""	""	""	""	""	""	""	""	""	""	""	""	"specs/FOUNDATIONAL-CODE-REVIEW.md"
"CsdLean4/Empirical/QM/Contextuality/KS18.lean"	"empirical"	"391"	"de2e883ceed9229ef72f1be1e51924ee52ada96e"	"86b56e80a22de51ddf1959b03ff49df043114e8eead33629ff1a4d72217ff690"	"historical"	""	""	""	""	""	""	""	""	""	""	""	""	"specs/FOUNDATIONAL-CODE-REVIEW.md"
"CsdLean4/Empirical/QM/Contextuality/MerminPeres.lean"	"empirical"	"309"	"0ac286091a6b402718e6ef0d99abd10ead7f457f"	"1890a3669c77d6e59ddbc4121a8f7dfd31ae458774c47c37beb2477d2ee45b3a"	"historical"	""	""	""	""	""	""	""	""	""	""	""	""	"specs/FOUNDATIONAL-CODE-REVIEW.md"
"CsdLean4/Empirical/QM/Crypto/B92.lean"	"empirical"	"219"	"72fb8fc21be07694372b433080694086c6859e4e"	"0e61e263ed7516bd28bca1e1a0995c49e65063aa73cfd87a13529a4cb53273f7"	"historical"	""	""	""	""	""	""	""	""	""	""	""	""	"specs/FOUNDATIONAL-CODE-REVIEW.md"
"CsdLean4/Empirical/QM/Crypto/BB84.lean"	"empirical"	"305"	"16729144ea795f047cadd0763b4f8442f5e929ee"	"5a5e3e8420c1fa9ed2deea3af5fc9da5fdd15c74441e62eb217f1cb729bf8693"	"historical"	""	""	""	""	""	""	""	""	""	""	""	""	"specs/FOUNDATIONAL-CODE-REVIEW.md"
"CsdLean4/Empirical/QM/Crypto/E91.lean"	"empirical"	"206"	"33725435f7b4823665443e06e4827c7973f3714b"	"05d986405dd7da8fbbc278c6cea6359d23d682e6c83afb75d35e4e538be3a892"	"historical"	""	""	""	""	""	""	""	""	""	""	""	""	"specs/FOUNDATIONAL-CODE-REVIEW.md"
"CsdLean4/Empirical/QM/Crypto/E91FiniteKey.lean"	"empirical"	"209"	"74422b59858702d9f1e450c461d340c763ee7f28"	"a4ee69c53f1d85d6f127a422c680b63a8887e5a63f06d548f6d5fa46ad7f38cd"	"historical"	""	""	""	""	""	""	""	""	""	""	""	""	"specs/FOUNDATIONAL-CODE-REVIEW.md"
"CsdLean4/Empirical/QM/Crypto/E91KeyRate.lean"	"empirical"	"259"	"6b3589a6f07cd9643a487415d7828a3f3a846cca"	"97c302ec2980aa839333b8fab15d780f54f60c4fe9d2e5c0835f460b43eaf872"	"historical"	""	""	""	""	""	""	""	""	""	""	""	""	"specs/FOUNDATIONAL-CODE-REVIEW.md"
"CsdLean4/Empirical/QM/Crypto/QuantumMoney.lean"	"empirical"	"145"	"14c43476903ec1fb1f5b921ba642908a7597f60f"	"e9a6a21490b83edbece934ebbb21b1dd4ec4aeac445dc9ced94c62730d13c218"	"historical"	""	""	""	""	""	""	""	""	""	""	""	""	"specs/FOUNDATIONAL-CODE-REVIEW.md"
"CsdLean4/Empirical/QM/Crypto/WiesnerProtocol.lean"	"empirical"	"172"	"5596a1fbdf630f1448664f7f7602b3bb22ad34fb"	"dddf55f47286bdab4be7b07587464697acf7c3919b459c1627eacafe3c60c1b2"	"historical"	""	""	""	""	""	""	""	""	""	""	""	""	"specs/FOUNDATIONAL-CODE-REVIEW.md"
"CsdLean4/Empirical/QM/Darwinism.lean"	"empirical"	"244"	"993f758bfa8fe672c94a48c4dd962fcf57252f56"	"ed24b70e3b672a609cc467c25571f69afad34103100379ae39055563e2727e37"	"unreviewed"	""	""	""	""	""	""	""	""	""	""	""	""	""
"CsdLean4/Empirical/QM/ElitzurVaidman.lean"	"empirical"	"101"	"7d530a3065b079eb14a9b778b31b7e92a1fc7aca"	"24ba832c7005cc516e78c0cc2326300aeaa44b2f74ef7df0be43d095fef07991"	"historical"	""	""	""	""	""	""	""	""	""	""	""	""	"specs/FOUNDATIONAL-CODE-REVIEW.md"
"CsdLean4/Empirical/QM/Gates/BellPrep.lean"	"empirical"	"198"	"a29718aaf63d3fd5339dacb29d382f19a7f89c00"	"0f41d88637105cf49e96ca488f6f0ebf797138caac9cc4f68aecaf19f9100427"	"historical"	""	""	""	""	""	""	""	""	""	""	""	""	"specs/FOUNDATIONAL-CODE-REVIEW.md"
"CsdLean4/Empirical/QM/Gates/MultiQubit.lean"	"empirical"	"101"	"6968e182083899d83c7fe635026c8bf1e6c62b50"	"c21842b1971bdfea42eb49cba004fb738cfc72c432d5405fe0832695588a6648"	"historical"	""	""	""	""	""	""	""	""	""	""	""	""	"specs/FOUNDATIONAL-CODE-REVIEW.md"
"CsdLean4/Empirical/QM/Gates/SingleQubit.lean"	"empirical"	"157"	"6e061dbe3c4b5435059d88a15eed636d6fcc81e2"	"a9c207958d71fb1b2fef256938388a107ed84b18542d997bfadc43fe181ea310"	"historical"	""	""	""	""	""	""	""	""	""	""	""	""	"specs/FOUNDATIONAL-CODE-REVIEW.md"
"CsdLean4/Empirical/QM/Gates/TwoQubit.lean"	"empirical"	"122"	"0194ec94e176eec7252b7fac3f9f706cd21f658d"	"57ba01a63f2fbffe3d45006899b40581c1b23684ab698b64b2b49ecc89bbfe65"	"historical"	""	""	""	""	""	""	""	""	""	""	""	""	"specs/FOUNDATIONAL-CODE-REVIEW.md"
"CsdLean4/Empirical/QM/Hardy.lean"	"empirical"	"540"	"8527a5feae5fb584740406c7f71bc1311c5d4190"	"c57c96b63afc4ff48cc8df1bf2f72502f3dd34d425b884f38e4da37f50dee7a7"	"historical"	""	""	""	""	""	""	""	""	""	""	""	""	"specs/FOUNDATIONAL-CODE-REVIEW.md"
"CsdLean4/Empirical/QM/HongOuMandel.lean"	"empirical"	"231"	"2cf6e6fb6a04862651f5ea4f4ed55d59f56a9773"	"d84f5e69e4bd947157609f945d6f9b600815d006721d820db6b6c41b61d431af"	"historical"	""	""	""	""	""	""	""	""	""	""	""	""	"specs/FOUNDATIONAL-CODE-REVIEW.md"
"CsdLean4/Empirical/QM/KCBS.lean"	"empirical"	"208"	"6a25d6f8284038cffb4bbe2290cd8c58574d654c"	"735e4b4aff06ef2ab1b6c8ad4557a3eeadf83d9b2a171bef5a0a7204d3079617"	"historical"	""	""	""	""	""	""	""	""	""	""	""	""	"specs/FOUNDATIONAL-CODE-REVIEW.md"
"CsdLean4/Empirical/QM/LeggettGarg.lean"	"empirical"	"162"	"83cf0865f339a6ffd75b94df2e6b4e953e0ac45e"	"7a16fd3f7dce80f3ce80e6796eeefe39666aa1db5895e1fba4e9b569b79d3a2d"	"historical"	""	""	""	""	""	""	""	""	""	""	""	""	"specs/FOUNDATIONAL-CODE-REVIEW.md"
"CsdLean4/Empirical/QM/Malus.lean"	"empirical"	"109"	"ba02fa2abb834db1b14dc412120af90a16f7b151"	"d3c891a99d675f5d9dec87ad3f63e7af659bed31fab83bc102cffc75661233ae"	"historical"	""	""	""	""	""	""	""	""	""	""	""	""	"specs/FOUNDATIONAL-CODE-REVIEW.md"
"CsdLean4/Empirical/QM/MeasurementAdder.lean"	"empirical"	"235"	"ab0b799880bb193b815741b15acdac2778b7e51f"	"32c4d6453ef59b8a0be528a3046be332161e43fb41b71e6588ceadc711030d28"	"historical"	""	""	""	""	""	""	""	""	""	""	""	""	"specs/FOUNDATIONAL-CODE-REVIEW.md"
"CsdLean4/Empirical/QM/MeasurementAdderHierarchy.lean"	"empirical"	"74"	"a95e442cbb65a2d9656e84cd76f7c44e3ff5435c"	"04c6172ff444c0434b33104031d5589832cfb440d47f9c72402771fe2616b082"	"historical"	""	""	""	""	""	""	""	""	""	""	""	""	"specs/FOUNDATIONAL-CODE-REVIEW.md"
"CsdLean4/Empirical/QM/MeasurementGidneyAdder.lean"	"empirical"	"168"	"33af32d5d8c81a7134f3237881d59bc4b9c08f5b"	"e9751a0a2b45283ab2a00a58f94f546502cae35dc0c0dd6b8ab43f5b012fb171"	"historical"	""	""	""	""	""	""	""	""	""	""	""	""	"specs/FOUNDATIONAL-CODE-REVIEW.md"
"CsdLean4/Empirical/QM/MeasurementUncompute.lean"	"empirical"	"395"	"b2292e19bd4679f66480113b99668b7fce684c34"	"e92d81bf058f4b29cf1c476b0ab98cb7b4c7bce3edbb89e30030eb690a80d684"	"historical"	""	""	""	""	""	""	""	""	""	""	""	""	"specs/FOUNDATIONAL-CODE-REVIEW.md"
"CsdLean4/Empirical/QM/MeasurementUncomputeLift.lean"	"empirical"	"205"	"4fae883860c93543936a1776e188e92a22329dda"	"d52ccd1480103bd4c388f03511c25feb5461cb28cadf4ffc343d7b8fa0bfe518"	"historical"	""	""	""	""	""	""	""	""	""	""	""	""	"specs/FOUNDATIONAL-CODE-REVIEW.md"
"CsdLean4/Empirical/QM/Multipartite/GHZ.lean"	"empirical"	"337"	"c629245faf5b4c48154f1ec0c288e634a0192556"	"805c99ff1bc81d802be66585c60ba58e5f225011af49ecc8f8e74f006c967c34"	"historical"	""	""	""	""	""	""	""	""	""	""	""	""	"specs/FOUNDATIONAL-CODE-REVIEW.md"
"CsdLean4/Empirical/QM/NoBroadcasting.lean"	"empirical"	"160"	"fa171e0747f30fb25659b66604d7f579d3e2790b"	"dc4c9f1ed5e83ceff383aed42afe0c9ad3473383267268cc81da0d31b0f50acb"	"historical"	""	""	""	""	""	""	""	""	""	""	""	""	"specs/FOUNDATIONAL-CODE-REVIEW.md"
"CsdLean4/Empirical/QM/NoCloning.lean"	"empirical"	"170"	"f941053dcc3d5f56dcaaec730043060904a1ae4f"	"2b861577353c256398393205a7b758c26ee87eeca70c3213d5e82bbc263df5f2"	"historical"	""	""	""	""	""	""	""	""	""	""	""	""	"specs/FOUNDATIONAL-CODE-REVIEW.md"
"CsdLean4/Empirical/QM/NoCommunication.lean"	"empirical"	"180"	"c55a14eec758172c3a71b29f499ef14b8ad63b13"	"ee6c08246db01d5be8c35303ef04f063eea55b1c204990c18623b60e069b1d40"	"historical"	""	""	""	""	""	""	""	""	""	""	""	""	"specs/FOUNDATIONAL-CODE-REVIEW.md"
"CsdLean4/Empirical/QM/NoDeleting.lean"	"empirical"	"161"	"5807e303897e647f658a1415a3ac03657059e4cc"	"58afd2178dbf9eda17ab72ea20ff6a4c8a4df9c4b0c55c4850b9c7c6ca656b07"	"historical"	""	""	""	""	""	""	""	""	""	""	""	""	"specs/FOUNDATIONAL-CODE-REVIEW.md"
"CsdLean4/Empirical/QM/Ozawa.lean"	"empirical"	"339"	"93853c9762119e0f05bac3043ec8a9eb4af29ff9"	"350ef7d9fe70f72ea5637bad8e35ff8c288660d6d70e82ca0f5c677a17693853"	"unreviewed"	""	""	""	""	""	""	""	""	""	""	""	""	""
"CsdLean4/Empirical/QM/Protocols/Basic.lean"	"empirical"	"109"	"494a1ed9891b72976db00505d2e64dd68acbb54d"	"e94fcf8c67b72da23537c61c51f24692942453ac1a4aca0a9908a15f6582c06e"	"historical"	""	""	""	""	""	""	""	""	""	""	""	""	"specs/FOUNDATIONAL-CODE-REVIEW.md"
"CsdLean4/Empirical/QM/QEC/BitFlipChannel.lean"	"empirical"	"81"	"60eeb9fa042df538d5c64abc8961394b8d8db28e"	"f6bc09e8931d428b26d366bb2f481ad3bc12feedd6915f7029e0ec65c54c83fd"	"historical"	""	""	""	""	""	""	""	""	""	""	""	""	"specs/FOUNDATIONAL-CODE-REVIEW.md"
"CsdLean4/Empirical/QM/QEC/BitFlipDilation.lean"	"empirical"	"116"	"411133e1f4dde29aa135a12b9b24ad5b2be72324"	"1ff60366eede7e4211d2d62a008c7e69ee95534f8e3402cea55baeb37b31a554"	"unreviewed"	""	""	""	""	""	""	""	""	""	""	""	""	""
"CsdLean4/Empirical/QM/QEC/ErrorDiscretization.lean"	"empirical"	"212"	"04d20c7505ae40604fbd06fcbb33181e34543ae8"	"ab25571a59058f4599319fa886852f1b22488e99a9173fbb44266dd8da6e29b1"	"historical"	""	""	""	""	""	""	""	""	""	""	""	""	"specs/FOUNDATIONAL-CODE-REVIEW.md"
"CsdLean4/Empirical/QM/QEC/PhaseFlip.lean"	"empirical"	"235"	"1078ae65720583cb83c8797dc3ba09b36bdfbc6a"	"54650aa6293ef408957f30f1fc00e563095960c163d5a06f81386f5e8433dca5"	"historical"	""	""	""	""	""	""	""	""	""	""	""	""	"specs/FOUNDATIONAL-CODE-REVIEW.md"
"CsdLean4/Empirical/QM/QEC/RegisterDilation.lean"	"empirical"	"181"	"a55f644674c4935d3e3d08d7d6515a7607eb3a44"	"712235ed4f8276a28125ba0e9a25d95396e82c374b9fb0816baeb28000d37b03"	"unreviewed"	""	""	""	""	""	""	""	""	""	""	""	""	""
"CsdLean4/Empirical/QM/QEC/ShorNine.lean"	"empirical"	"583"	"df7cdabd216e3c60582ea766aa6a6db82b06e4dd"	"318aa25d93b374fd83c7cfbd4bbcaec37bee7d1c13f579edf2a7c512522f1623"	"unreviewed"	""	""	""	""	""	""	""	""	""	""	""	""	""
"CsdLean4/Empirical/QM/QEC/Steane.lean"	"empirical"	"376"	"90dbbe249894284013c61d96715d7a6d0f06de72"	"4104188d0ec3a997d7b4680b12c95537a716abdcad759df7acb53ba478d2a9bd"	"unreviewed"	""	""	""	""	""	""	""	""	""	""	""	""	""
"CsdLean4/Empirical/QM/QEC/SyndromeCollapse.lean"	"empirical"	"258"	"a59e16b513a6f045f2a2cdf7ac69dead84e710e6"	"57cad06a23e0d690ab1eb225d0e1423139ff9649590f3ca0894aa4bf19fde7ef"	"historical"	""	""	""	""	""	""	""	""	""	""	""	""	"specs/FOUNDATIONAL-CODE-REVIEW.md"
"CsdLean4/Empirical/QM/QEC/SyndromeRecovery.lean"	"empirical"	"317"	"667f1ffa2404e98ce28eb7748896565a008c6992"	"343b6624455821ee8f2bf7b70504cfbce41856613b22f871095f3ee462ee8e6c"	"unreviewed"	""	""	""	""	""	""	""	""	""	""	""	""	""
"CsdLean4/Empirical/QM/QEC/ThreeQubit.lean"	"empirical"	"309"	"906e2e3b6b2443a18659163be08033d7f7b3c33f"	"dea712cd36e6fe62bdcaa6b2ac1980390cb9b285fdf5128fe3992ab3fcd2c8a6"	"historical"	""	""	""	""	""	""	""	""	""	""	""	""	"specs/FOUNDATIONAL-CODE-REVIEW.md"
"CsdLean4/Empirical/QM/QuantitativeWAY.lean"	"empirical"	"150"	"70ae5f3371d158b2335871cb4c5ceb0e6ec50d69"	"7e478d606bb5dc39576656a11611e07643de368f21914d2e6cbce602ab704414"	"unreviewed"	""	""	""	""	""	""	""	""	""	""	""	""	""
"CsdLean4/Empirical/QM/QuantumEraser.lean"	"empirical"	"114"	"bd2b93b479220ef31a46e4dd7a6972292deacbd6"	"ae3437e6fc60c2b759b0b6261760c83d144a64858ba6d18e2fb14939dc076147"	"historical"	""	""	""	""	""	""	""	""	""	""	""	""	"specs/FOUNDATIONAL-CODE-REVIEW.md"
"CsdLean4/Empirical/QM/Resources/SuperdenseCoding.lean"	"empirical"	"213"	"d801328502ce05a17ab8a3c1672651d751b6afdf"	"4b61a8431ee2c80db91aa55eb2c2a7af711cdc5314df3f3c329e9f2e5820a495"	"historical"	""	""	""	""	""	""	""	""	""	""	""	""	"specs/FOUNDATIONAL-CODE-REVIEW.md"
"CsdLean4/Empirical/QM/Resources/Teleportation.lean"	"empirical"	"244"	"5492757aadc60ac1af51d52e281b26f6d13a891d"	"5bfafea12529a4231c657516b920c8cb2c9b870fd5aba39c30d53a8e236865fb"	"historical"	""	""	""	""	""	""	""	""	""	""	""	""	"specs/FOUNDATIONAL-CODE-REVIEW.md"
"CsdLean4/Empirical/QM/SternGerlach.lean"	"empirical"	"176"	"b1154a856588c45a0937baecc8c3cb822d6ed59c"	"512911e6e3fe040bfc258235e66fb8957172a6488aafa1f175b17054e3b3286a"	"historical"	""	""	""	""	""	""	""	""	""	""	""	""	"specs/FOUNDATIONAL-CODE-REVIEW.md"
"CsdLean4/Empirical/QM/USD.lean"	"empirical"	"255"	"6e7f4d60f90c2db4e0e371ee417bf8b119519de9"	"7e7026099f02464a3aaa4727e2670f1fac5f4326c810ade84db40afbc4403e9d"	"historical"	""	""	""	""	""	""	""	""	""	""	""	""	"specs/FOUNDATIONAL-CODE-REVIEW.md"
"CsdLean4/Empirical/QM/Uncertainty.lean"	"empirical"	"150"	"44d9f6b8e07b8aef8ca5fea1355678860392ae83"	"ebdd20c42be9eb3bf9075d3b9dcef8e98ba9b28daa088ffb11b2f4b131be686f"	"historical"	""	""	""	""	""	""	""	""	""	""	""	""	"specs/FOUNDATIONAL-CODE-REVIEW.md"
"CsdLean4/Empirical/QM/WignerArakiYanase.lean"	"empirical"	"542"	"9f3edd0907dd61edae9d61803f2d14a574065ea6"	"41e549fb0ffcc0086e17f61264e3f93bf808c17dc30cf2fd1e1ffc35ab5e5cf2"	"unreviewed"	""	""	""	""	""	""	""	""	""	""	""	""	""
"CsdLean4/Headlines.lean"	"tests-facades"	"282"	"23f588e8cb1e0c564e5c4007ec9b71d707808c29"	"c04d977f4124e3f1524797ed3914de2beddeb1ec2e086a8adece85102d0b38c1"	"unreviewed"	""	""	""	""	""	""	""	""	""	""	""	""	""
"CsdLean4/Incubator/QuantumChaos/Diagnostics.lean"	"record-dynamics-other"	"85"	"4c5ef7dded295a40de316ee377e9f20ae4f82116"	"486b6872ab1dccde56500038c02c35cf9882efec3a49206daf4d3ed50fc0559e"	"unreviewed"	""	""	""	""	""	""	""	""	""	""	""	""	""
"CsdLean4/Incubator/QuantumChaos/EchoBound.lean"	"record-dynamics-other"	"143"	"656f9dcc9fcdebb8d4873af21a5d8518d2b38fe0"	"2a13eb4bd9e17c257636287cee1370c8854ee5be249a0acb936745b1c17978c1"	"unreviewed"	""	""	""	""	""	""	""	""	""	""	""	""	""
"CsdLean4/Incubator/QuantumChaos/FloquetInterface.lean"	"record-dynamics-other"	"220"	"e1ef3164a6aa6e3f122daa566d9067d6a5bccdf3"	"f59b2d7a048e27a88e9f1a1412fdea8e56312a6ce2ba74012276e1392336977b"	"unreviewed"	""	""	""	""	""	""	""	""	""	""	""	""	""
"CsdLean4/Incubator/QuantumChaos/KickedIsingPilot.lean"	"record-dynamics-other"	"245"	"1cae581506c331bf3b47b7796a30fe2307aa3a31"	"42487468f414e3c6dbda90141bf27c1a95cca58a04c4f4806fd17cb8d0365c7e"	"unreviewed"	""	""	""	""	""	""	""	""	""	""	""	""	""
"CsdLean4/Incubator/QuantumChaos/Otoc.lean"	"record-dynamics-other"	"100"	"669f64ccb850b447597be23d96a5b190a4457933"	"b8551633ad4296ee47695456d9bad42fe628d4698ba0d305b1b7d7d962ec2bbc"	"unreviewed"	""	""	""	""	""	""	""	""	""	""	""	""	""
"CsdLean4/Incubator/QuantumChaos/SpectralFormFactor.lean"	"record-dynamics-other"	"115"	"7ed7ddf8d9b3745b095c62c1702e3c979dd35043"	"0d8a26b6d03a82abaedbbffea908cb83f018aa43a35a1a14014c457cdc0a4229"	"unreviewed"	""	""	""	""	""	""	""	""	""	""	""	""	""
"CsdLean4/Interop/Physlib/FubiniStudyGeometry.lean"	"record-dynamics-other"	"39"	"f999a6467f51d009a998712c9a4c248251b6fc34"	"d1917f52972c92dc5b7c21499be264f6beb255628644baa1aec344e5c2119532"	"unreviewed"	""	""	""	""	""	""	""	""	""	""	""	""	""
"CsdLean4/LF1/Convergence.lean"	"foundations"	"110"	"e720ea5ae8e194280a8c4cf208c76ff7de183e09"	"61c5d2f271d0e842db57229e5e5116c52f4fc9782278c64997c5e2a320922948"	"reviewed"	"full"	"e720ea5ae8e194280a8c4cf208c76ff7de183e09"	"61c5d2f271d0e842db57229e5e5116c52f4fc9782278c64997c5e2a320922948"	"330e8248b17884d21cbbccbd937b12b339026fe3"	"Codex"	"2026-09-17"	"pass"	"pass"	"passed"	"Focused LF1/witness build --wfail; axiom checks; doc/category/reference guards; see report"	"specs/reviews/2026-09-17-lf1-frequency.md"	""	"specs/FOUNDATIONAL-CODE-REVIEW.md"
"CsdLean4/LF1/Expectation.lean"	"foundations"	"93"	"bfff2f4153932d675f6aef132a7f66ddfb99577a"	"c13d03d2bffbe1d2afddca2862a8cadb87f55fe04c1e037678534b7b55aad1e2"	"reviewed"	"full"	"bfff2f4153932d675f6aef132a7f66ddfb99577a"	"c13d03d2bffbe1d2afddca2862a8cadb87f55fe04c1e037678534b7b55aad1e2"	"330e8248b17884d21cbbccbd937b12b339026fe3"	"Codex"	"2026-09-17"	"pass"	"pass"	"passed"	"Focused LF1/witness build --wfail; axiom checks; doc/category/reference guards; see report"	"specs/reviews/2026-09-17-lf1-frequency.md"	""	"specs/FOUNDATIONAL-CODE-REVIEW.md"
"CsdLean4/LF1/GeneralFrequency.lean"	"foundations"	"112"	"b18ad78a2247ccefc2ea97152b93a0eff26438bc"	"eed417797e79c00a5ce9186e7dd42fb2202ceae43ae5db690d94643af7847294"	"reviewed"	"full"	"b18ad78a2247ccefc2ea97152b93a0eff26438bc"	"eed417797e79c00a5ce9186e7dd42fb2202ceae43ae5db690d94643af7847294"	"330e8248b17884d21cbbccbd937b12b339026fe3"	"Codex"	"2026-09-17"	"pass"	"findings"	"passed"	"Focused LF1/witness build --wfail; axiom checks; doc/category/reference guards; see report"	"specs/reviews/2026-09-17-lf1-frequency.md"	"CR-LF1-004"	"specs/FOUNDATIONAL-CODE-REVIEW.md"
"CsdLean4/LF1/Indicators.lean"	"foundations"	"155"	"45bd9585e93e0ea4b363bd3f5288bc281ac56bf4"	"0452688f857532d068c47971e04f09f23575e1a3ee3597546d16e39eb5539529"	"reviewed"	"full"	"45bd9585e93e0ea4b363bd3f5288bc281ac56bf4"	"0452688f857532d068c47971e04f09f23575e1a3ee3597546d16e39eb5539529"	"330e8248b17884d21cbbccbd937b12b339026fe3"	"Codex"	"2026-09-17"	"findings"	"findings"	"passed"	"Focused LF1/witness build --wfail; axiom checks; doc/category/reference guards; see report"	"specs/reviews/2026-09-17-lf1-foundations.md"	"CR-LF1-001"	"specs/FOUNDATIONAL-CODE-REVIEW.md"
"CsdLean4/LF1/MainTheorem.lean"	"foundations"	"174"	"1030013b3a6ebc932c9761179497acc57dd9cd48"	"6f44d2036c869a38ea885cc1f7d069230400609d096ae166efc0ade1b17fb2ed"	"reviewed"	"full"	"1030013b3a6ebc932c9761179497acc57dd9cd48"	"6f44d2036c869a38ea885cc1f7d069230400609d096ae166efc0ade1b17fb2ed"	"330e8248b17884d21cbbccbd937b12b339026fe3"	"Codex"	"2026-09-17"	"findings"	"findings"	"passed"	"Focused LF1/witness build --wfail; axiom checks; doc/category/reference guards; see report"	"specs/reviews/2026-09-17-lf1-frequency.md"	"CR-LF1-003"	"specs/FOUNDATIONAL-CODE-REVIEW.md"
"CsdLean4/LF1/Outcomes.lean"	"foundations"	"105"	"fb98bfb95a426a86b6a6dcb0d19688205294d339"	"06adb6503a8f5c45a3bbd2b482d550d56160e9302174d76b0117d8db3c47a45f"	"reviewed"	"full"	"fb98bfb95a426a86b6a6dcb0d19688205294d339"	"06adb6503a8f5c45a3bbd2b482d550d56160e9302174d76b0117d8db3c47a45f"	"330e8248b17884d21cbbccbd937b12b339026fe3"	"Codex"	"2026-09-17"	"pass"	"findings"	"passed"	"Focused LF1/witness build --wfail; axiom checks; doc/category/reference guards; see report"	"specs/reviews/2026-09-17-lf1-foundations.md"	"CR-LF1-003"	"specs/FOUNDATIONAL-CODE-REVIEW.md"
"CsdLean4/LF1/Preparation.lean"	"foundations"	"111"	"35b1e9101ea413146f3b319501a571f5fa075c82"	"0c5d88c333e754851ae19f26555f75b6752f1a85335ddc77739ecb729c55df22"	"reviewed"	"full"	"35b1e9101ea413146f3b319501a571f5fa075c82"	"0c5d88c333e754851ae19f26555f75b6752f1a85335ddc77739ecb729c55df22"	"330e8248b17884d21cbbccbd937b12b339026fe3"	"Codex"	"2026-09-17"	"pass"	"pass"	"passed"	"Focused LF1/witness build --wfail; axiom checks; doc/category/reference guards; see report"	"specs/reviews/2026-09-17-lf1-foundations.md"	""	"specs/FOUNDATIONAL-CODE-REVIEW.md"
"CsdLean4/LF1/Setup.lean"	"foundations"	"114"	"2945928a9c3988dacc0e9b47658e1e76c5fc368f"	"933e1540000d176ac92ba2e82c47ef0eda3e9cc37b0e555b29167bbefbd30d1c"	"reviewed"	"full"	"2945928a9c3988dacc0e9b47658e1e76c5fc368f"	"933e1540000d176ac92ba2e82c47ef0eda3e9cc37b0e555b29167bbefbd30d1c"	"330e8248b17884d21cbbccbd937b12b339026fe3"	"Codex"	"2026-09-17"	"pass"	"findings"	"passed"	"Focused LF1/witness build --wfail; axiom checks; doc/category/reference guards; see report"	"specs/reviews/2026-09-17-lf1-foundations.md"	"CR-LF1-002"	"specs/FOUNDATIONAL-CODE-REVIEW.md"
"CsdLean4/LF1/Trials.lean"	"foundations"	"125"	"94bc7772fb0a91d84e0fadbf58b130b544967dcf"	"c7965852fcbc0205823dd0fb7dc47d8624924f476095f10db80fd34317460d4a"	"reviewed"	"full"	"94bc7772fb0a91d84e0fadbf58b130b544967dcf"	"c7965852fcbc0205823dd0fb7dc47d8624924f476095f10db80fd34317460d4a"	"330e8248b17884d21cbbccbd937b12b339026fe3"	"Codex"	"2026-09-17"	"findings"	"findings"	"passed"	"Focused LF1/witness build --wfail; axiom checks; doc/category/reference guards; see report"	"specs/reviews/2026-09-17-lf1-foundations.md"	"CR-LF1-001"	"specs/FOUNDATIONAL-CODE-REVIEW.md"
"CsdLean4/LF2/BornWrapper.lean"	"foundations"	"468"	"c55aa836faa8e75869e92e726df25a6a84e04468"	"432e083d88f408e27e0f5a8373e16dd185f59579f24f65104137965bb00c29db"	"reviewed"	"full"	"c55aa836faa8e75869e92e726df25a6a84e04468"	"432e083d88f408e27e0f5a8373e16dd185f59579f24f65104137965bb00c29db"	"330e8248b17884d21cbbccbd937b12b339026fe3"	"Codex"	"2026-09-21"	"pass"	"findings"	"passed"	"Focused LF2/density/flow/LF3/witness build; eight axiom checks; five recorded boundary/integration examples; document/category/reference/semantic/claims guards. See batch 004."	"specs/reviews/2026-09-21-lf2-phase-density.md"	"CR-LF2-007"	"specs/FOUNDATIONAL-CODE-REVIEW.md"
"CsdLean4/LF2/ChannelBridge.lean"	"foundations"	"107"	"7ae32baa3d19ee3d008c0b05decb3c8a9a9987d0"	"f35b3c67fbccc60e1de88fcbd6e7b69d939dac6d8fb4d06dcc2266f6094e0b91"	"unreviewed"	""	""	""	""	""	""	""	""	""	""	""	""	""
"CsdLean4/LF2/ChoiConverse.lean"	"foundations"	"136"	"a8c7309fc119a0b932919086213bf8255e74507b"	"0e2d45e6b016d0d559e9293c1034b9c5f2c4475182baaecffd587a745ed78783"	"historical"	""	""	""	""	""	""	""	""	""	""	""	""	"specs/FOUNDATIONAL-CODE-REVIEW.md"
"CsdLean4/LF2/EffectAux.lean"	"foundations"	"101"	"8eb2b63ad928dd5ec37b09f89347f8cc5165d076"	"d0831999e08399934e0642ad3cafc07a14fcf017bc160000e6fc27de3057002e"	"historical"	""	""	""	""	""	""	""	""	""	""	""	""	"specs/FOUNDATIONAL-CODE-REVIEW.md"
"CsdLean4/LF2/EffectFn.lean"	"foundations"	"250"	"1feb3a2d685c9d7405a1005098161794e4a7b8f3"	"f4efa403c2883d65a029c809c764458940a0707597a98e2963d7823d23cff482"	"reviewed"	"full"	"1feb3a2d685c9d7405a1005098161794e4a7b8f3"	"f4efa403c2883d65a029c809c764458940a0707597a98e2963d7823d23cff482"	"330e8248b17884d21cbbccbd937b12b339026fe3"	"Codex"	"2026-09-21"	"findings"	"findings"	"passed"	"Focused LF2/density/flow/LF3/witness build; eight axiom checks; five recorded boundary/integration examples; document/category/reference/semantic/claims guards. See batch 004."	"specs/reviews/2026-09-21-lf2-phase-density.md"	"CR-LF2-004;CR-LF2-005"	"specs/FOUNDATIONAL-CODE-REVIEW.md;specs/reviews/2026-09-21-lf2-bridge.md"
"CsdLean4/LF2/EffectGleason.lean"	"foundations"	"1444"	"5f66955ba509e64e400c7fc3aae2350eaa832067"	"91da68742c016f7055f66b830eb52bd941e93d905458435920f659538ceb3d60"	"historical"	""	""	""	""	""	""	""	""	""	""	""	""	"specs/FOUNDATIONAL-CODE-REVIEW.md"
"CsdLean4/LF2/FlowChannel.lean"	"foundations"	"614"	"2487fd4a0c86249fcc19710704815cba3d854bfd"	"cbab442bd309928cfc5bacf1fdae714a54755535071eeec2e61b408e49f14046"	"partial"	"partial"	"2487fd4a0c86249fcc19710704815cba3d854bfd"	"cbab442bd309928cfc5bacf1fdae714a54755535071eeec2e61b408e49f14046"	"0ccd3b7b7c054ca420b2b9e2106f8413ccfec36d"	"Codex"	"2026-09-22"	"pass"	"pass"	"passed"	"Batch 005: focused 3180-job build, five boundary probes, seven axiom audits and five guards passed; FlowChannel is a partial source review only."	"specs/reviews/2026-09-22-lf3-singlet-flow.md"	"CR-LF2-006"	""
"CsdLean4/LF2/Interface.lean"	"foundations"	"215"	"0ed8ea6b473a52cc16cbb63641bd80eb59715f3c"	"5ebbb971a3229cebf9b1b52bbc5c2d73cdbcb5f20722351bd0470713709269c7"	"reviewed"	"full"	"0ed8ea6b473a52cc16cbb63641bd80eb59715f3c"	"5ebbb971a3229cebf9b1b52bbc5c2d73cdbcb5f20722351bd0470713709269c7"	"330e8248b17884d21cbbccbd937b12b339026fe3"	"Codex"	"2026-09-21"	"findings"	"findings"	"passed"	"Focused LF2/density/flow/LF3/witness build; eight axiom checks; five recorded boundary/integration examples; document/category/reference/semantic/claims guards. See batch 004."	"specs/reviews/2026-09-21-lf2-phase-density.md"	"CR-LF2-001;CR-LF2-004;CR-LF2-006"	"specs/FOUNDATIONAL-CODE-REVIEW.md;specs/reviews/2026-09-21-lf2-bridge.md"
"CsdLean4/LF2/MeasureBridge.lean"	"foundations"	"97"	"2747d73b1fc6a288f76888bee9d77c38a70076bf"	"01962a3c6c0bac20f609f8575dc87eab12812a2a7ae73b872ea34dfb3a9707e3"	"reviewed"	"full"	"2747d73b1fc6a288f76888bee9d77c38a70076bf"	"01962a3c6c0bac20f609f8575dc87eab12812a2a7ae73b872ea34dfb3a9707e3"	"330e8248b17884d21cbbccbd937b12b339026fe3"	"Codex"	"2026-09-21"	"pass"	"findings"	"passed"	"Focused LF2/LF3/bridge-witness build; seven axiom probes; two API integration examples; document, category, reference, semantic and claims guards. See batch 003."	"specs/reviews/2026-09-21-lf2-bridge.md"	"CR-LF2-004"	"specs/FOUNDATIONAL-CODE-REVIEW.md"
"CsdLean4/LF2/MixedEnsembleIx.lean"	"foundations"	"145"	"1e4153780e6e42a2ab85cf8157e42b8deef49b72"	"a9f7752733fa101544003be8f9ff2107ca3e103371f2d0188d825fcff5469e9a"	"historical"	""	""	""	""	""	""	""	""	""	""	""	""	"specs/FOUNDATIONAL-CODE-REVIEW.md"
"CsdLean4/LF2/POVM.lean"	"foundations"	"101"	"f243bc6d8273150eb7992ac0fa3c4cff3b7d08f7"	"4b32f6b9a6d7025762651d1c17594dbc5d3445345bd095d338c46dee117a045e"	"historical"	""	""	""	""	""	""	""	""	""	""	""	""	"specs/FOUNDATIONAL-CODE-REVIEW.md"
"CsdLean4/LF2/PhaseInvariance.lean"	"foundations"	"90"	"e4dbb9b5687937b6188189f87ca1a29b438b3640"	"f05e3a1ad570b3335cb6fb637b5daf2558bf58b4170ff45262613de8f8281288"	"reviewed"	"full"	"e4dbb9b5687937b6188189f87ca1a29b438b3640"	"f05e3a1ad570b3335cb6fb637b5daf2558bf58b4170ff45262613de8f8281288"	"330e8248b17884d21cbbccbd937b12b339026fe3"	"Codex"	"2026-09-21"	"findings"	"findings"	"passed"	"Focused LF2/density/flow/LF3/witness build; eight axiom checks; five recorded boundary/integration examples; document/category/reference/semantic/claims guards. See batch 004."	"specs/reviews/2026-09-21-lf2-phase-density.md"	"CR-LF2-005"	"specs/FOUNDATIONAL-CODE-REVIEW.md"
"CsdLean4/LF2/Preparation.lean"	"foundations"	"439"	"1a1675033636b3097e7a08df1d056a48bcccc759"	"4655c91820a8577feac13e01e9ee91e26414d4db39a2146ceb30cf64860837a5"	"reviewed"	"full"	"1a1675033636b3097e7a08df1d056a48bcccc759"	"4655c91820a8577feac13e01e9ee91e26414d4db39a2146ceb30cf64860837a5"	"330e8248b17884d21cbbccbd937b12b339026fe3"	"Codex"	"2026-09-21"	"findings"	"findings"	"passed"	"Focused LF2/density/flow/LF3/witness build; eight axiom checks; five recorded boundary/integration examples; document/category/reference/semantic/claims guards. See batch 004."	"specs/reviews/2026-09-21-lf2-phase-density.md"	"CR-LF2-002;CR-LF2-004;CR-LF2-005"	"specs/FOUNDATIONAL-CODE-REVIEW.md;specs/reviews/2026-09-21-lf2-bridge.md"
"CsdLean4/LF2/PreparationBarycenter.lean"	"foundations"	"331"	"67f2974285f2b2af8b07e858cc3a2d28cbc9aceb"	"be5360b59c63ec2961ba3e6b1747ca95ff8ce7d3414fc25ff1ede2631a82a092"	"reviewed"	"full"	"67f2974285f2b2af8b07e858cc3a2d28cbc9aceb"	"be5360b59c63ec2961ba3e6b1747ca95ff8ce7d3414fc25ff1ede2631a82a092"	"330e8248b17884d21cbbccbd937b12b339026fe3"	"Codex"	"2026-09-21"	"findings"	"findings"	"passed"	"Focused LF2/density/flow/LF3/witness build; eight axiom checks; five recorded boundary/integration examples; document/category/reference/semantic/claims guards. See batch 004."	"specs/reviews/2026-09-21-lf2-phase-density.md"	"CR-LF2-005;CR-LF2-009"	""
"CsdLean4/LF2/PreparationCoarseGraining.lean"	"foundations"	"143"	"1ca89b9a396461652d908d36a35115c405b92d3a"	"caea21aa1c3dcf04da61ebd6633d9cec574c8dbb1c40ab402ba27fa121e40710"	"unreviewed"	""	""	""	""	""	""	""	""	""	""	""	""	""
"CsdLean4/LF2/PreparationPurity.lean"	"foundations"	"220"	"81d2d82f6af2065492af7c5b9994882f3f333815"	"f131652fd589b9ec02facea10c9c72c21db4b6632add88abdb9103b55b34a201"	"unreviewed"	""	""	""	""	""	""	""	""	""	""	""	""	""
"CsdLean4/LF2/PreparationQdensity.lean"	"foundations"	"162"	"10ed4d81ea7911e89bc99154b6ceaa668f7df086"	"c98aa531f4601ed7612c4b73706b3abf929c4ad2a60c4408ee2a8e070eb4d0b1"	"reviewed"	"full"	"10ed4d81ea7911e89bc99154b6ceaa668f7df086"	"c98aa531f4601ed7612c4b73706b3abf929c4ad2a60c4408ee2a8e070eb4d0b1"	"330e8248b17884d21cbbccbd937b12b339026fe3"	"Codex"	"2026-09-21"	"pass"	"findings"	"passed"	"Focused LF2/density/flow/LF3/witness build; eight axiom checks; five recorded boundary/integration examples; document/category/reference/semantic/claims guards. See batch 004."	"specs/reviews/2026-09-21-lf2-phase-density.md"	"CR-LF2-009"	""
"CsdLean4/LF2/QuantumChannel.lean"	"foundations"	"192"	"d4ea8540f78d0ab80d71f5c5e8d3b78597cd6a18"	"8c75eff7ed90b69fcaf07ba064f16094a198c6c7e3ac13242cb0fb5585fadcf4"	"historical"	""	""	""	""	""	""	""	""	""	""	""	""	"specs/FOUNDATIONAL-CODE-REVIEW.md"
"CsdLean4/LF2/ReducedDensity.lean"	"foundations"	"94"	"f286cdc7d3cab05592509581d61284e504a1d57c"	"af7f9515a1b9070e9c94435a46eb0a25f7481dab149c2c5e177aec059d22077e"	"historical"	""	""	""	""	""	""	""	""	""	""	""	""	"specs/FOUNDATIONAL-CODE-REVIEW.md"
"CsdLean4/LF2/Setup.lean"	"foundations"	"115"	"964f960eb7dc970cb2e15a178f1163faae7b39c6"	"bfc697af01409f7338d8aa0ddbeaf67280251be3888a3278d47a2cb508865aa1"	"reviewed"	"full"	"964f960eb7dc970cb2e15a178f1163faae7b39c6"	"bfc697af01409f7338d8aa0ddbeaf67280251be3888a3278d47a2cb508865aa1"	"330e8248b17884d21cbbccbd937b12b339026fe3"	"Codex"	"2026-09-21"	"findings"	"findings"	"passed"	"Focused LF2/LF3/bridge-witness build; seven axiom probes; two API integration examples; document, category, reference, semantic and claims guards. See batch 003."	"specs/reviews/2026-09-21-lf2-bridge.md"	"CR-LF2-003"	"specs/FOUNDATIONAL-CODE-REVIEW.md"
"CsdLean4/LF2/Weights.lean"	"foundations"	"131"	"deb9364d048c921cb3a9f583a0370f16bf69bf4f"	"bb0d65849ea1d1c8a8bd21882734f09e2b4685a0b4cbea224b607bcd87249376"	"reviewed"	"full"	"deb9364d048c921cb3a9f583a0370f16bf69bf4f"	"bb0d65849ea1d1c8a8bd21882734f09e2b4685a0b4cbea224b607bcd87249376"	"330e8248b17884d21cbbccbd937b12b339026fe3"	"Codex"	"2026-09-21"	"findings"	"findings"	"passed"	"Focused LF2/density/flow/LF3/witness build; eight axiom checks; five recorded boundary/integration examples; document/category/reference/semantic/claims guards. See batch 004."	"specs/reviews/2026-09-21-lf2-phase-density.md"	"CR-LF2-008"	"specs/FOUNDATIONAL-CODE-REVIEW.md"
"CsdLean4/LF3/ContextMap.lean"	"foundations"	"112"	"790b9c0bfb5139d09734b5b12ad264096dc6f7b1"	"8ddd3ab461573a9345487d96f6a37389a1e2f16f9ab71cb96bae32c0de5a0fbd"	"historical"	""	""	""	""	""	""	""	""	""	""	""	""	"specs/FOUNDATIONAL-CODE-REVIEW.md"
"CsdLean4/LF3/Hamiltonian.lean"	"foundations"	"151"	"de3418ff20cce4f0016b5bc1c93b4dc0e9988c08"	"01fab66e995a8df64be4c69a71e7ddd4ae7cdff2b5786473df06a07c2d047a0c"	"historical"	""	""	""	""	""	""	""	""	""	""	""	""	"specs/FOUNDATIONAL-CODE-REVIEW.md"
"CsdLean4/LF3/Interface.lean"	"foundations"	"472"	"f64512f35e16cf1444f4e221ac82b8763d74e937"	"622cd52ff0ffad0479a5e59ef871637f0e3dcca714a1cdcce85cdd8986cb5a10"	"reviewed"	"full"	"f64512f35e16cf1444f4e221ac82b8763d74e937"	"622cd52ff0ffad0479a5e59ef871637f0e3dcca714a1cdcce85cdd8986cb5a10"	"0ccd3b7b7c054ca420b2b9e2106f8413ccfec36d"	"Codex"	"2026-09-22"	"pass"	"findings"	"passed"	"Batch 005: focused 3180-job build, five boundary probes, seven axiom audits and five guards passed; FlowChannel is a partial source review only."	"specs/reviews/2026-09-22-lf3-singlet-flow.md"	"CR-LF2-006,CR-LF3-001,CR-LF3-003"	"specs/FOUNDATIONAL-CODE-REVIEW.md"
"CsdLean4/LF3/OperationalNoSignalling.lean"	"foundations"	"111"	"2128b6583d6ded93423725d6af9ae75b96d7dda9"	"6d54fd6c056a5ab258f24e98ae72e8ab4470216d8d2c26bcc1b0319773e92667"	"unreviewed"	""	""	""	""	""	""	""	""	""	""	""	""	""
"CsdLean4/LF3/PointerWitness.lean"	"foundations"	"117"	"bad360844c56e9574e40b9e6ec9e933befb2b90b"	"417edaf3f9927cc51a944fecfde083e6daf41bce2132454f0554736f0cd4a9d8"	"unreviewed"	""	""	""	""	""	""	""	""	""	""	""	""	""
"CsdLean4/LF3/Projectors/Core.lean"	"foundations"	"113"	"1a48bbcbbcf8e4d40cee84fc412122a848f14fb3"	"493bc040e4dd723b692699e4c68fbe2062109674ded9c1bf93db5b922a223d3c"	"historical"	""	""	""	""	""	""	""	""	""	""	""	""	"specs/FOUNDATIONAL-CODE-REVIEW.md"
"CsdLean4/LF3/Projectors/LF2Interface.lean"	"foundations"	"127"	"6e5dd773012ad16eb4e727d4c33fc9fe08d8bf83"	"7f6d4be98eea9acd043c2b0463c6f282c8a4dea4bae1ed2876c4b4871087f44b"	"historical"	""	""	""	""	""	""	""	""	""	""	""	""	"specs/FOUNDATIONAL-CODE-REVIEW.md"
"CsdLean4/LF3/Projectors/SectorVolume.lean"	"foundations"	"203"	"22a5cb9938bb72465934f306eddb3d4d72495c25"	"08510865ae5d5e335ea557a8ae0a721d151acde6f0fe671c3aeadb69c7d52e4b"	"historical"	""	""	""	""	""	""	""	""	""	""	""	""	"specs/FOUNDATIONAL-CODE-REVIEW.md"
"CsdLean4/LF3/Projectors/TensorModel.lean"	"foundations"	"343"	"1dfe7943ccc29c67950d41f13ecb015d70719ce5"	"3558f3a6bfd8701a0494a9837e0254775e5d192bf8d63ff0ad1b791b3da5e5e9"	"historical"	""	""	""	""	""	""	""	""	""	""	""	""	"specs/FOUNDATIONAL-CODE-REVIEW.md"
"CsdLean4/LF3/PurePreparation.lean"	"foundations"	"249"	"a347ee0fc1bd6b3ab02da31840ef8c0c47c22dc7"	"32ad20d4a6ed7bdb29047aa3767dd4ab7cec594eea35b593751a224a67d5cce4"	"reviewed"	"full"	"a347ee0fc1bd6b3ab02da31840ef8c0c47c22dc7"	"32ad20d4a6ed7bdb29047aa3767dd4ab7cec594eea35b593751a224a67d5cce4"	"0ccd3b7b7c054ca420b2b9e2106f8413ccfec36d"	"Codex"	"2026-09-22"	"findings"	"findings"	"passed"	"Batch 005: focused 3180-job build, five boundary probes, seven axiom audits and five guards passed; FlowChannel is a partial source review only."	"specs/reviews/2026-09-22-lf3-singlet-flow.md"	"CR-LF2-006,CR-LF3-001,CR-LF3-002,CR-LF3-003"	"specs/FOUNDATIONAL-CODE-REVIEW.md"
"CsdLean4/LF3/SectorSeparation.lean"	"foundations"	"242"	"5e11795e24ccd673858331353aa690e1743722e9"	"4d7f75648e3eccbecb447e5dca6e32fa9ed9c33a72798e6497308413f8a5afb5"	"historical"	""	""	""	""	""	""	""	""	""	""	""	""	"specs/FOUNDATIONAL-CODE-REVIEW.md"
"CsdLean4/LF3/SettingLocality.lean"	"foundations"	"196"	"2866fec868e0a368ed964c95ce890d25a441bb95"	"d8fc718bfb6a04a70838ee55af2511858fabcd572414f9290b6ddf7f1fa1017d"	"unreviewed"	""	""	""	""	""	""	""	""	""	""	""	""	""
"CsdLean4/LF3/Setup.lean"	"foundations"	"279"	"8a11b8adc0373bb9dff46a77d8885f411adc6fd1"	"7045436f50cff66dac1d68b13c34bd25ca51398a011903665f25899965e61ce9"	"historical"	""	""	""	""	""	""	""	""	""	""	""	""	"specs/FOUNDATIONAL-CODE-REVIEW.md"
"CsdLean4/LF3/SharedContextMap.lean"	"foundations"	"110"	"9b3488943d37532a8e46cac3d3fb04c21785a196"	"3284a22ed12e160026ecb2051d9b7e5fa52eb08e22efe8675921aa60b80070a5"	"unreviewed"	""	""	""	""	""	""	""	""	""	""	""	""	""
"CsdLean4/LF3/Singlet/Expectations.lean"	"foundations"	"169"	"89eb4769e10a028b5978c54b6dd7d36851b4984f"	"e2d8c09c64e368e6bf32ea11dff771870ebc5df488b6d0ce67fe09b2255eacff"	"historical"	""	""	""	""	""	""	""	""	""	""	""	""	"specs/FOUNDATIONAL-CODE-REVIEW.md"
"CsdLean4/LF3/Singlet/JointEig.lean"	"foundations"	"143"	"c4debc053c3ee7cd2ec1807a2cad5153bc2af5f9"	"6d3a3f0268e6307b1073557f892d66c2b97a99c644695cbd0ffb3c6da5cb5f5c"	"historical"	""	""	""	""	""	""	""	""	""	""	""	""	"specs/FOUNDATIONAL-CODE-REVIEW.md"
"CsdLean4/LF3/Singlet/JointProjector.lean"	"foundations"	"168"	"43d2dd6cc86290fcf86670f8191106a0f2585c15"	"9658b9f40ed7c131c8e0df50dd4e839a2014df8bf29c512923423ca805b41b0c"	"historical"	""	""	""	""	""	""	""	""	""	""	""	""	"specs/FOUNDATIONAL-CODE-REVIEW.md"
"CsdLean4/LF3/Singlet/Kernel.lean"	"foundations"	"192"	"6d98fbfc0d003fab50be558196893584ec36ac84"	"901218643868339b2b871c3fe6353f51446a4f20238dd7509916ff0ab47425be"	"historical"	""	""	""	""	""	""	""	""	""	""	""	""	"specs/FOUNDATIONAL-CODE-REVIEW.md"
"CsdLean4/LF3/Singlet/Leakage.lean"	"foundations"	"145"	"2133981ad29936b8952c9285e2d26231cf622ba2"	"168e5182eb0d8c060c0eaea395d391e37077da664fa592daeb0c562563a57e42"	"historical"	""	""	""	""	""	""	""	""	""	""	""	""	"specs/FOUNDATIONAL-CODE-REVIEW.md"
"CsdLean4/LF3/Singlet/State.lean"	"foundations"	"74"	"893bfc80ed2e2043b63a1612f1a9e47aed48f25f"	"cd9c933a693302f8ea058d3a16106b04d375a876ff25ccc96c729b7339207e90"	"historical"	""	""	""	""	""	""	""	""	""	""	""	""	"specs/FOUNDATIONAL-CODE-REVIEW.md"
"CsdLean4/LF3/SingletProjective.lean"	"foundations"	"153"	"c5536b2f65f90fed46f999594ac58ea59e89f6e8"	"d9e8a7e1f01180c4a39b69a3b0e49cb5ef1b6e7efe443c7efc0f3008583dd0a3"	"reviewed"	"full"	"c5536b2f65f90fed46f999594ac58ea59e89f6e8"	"d9e8a7e1f01180c4a39b69a3b0e49cb5ef1b6e7efe443c7efc0f3008583dd0a3"	"0ccd3b7b7c054ca420b2b9e2106f8413ccfec36d"	"Codex"	"2026-09-22"	"findings"	"findings"	"passed"	"Batch 005: focused 3180-job build, five boundary probes, seven axiom audits and five guards passed; FlowChannel is a partial source review only."	"specs/reviews/2026-09-22-lf3-singlet-flow.md"	"CR-LF3-001,CR-LF3-004"	"specs/FOUNDATIONAL-CODE-REVIEW.md"
"CsdLean4/LF3/Spinor.lean"	"foundations"	"326"	"caa5f8db7fdc74484152b931613ec4b7d6382610"	"590bfff76aa19049ed524917370e5ed49dbd26f900a10301233dc916c52be4f1"	"unreviewed"	""	""	""	""	""	""	""	""	""	""	""	""	""
"CsdLean4/LF4/ArenaStrokeFlux.lean"	"record-dynamics-other"	"226"	"b50df5e14e712a137300686a155a7a12f5ba23e5"	"ba355b1e137528ee059e9d3602b64da5f81f39c6c3f59fdb3d999f25e2b03fe0"	"unreviewed"	""	""	""	""	""	""	""	""	""	""	""	""	""
"CsdLean4/LF4/ArenaSymplectic.lean"	"record-dynamics-other"	"337"	"789ebd5e2ecada79a57131a03536ea5778f087ea"	"481529622be02cc82f7f0f7d5a666641dc45d0efa7fcf25567aa1ffeb371a021"	"unreviewed"	""	""	""	""	""	""	""	""	""	""	""	""	""
"CsdLean4/LF4/ArenaVolume.lean"	"record-dynamics-other"	"294"	"92fbaf43cbbafeb6b6d455d530ac1e670a703130"	"6c0265177079787ff493e8af1071a470c32d3b23a9bd817d910728b2cdd9e581"	"unreviewed"	""	""	""	""	""	""	""	""	""	""	""	""	""
"CsdLean4/LF4/AxisBridge.lean"	"record-dynamics-other"	"119"	"db0623dd8637ef883367468bc789830def26314c"	"2cb993cf2f624b89c5ee281f809f3d187648ad55dbdc8d583238182d4650ec4b"	"historical"	""	""	""	""	""	""	""	""	""	""	""	""	"specs/FOUNDATIONAL-CODE-REVIEW.md"
"CsdLean4/LF4/BargmannSelection.lean"	"record-dynamics-other"	"292"	"93837e903c348e8e9d7e5c8d965ba7106f5fb1d7"	"2f743888e60e548c74627cf5dae2e7af14eee35c0af0773f65650b36d885572b"	"historical"	""	""	""	""	""	""	""	""	""	""	""	""	"specs/FOUNDATIONAL-CODE-REVIEW.md"
"CsdLean4/LF4/BlochProjection.lean"	"record-dynamics-other"	"119"	"b4c1697809c0fa6b9ad19bdd5f4900c1991f7469"	"345a3c278d3d83a984de1caebe168c28f122e5c537e6636694cad95944e5dae5"	"historical"	""	""	""	""	""	""	""	""	""	""	""	""	"specs/FOUNDATIONAL-CODE-REVIEW.md"
"CsdLean4/LF4/BornFS.lean"	"record-dynamics-other"	"102"	"8e7f188d2cf54884b93891f283f00c61df1295d2"	"68f824cc2e3083914d2dfa883968465b5c1df09492b710e485676551008f32e1"	"historical"	""	""	""	""	""	""	""	""	""	""	""	""	"specs/FOUNDATIONAL-CODE-REVIEW.md"
"CsdLean4/LF4/BornFlowLinkage.lean"	"record-dynamics-other"	"142"	"5c24bf3c8e07ecb782ac6290cd01967093063b75"	"ef56a132e75dcc3c1fc44ce1771f2c39f2fb2d1673efbb088d44bc4b0929803b"	"historical"	""	""	""	""	""	""	""	""	""	""	""	""	"specs/FOUNDATIONAL-CODE-REVIEW.md"
"CsdLean4/LF4/BornFrequencyN.lean"	"record-dynamics-other"	"175"	"927ef58d908e67abce4e4230b755f5dff8766718"	"baa5353c58fa78505840e2bdb6d1db1f9abfb6e89587f0fe4f07dab43b115f85"	"historical"	""	""	""	""	""	""	""	""	""	""	""	""	"specs/FOUNDATIONAL-CODE-REVIEW.md"
"CsdLean4/LF4/BornFrequencyPartition.lean"	"record-dynamics-other"	"77"	"91b4d4ea6702143c5242d54cd44a5d9a44ed4224"	"188a44f7c0275a983b1e4e8b2b8162fee84acbc2772d0f57a2f662064e37b107"	"historical"	""	""	""	""	""	""	""	""	""	""	""	""	"specs/FOUNDATIONAL-CODE-REVIEW.md"
"CsdLean4/LF4/BornRegionDisjoint.lean"	"record-dynamics-other"	"359"	"02c1f7cbc145a00f8dc2f132c8c1d211bfc8bab8"	"84e1ba342323eac221b4d39aa4c827cd9a634684e40f03d6be729d4b97e78f40"	"historical"	""	""	""	""	""	""	""	""	""	""	""	""	"specs/FOUNDATIONAL-CODE-REVIEW.md"
"CsdLean4/LF4/BornRegionUncond.lean"	"record-dynamics-other"	"405"	"14f3ffb58f9c20784c04597da8af197a90fa83b3"	"bf27095e55723e45434ebdd7ef8e63dfe3a57acaa81774cae860c97f74a830b1"	"historical"	""	""	""	""	""	""	""	""	""	""	""	""	"specs/FOUNDATIONAL-CODE-REVIEW.md"
"CsdLean4/LF4/BornVolume.lean"	"record-dynamics-other"	"111"	"2195d111dfc09b685f1aeba087e002102cba1ba6"	"e4f4e66922d0e9f36bb7a22fe51dd7146c394a1a055dfe70886e2ab49d792ff2"	"historical"	""	""	""	""	""	""	""	""	""	""	""	""	"specs/FOUNDATIONAL-CODE-REVIEW.md"
"CsdLean4/LF4/BothPillars.lean"	"record-dynamics-other"	"129"	"c39f94db8b737946a1e349ca1415d0b8a34d0adc"	"e491cd8962e4dc3a439df1d808c8048f2b1866645379b58d19eadd05f34c47d3"	"historical"	""	""	""	""	""	""	""	""	""	""	""	""	"specs/FOUNDATIONAL-CODE-REVIEW.md"
"CsdLean4/LF4/DuistermaatHeckman.lean"	"record-dynamics-other"	"62"	"16f6d62f9494870f98973849666236c91b322eb6"	"1cd7fce3f9fe61e778d61b1a35680f8471c23e65a39beceac62393e54145528a"	"historical"	""	""	""	""	""	""	""	""	""	""	""	""	"specs/FOUNDATIONAL-CODE-REVIEW.md"
"CsdLean4/LF4/GaussianCP.lean"	"record-dynamics-other"	"264"	"b4128b34978c16af2977ce6eedd3d99788a76ce4"	"c34341ea2e106604af8c01880b88b33db1488d118a6aa6513afbfdb4998f4f72"	"historical"	""	""	""	""	""	""	""	""	""	""	""	""	"specs/FOUNDATIONAL-CODE-REVIEW.md"
"CsdLean4/LF4/GaussianCPN.lean"	"record-dynamics-other"	"277"	"a9a7844e166dcaa385d0877c70f2198eda2a6290"	"96b3a24864cc7ca966bc7bd75afa05b59e2ac3135855afc8b0d7ecc312f1b987"	"historical"	""	""	""	""	""	""	""	""	""	""	""	""	"specs/FOUNDATIONAL-CODE-REVIEW.md"
"CsdLean4/LF4/GaussianFS.lean"	"record-dynamics-other"	"80"	"aebca6e4a5955e4f19e757005d15f4ce9d3ee9a9"	"fffbb81154e5db68f4377816036fae636fa33b2cc2f16b4c3fe4ff9925e2a887"	"historical"	""	""	""	""	""	""	""	""	""	""	""	""	"specs/FOUNDATIONAL-CODE-REVIEW.md"
"CsdLean4/LF4/HardyKahler.lean"	"record-dynamics-other"	"569"	"324757a41a204e76567619fca7dc1a726a55d2a5"	"4377716046bf8cef71e719b86850635bfed468395676ce4564c4ee031127c954"	"historical"	""	""	""	""	""	""	""	""	""	""	""	""	"specs/FOUNDATIONAL-CODE-REVIEW.md"
"CsdLean4/LF4/HatBox.lean"	"record-dynamics-other"	"113"	"0e02f09d2b3ea707455cbc0fd05281bdcc7382f6"	"60441fff0459310982df64fbadc8e9d6c5bc0e41af1f79ae147e9a1d1472c2b6"	"historical"	""	""	""	""	""	""	""	""	""	""	""	""	"specs/FOUNDATIONAL-CODE-REVIEW.md"
"CsdLean4/LF4/Instance.lean"	"record-dynamics-other"	"110"	"89a59f2cad5e775add4f76bcd621075cf8f9318a"	"05a935d442c5d219da5ed1d359d651f2ee5e35e596eda1edb854cd106aeca07b"	"historical"	""	""	""	""	""	""	""	""	""	""	""	""	"specs/FOUNDATIONAL-CODE-REVIEW.md"
"CsdLean4/LF4/KahlerFibreMixing.lean"	"record-dynamics-other"	"217"	"a4cd8c9f7aaf341161a6e9e1decc924b03d6dcb7"	"0927da77ec8be3abe4599f2adf8294e361b6b337959838d1b55dcad2db9f79ab"	"unreviewed"	""	""	""	""	""	""	""	""	""	""	""	""	""
"CsdLean4/LF4/KahlerFlow.lean"	"record-dynamics-other"	"240"	"47cafd301b0e017bdfcdce029cbc60e241402222"	"97321f706a9fd361092da845f49de9849bbd22debcdf91bca8098f882379d4c2"	"historical"	""	""	""	""	""	""	""	""	""	""	""	""	"specs/FOUNDATIONAL-CODE-REVIEW.md"
"CsdLean4/LF4/KahlerFlowFiniteHorizon.lean"	"record-dynamics-other"	"165"	"31d8af3e5dbc50e0310670b622c8752ee9f00da0"	"836044ba19aa966d26f1e37eb107a532c7f293a4ccbf947738287b3a4a8b069b"	"unreviewed"	""	""	""	""	""	""	""	""	""	""	""	""	""
"CsdLean4/LF4/KahlerFlowNoMixing.lean"	"record-dynamics-other"	"222"	"402a9eb51e66f0d1c320b2f082abecea3a69a800"	"05593a129b1846051d63a68f5abdcc47367551bcd47e0db8f1c54a839f8c2dbb"	"unreviewed"	""	""	""	""	""	""	""	""	""	""	""	""	""
"CsdLean4/LF4/KahlerInstance.lean"	"record-dynamics-other"	"171"	"efcfe0898b5ad972ef6845bc3814c8777b0a0b70"	"a5d81f437f081d3180f94f0595d328ac1872d45eff44ca03b7619196569b61b7"	"historical"	""	""	""	""	""	""	""	""	""	""	""	""	"specs/FOUNDATIONAL-CODE-REVIEW.md"
"CsdLean4/LF4/KahlerOnticSetup.lean"	"record-dynamics-other"	"245"	"58b25ddec09a3913ebaa2785fdd319a06335b6d5"	"47ac9eae87dc6f169cac0a96fb337d1c54e0928208bea8b796e38098a54a8bf7"	"historical"	""	""	""	""	""	""	""	""	""	""	""	""	"specs/FOUNDATIONAL-CODE-REVIEW.md"
"CsdLean4/LF4/KahlerVolumeForced.lean"	"record-dynamics-other"	"157"	"083d732b6e791cd30fed554f4d15161b3035bf36"	"fb44442de7425a92d673b9e1af1c0ccd55a297c41e274bfd627df41ca9c239cc"	"historical"	""	""	""	""	""	""	""	""	""	""	""	""	"specs/FOUNDATIONAL-CODE-REVIEW.md"
"CsdLean4/LF4/KahlerWignerLift.lean"	"record-dynamics-other"	"166"	"2ffb39db5a87a95c290db585505c653868c281bd"	"aff68a8c1c53bdafe7e9523be40244ad8725c6c0f5c51b9fb6eb92b8d0886f68"	"historical"	""	""	""	""	""	""	""	""	""	""	""	""	"specs/FOUNDATIONAL-CODE-REVIEW.md"
"CsdLean4/LF4/LiouvilleUnique.lean"	"record-dynamics-other"	"213"	"e5e4992932e80cc67d5c5717f3af3211c00e8e7e"	"bb821257514d03a71e4496c1842f0c36f655ef07ccff1802b8821b129697be66"	"unreviewed"	""	""	""	""	""	""	""	""	""	""	""	""	""
"CsdLean4/LF4/ManyToOnePillars.lean"	"record-dynamics-other"	"360"	"a763378948bf0e3459807e0ee18a1e19613ba0c5"	"4f670c092e34967cf4c476873ade26270a724b8bac78b3818f0d6b078262f591"	"historical"	""	""	""	""	""	""	""	""	""	""	""	""	"specs/FOUNDATIONAL-CODE-REVIEW.md"
"CsdLean4/LF4/ManyToOneSchrodingerDerived.lean"	"record-dynamics-other"	"112"	"5f58bc8080526e268798a8ee8aff6287cb155a99"	"03312eb38af1a0ca51fabe3cac4acfa539cbd0fc522024558e30725b8c8d7680"	"historical"	""	""	""	""	""	""	""	""	""	""	""	""	"specs/FOUNDATIONAL-CODE-REVIEW.md"
"CsdLean4/LF4/MomentBornN.lean"	"record-dynamics-other"	"336"	"7f856eeaddac7d3a694cdb68e18cae52f80efb14"	"12dea1c42a6cfa66047d87f3d9547fd0acbe37587239c96ac5e22f3791aedc5a"	"historical"	""	""	""	""	""	""	""	""	""	""	""	""	"specs/FOUNDATIONAL-CODE-REVIEW.md"
"CsdLean4/LF4/MomentBridgeN.lean"	"record-dynamics-other"	"91"	"c3f8d3bdb8ca20fe6a4454678a4b998e3e043f0c"	"8562fac987a968c5b3c7550f91d9dd524b43a552816f737cc571a41869d1937f"	"historical"	""	""	""	""	""	""	""	""	""	""	""	""	"specs/FOUNDATIONAL-CODE-REVIEW.md"
"CsdLean4/LF4/MomentDirichletN.lean"	"record-dynamics-other"	"124"	"1698c484aad3e8fc9c3997a062ba26dd1d018b4b"	"21dbbc50019f056db034cc8ea056a02730a9d214021f0e3c5146689fe2e6f6a7"	"historical"	""	""	""	""	""	""	""	""	""	""	""	""	"specs/FOUNDATIONAL-CODE-REVIEW.md"
"CsdLean4/LF4/MomentMap.lean"	"record-dynamics-other"	"121"	"43d10c14ffe99ef9288824c2941a472320e2e1cf"	"708efc346b4157b7325af8bfe79c1be048eaef1c2d25b117a8c65eac3f4dcadc"	"historical"	""	""	""	""	""	""	""	""	""	""	""	""	"specs/FOUNDATIONAL-CODE-REVIEW.md"
"CsdLean4/LF4/MomentMarginal.lean"	"record-dynamics-other"	"79"	"7c0941e113d3d57d018b29a4e1c62d03ac273983"	"6faaae8a626c3728b3d3ee638c761d1bccaca612850ff2a33f915571da163bce"	"historical"	""	""	""	""	""	""	""	""	""	""	""	""	"specs/FOUNDATIONAL-CODE-REVIEW.md"
"CsdLean4/LF4/MomentMarginalUniform.lean"	"record-dynamics-other"	"304"	"b1a1455dde26c2b3fbe0546615bbf78e4117b217"	"50f2cf6f2f523aa82ced50a03661bdad70f0442994feaa6c88b65e562657a9ea"	"historical"	""	""	""	""	""	""	""	""	""	""	""	""	"specs/FOUNDATIONAL-CODE-REVIEW.md"
"CsdLean4/LF4/MomentPushforward.lean"	"record-dynamics-other"	"75"	"457f044bca57cbb681cbd543689d0306e4b40356"	"03095ced1ba775a11b19a47a3610ef0f3738e6d97d6f5d0b0e7ee585fa73e6cd"	"historical"	""	""	""	""	""	""	""	""	""	""	""	""	"specs/FOUNDATIONAL-CODE-REVIEW.md"
"CsdLean4/LF4/MomentRatioUniform.lean"	"record-dynamics-other"	"241"	"f0fc7c2e922779be8c0f908498db7e58b273bc50"	"a1c3f54eb7f1071525756831f34533c18e631e6d70943fef2f5d6e35865c779b"	"historical"	""	""	""	""	""	""	""	""	""	""	""	""	"specs/FOUNDATIONAL-CODE-REVIEW.md"
"CsdLean4/LF4/MomentRatioUniformN.lean"	"record-dynamics-other"	"565"	"0602fce0e399ab4940285fa217f32e5a9f6b99c9"	"659870413946bc3e85cc5b873a433b0fd4f9882095627d1e8a759c7ce52dc8ec"	"historical"	""	""	""	""	""	""	""	""	""	""	""	""	"specs/FOUNDATIONAL-CODE-REVIEW.md"
"CsdLean4/LF4/MomentUniform.lean"	"record-dynamics-other"	"247"	"fab2cd3f4f180b62f831d6ca0a1ab94d76cd3ff4"	"9fb9968579b96bf35e4d49eca8d32e6c5b51afafd125fbc57a9580b13c1c7058"	"historical"	""	""	""	""	""	""	""	""	""	""	""	""	"specs/FOUNDATIONAL-CODE-REVIEW.md"
"CsdLean4/LF4/NonTrivialSetup.lean"	"record-dynamics-other"	"196"	"436a5829722f6ceaae5a76f119a7e0bbd63aea19"	"7890c4e0046130614982cbea77eda04b31dac76601a305902312252eece8126b"	"historical"	""	""	""	""	""	""	""	""	""	""	""	""	"specs/FOUNDATIONAL-CODE-REVIEW.md"
"CsdLean4/LF4/ObservableCorrespondenceN.lean"	"record-dynamics-other"	"382"	"b241e80e63f365d07da4fa05226378cf99440e1e"	"0faa4635757a8b3e66508275e3db688fbe960d1200ed853e14e1aea26cdf5b2f"	"historical"	""	""	""	""	""	""	""	""	""	""	""	""	"specs/FOUNDATIONAL-CODE-REVIEW.md"
"CsdLean4/LF4/ObservableFlow.lean"	"record-dynamics-other"	"379"	"93daeee0efbd8e7cd2da172e6ca913c6c77328ca"	"d3b910b5fe7f6ff7d785b2e9d9aa0fd8d0b7e493d7ee7c93f487d942dc49b54f"	"historical"	""	""	""	""	""	""	""	""	""	""	""	""	"specs/FOUNDATIONAL-CODE-REVIEW.md"
"CsdLean4/LF4/OnticBorn.lean"	"record-dynamics-other"	"85"	"7cf6d9e4b7d3a923839d0a73b9a838d270efd93e"	"439d5fda2d4006eb719b422438f1d7e956c0e23b5642f46accbc4da8642776ac"	"historical"	""	""	""	""	""	""	""	""	""	""	""	""	"specs/FOUNDATIONAL-CODE-REVIEW.md"
"CsdLean4/LF4/POVMDilation.lean"	"record-dynamics-other"	"131"	"02380165ee4cda9475d3ce70593271e1bb8087bb"	"f1348db007c6b2683c0b1260cfba66170b9e1e465b78ff2f6448ee6166f88f35"	"historical"	""	""	""	""	""	""	""	""	""	""	""	""	"specs/FOUNDATIONAL-CODE-REVIEW.md"
"CsdLean4/LF4/POVMNaimark.lean"	"record-dynamics-other"	"168"	"a18e848ec2c6ad7ebc3af852d130cd84f9e2b892"	"6a560c3cdc1a0695d7a2a17b9aa36549f7cd392e47469101a195ad218339493f"	"historical"	""	""	""	""	""	""	""	""	""	""	""	""	"specs/FOUNDATIONAL-CODE-REVIEW.md"
"CsdLean4/LF4/POVMVolume.lean"	"record-dynamics-other"	"196"	"ea19933a52908489f81c38b6091f138baf9958ea"	"d961926db818bccd8a1b44dd9bfcf81c145813729790a4321db70ac2e36bab1f"	"historical"	""	""	""	""	""	""	""	""	""	""	""	""	"specs/FOUNDATIONAL-CODE-REVIEW.md"
"CsdLean4/LF4/PauliDotRobertson.lean"	"record-dynamics-other"	"181"	"a736b8f84b6d6a481571fa99524f22d3d6790fe0"	"2cc750c32c588a16699f84d99cb673af2666ae876412d09767f8728ce621b36f"	"historical"	""	""	""	""	""	""	""	""	""	""	""	""	"specs/FOUNDATIONAL-CODE-REVIEW.md"
"CsdLean4/LF4/PauliRobertson.lean"	"record-dynamics-other"	"264"	"bf1b625609dde3095d54dd3d9acab3fbaf5a6be0"	"7400dc454f5a04d3a54fd67a9cd893427895a9a33de0dac66685893c70597e49"	"historical"	""	""	""	""	""	""	""	""	""	""	""	""	"specs/FOUNDATIONAL-CODE-REVIEW.md"
"CsdLean4/LF4/PhaseLift.lean"	"record-dynamics-other"	"556"	"527868a06dba352ccf148f6aeba9a0d6c12df480"	"f97d7b6bdfc4d3797cccc8335154c16bd1d41f2a8e70e2a22a0e2975f2c59164"	"historical"	""	""	""	""	""	""	""	""	""	""	""	""	"specs/FOUNDATIONAL-CODE-REVIEW.md"
"CsdLean4/LF4/ProjectedDynamics.lean"	"record-dynamics-other"	"261"	"38f1f40d8d377166411857636e62920953d0c4c0"	"f38092e09c195ee56d056f1d1b77cb5ea275852604606d006b1ff44412b02064"	"historical"	""	""	""	""	""	""	""	""	""	""	""	""	"specs/FOUNDATIONAL-CODE-REVIEW.md"
"CsdLean4/LF4/ProjectiveManifold.lean"	"record-dynamics-other"	"90"	"5eb5cbb46cb2dae27fb4029871a6ec1ecc9fc0cb"	"6ba66376977e97021252ef31f0d34c6e5a635751f890f1a44471f37975a88ff6"	"unreviewed"	""	""	""	""	""	""	""	""	""	""	""	""	""
"CsdLean4/LF4/QubitBorn.lean"	"record-dynamics-other"	"148"	"2ea4ebf278aba664f7017d288a340b1f0a7ec746"	"8a77e3f65ce76de48a7040415604dd845ddf263a93d84e281a36179d22bcd847"	"historical"	""	""	""	""	""	""	""	""	""	""	""	""	"specs/FOUNDATIONAL-CODE-REVIEW.md"
"CsdLean4/LF4/QubitBornFrequency.lean"	"record-dynamics-other"	"86"	"a5fff0220eab478ce83b9fc99f3b34bd29afd65f"	"5c4a55c48e3c09c2f3340616686af3a1d5e661649980921cb81950675d60fa08"	"historical"	""	""	""	""	""	""	""	""	""	""	""	""	"specs/FOUNDATIONAL-CODE-REVIEW.md"
"CsdLean4/LF4/QubitConsistency.lean"	"record-dynamics-other"	"72"	"a137d8169d6776610d725e0acbacf863a8d40a9f"	"9acc8957ee3cf9b99e02bedc53baf2708421272c95b30bbdb93d89376146a968"	"historical"	""	""	""	""	""	""	""	""	""	""	""	""	"specs/FOUNDATIONAL-CODE-REVIEW.md"
"CsdLean4/LF4/QubitCrossTerm.lean"	"record-dynamics-other"	"202"	"c78eff7be727e12dd490e8c318cebf9b87938d2b"	"8f5e0d4733a3250ae2202762b944da7a15a9548bdb46b105bb455e1618cf9625"	"historical"	""	""	""	""	""	""	""	""	""	""	""	""	"specs/FOUNDATIONAL-CODE-REVIEW.md"
"CsdLean4/LF4/QubitDipole.lean"	"record-dynamics-other"	"255"	"03b7aa710e69be0b5097d4a63c070cab045fe5d4"	"1933bf0e7e30fea958d5a7e9305d43afec2eae6eb423d18c097a9f554ed39f07"	"historical"	""	""	""	""	""	""	""	""	""	""	""	""	"specs/FOUNDATIONAL-CODE-REVIEW.md"
"CsdLean4/LF4/QubitReflection.lean"	"record-dynamics-other"	"115"	"6ec496181bfb409f394b0c0b963d6a087673c438"	"2954d7ed5a6fbe2fe66d06e1f7453c3ab218448d7e53edcd5d7fd39012a09cce"	"historical"	""	""	""	""	""	""	""	""	""	""	""	""	"specs/FOUNDATIONAL-CODE-REVIEW.md"
"CsdLean4/LF4/RotationSchrodinger.lean"	"record-dynamics-other"	"157"	"1cc1e06f88eb522000968825832a6594fb1dace7"	"ef372023fd9397af2bbcb0c79cf43c39740d021702f93bf54728db6ecc800423"	"historical"	""	""	""	""	""	""	""	""	""	""	""	""	"specs/FOUNDATIONAL-CODE-REVIEW.md"
"CsdLean4/LF4/SchrodingerKahlerInvariance.lean"	"record-dynamics-other"	"94"	"8d452c9b2cd229556b5be983aa8204567206ecfd"	"a8c17c8503197232eb63eb0460fb88ee006a44e2b76d5bf5b54f24339ded7bf3"	"historical"	""	""	""	""	""	""	""	""	""	""	""	""	"specs/FOUNDATIONAL-CODE-REVIEW.md"
"CsdLean4/LF4/SectorManifold.lean"	"record-dynamics-other"	"262"	"c3546adbfb309968a2a519c2292676cbfce7c868"	"f3166d51a967482903ef305a734fb6c00fdca01a901d2128f81980b0a6d559cb"	"unreviewed"	""	""	""	""	""	""	""	""	""	""	""	""	""
"CsdLean4/LF4/SingleQubitKahler.lean"	"record-dynamics-other"	"312"	"7e46797cd8b198554480b70259681b31a563603f"	"fe5504ca6792a34d36841b43614b6c6494e73131b0d8bc2c92006a30f976ee19"	"historical"	""	""	""	""	""	""	""	""	""	""	""	""	"specs/FOUNDATIONAL-CODE-REVIEW.md"
"CsdLean4/LF4/SingletKahler.lean"	"record-dynamics-other"	"372"	"46e9104478d3a993d8108d9488468282a1fafba4"	"e62df429fb0ac9f0f9c3f12dd2f2cd328b23c55388645409d112b2768d4024bc"	"reviewed"	"full"	"46e9104478d3a993d8108d9488468282a1fafba4"	"e62df429fb0ac9f0f9c3f12dd2f2cd328b23c55388645409d112b2768d4024bc"	"0ccd3b7b7c054ca420b2b9e2106f8413ccfec36d"	"Codex"	"2026-09-22"	"findings"	"findings"	"passed"	"Batch 005: focused 3180-job build, five boundary probes, seven axiom audits and five guards passed; FlowChannel is a partial source review only."	"specs/reviews/2026-09-22-lf3-singlet-flow.md"	"CR-LF2-006,CR-LF3-001,CR-LF3-002,CR-LF3-003"	"specs/FOUNDATIONAL-CODE-REVIEW.md"
"CsdLean4/LF4/SingletKahlerFlow.lean"	"record-dynamics-other"	"221"	"197368640d05e0f91a2bc8c6664ee0395f33e702"	"0203bee62ede7e6a7c96e371754be724cf7b79392f4071f855ee5f247c35e963"	"reviewed"	"full"	"197368640d05e0f91a2bc8c6664ee0395f33e702"	"0203bee62ede7e6a7c96e371754be724cf7b79392f4071f855ee5f247c35e963"	"0ccd3b7b7c054ca420b2b9e2106f8413ccfec36d"	"Codex"	"2026-09-22"	"findings"	"findings"	"passed"	"Batch 005: focused 3180-job build, five boundary probes, seven axiom audits and five guards passed; FlowChannel is a partial source review only."	"specs/reviews/2026-09-22-lf3-singlet-flow.md"	"CR-LF2-006,CR-LF3-001,CR-LF3-002,CR-LF3-003"	"specs/FOUNDATIONAL-CODE-REVIEW.md"
"CsdLean4/LF4/SingletObservables.lean"	"record-dynamics-other"	"222"	"ca39cbdd92acc751548c665a6159b56162c89f85"	"2f85c5f7857bd16be56e976689b3b0e7a72eb1033da2bcec28dfd9d0a11aa7c2"	"historical"	""	""	""	""	""	""	""	""	""	""	""	""	"specs/FOUNDATIONAL-CODE-REVIEW.md"
"CsdLean4/LF4/SpectralCarving.lean"	"record-dynamics-other"	"338"	"55b8fe07904093e6dce5fe59c70fb9653e70d3f8"	"c5b5d32ffd3148adc3570b38cc7447ec20a6b1fbd2f334f53e496b9e49862ed1"	"historical"	""	""	""	""	""	""	""	""	""	""	""	""	"specs/FOUNDATIONAL-CODE-REVIEW.md"
"CsdLean4/LF4/SpectralExpansion.lean"	"record-dynamics-other"	"152"	"8bf84ef55b150c4b50191d8f43b8a6cc93523ac8"	"b1dac90155ce73736f5d190b85a9a785b03f7069aaaa22e70efa7abfc0660b7c"	"historical"	""	""	""	""	""	""	""	""	""	""	""	""	"specs/FOUNDATIONAL-CODE-REVIEW.md"
"CsdLean4/LF4/SpectralVariance.lean"	"record-dynamics-other"	"237"	"a8b12e894dea96eb94458553ea40debc3b1c245a"	"928402069a09d7461f51065c72ffa9adbf4878b0202995a95cc7034a4e7f00af"	"historical"	""	""	""	""	""	""	""	""	""	""	""	""	"specs/FOUNDATIONAL-CODE-REVIEW.md"
"CsdLean4/LF4/TrialWitness.lean"	"record-dynamics-other"	"164"	"d13ea366f0442cb67b78daad04bdc98b8a65b32e"	"1b8a760f87511b27d48ae9fdf3ec972cd15968f53632e9dc70aca8e9480c40d0"	"historical"	""	""	""	""	""	""	""	""	""	""	""	""	"specs/FOUNDATIONAL-CODE-REVIEW.md"
"CsdLean4/LF4/TypicalityForcing.lean"	"record-dynamics-other"	"616"	"7b56760edc356fff9ab27140cc41639a92e078b5"	"c6214189fc821a33fbbcdaa6bec16524434407d6442967b080846881bea80b41"	"historical"	""	""	""	""	""	""	""	""	""	""	""	""	"specs/FOUNDATIONAL-CODE-REVIEW.md"
"CsdLean4/LF4/UncertaintyKahler.lean"	"record-dynamics-other"	"167"	"12d422e9b4580e7ad0d4d635dc2923dd207275e5"	"3e39c10044b029598d26ff39b1afa274b44820fe9b292e1ed000a7577675056b"	"historical"	""	""	""	""	""	""	""	""	""	""	""	""	"specs/FOUNDATIONAL-CODE-REVIEW.md"
"CsdLean4/LF4/UnitarySelection.lean"	"record-dynamics-other"	"197"	"3efbb4c4d6e96879adb88bb62be1273ad71782c1"	"71c7088401726861799a2e6ed76901069a2d049a1b2f9eda64081c6857e4dbec"	"historical"	""	""	""	""	""	""	""	""	""	""	""	""	"specs/FOUNDATIONAL-CODE-REVIEW.md"
"CsdLean4/LF5/Capstone.lean"	"record-dynamics-other"	"189"	"e7fd275cdf6f42aa5e41f5335b76580ad5152fdc"	"c33d80638feec5103225a8d99a837805236fd8247c92b7afca233d3c6f23bfb3"	"historical"	""	""	""	""	""	""	""	""	""	""	""	""	"specs/FOUNDATIONAL-CODE-REVIEW.md"
"CsdLean4/LF5/CapstoneCanonical.lean"	"record-dynamics-other"	"102"	"39597875dbd78571b5b91b7f9df75048804a90bd"	"5093e61d41815645ea476c9241f3e7daab6ab74f7733adc3be6d4263fee35fe7"	"historical"	""	""	""	""	""	""	""	""	""	""	""	""	"specs/FOUNDATIONAL-CODE-REVIEW.md"
"CsdLean4/LF5/DilationFromFlow.lean"	"record-dynamics-other"	"508"	"d52ce81ea2566565199d64cb37d623b961e0fc2a"	"13e9b2b64ba8c8bd92a3f2f0754e3d2fdd4a8a81d20a5d253c765af65713be0f"	"historical"	""	""	""	""	""	""	""	""	""	""	""	""	"specs/FOUNDATIONAL-CODE-REVIEW.md"
"CsdLean4/LF5/FlowBornFrequency.lean"	"record-dynamics-other"	"225"	"dab2566a4c0f49e0520e15a2a6aa366fb185bc7d"	"e0e1c6f9d1c44ccfd21d5fe8534084441b4c6bd95a8962a3c70d4406330df693"	"historical"	""	""	""	""	""	""	""	""	""	""	""	""	"specs/FOUNDATIONAL-CODE-REVIEW.md"
"CsdLean4/LF5/MeasurementFlow.lean"	"record-dynamics-other"	"240"	"eb4f975c641189b55bd384747acd1677dea0fa49"	"30f23e9ba4fa9c4a42c1372407a5980810e669cd0b3fe731ec2e86ef7a12489d"	"historical"	""	""	""	""	""	""	""	""	""	""	""	""	"specs/FOUNDATIONAL-CODE-REVIEW.md"
"CsdLean4/LF5/PointerOutcome.lean"	"record-dynamics-other"	"243"	"72f5a03d6a6e8a6df7772fa976a99cb6b64d05d5"	"5e9a4eed5b2129202066e6460adb16dcc3f093b6e174738e5f724bcd3846a67a"	"historical"	""	""	""	""	""	""	""	""	""	""	""	""	"specs/FOUNDATIONAL-CODE-REVIEW.md"
"CsdLean4/LF5/SyndromeFlow.lean"	"record-dynamics-other"	"571"	"c9919cf7552d9bcd78609cd4852ab3cf62fdcb87"	"5f5da56a3bd0942e53e47aecf6c9c71a1c277bcbe2cb936e0c520793517476a4"	"historical"	""	""	""	""	""	""	""	""	""	""	""	""	"specs/FOUNDATIONAL-CODE-REVIEW.md"
"CsdLean4/LF5/SyndromeOutcome.lean"	"record-dynamics-other"	"341"	"256d5c34838c684b452a43d69ff3fc6fca0eeb9c"	"4c0aa4b0070546ad5f45dcf3e5b6bfb5cd9d95b1c3ac3385878b370e21a2e529"	"historical"	""	""	""	""	""	""	""	""	""	""	""	""	"specs/FOUNDATIONAL-CODE-REVIEW.md"
"CsdLean4/LF5/VonNeumannUnitary.lean"	"record-dynamics-other"	"142"	"8c7f1a5d69c53b277ace4c57595b4dc4440dab3d"	"fda8c567fe5342aa65137a87281fd15c838948786ac3d1566c9d4b533de3f2cc"	"historical"	""	""	""	""	""	""	""	""	""	""	""	""	"specs/FOUNDATIONAL-CODE-REVIEW.md"
"CsdLean4/LF6/AmplitudeDamping.lean"	"record-dynamics-other"	"182"	"bd39f6721ce0389dc7ae63504e908a412228c9bb"	"0f9f61c29f8196b3ae7b01b34c4f4675ece227f2ea3611ac8d032711e8eed38d"	"historical"	""	""	""	""	""	""	""	""	""	""	""	""	"specs/FOUNDATIONAL-CODE-REVIEW.md"
"CsdLean4/LF6/BlochContraction.lean"	"record-dynamics-other"	"234"	"58c5e62d23fc2d2c2fa9a50c47440ad4776d4829"	"c3bc8218ff9940ea8b1eb3baa1682063109a9b967122e4c77aacf8cae5805938"	"unreviewed"	""	""	""	""	""	""	""	""	""	""	""	""	""
"CsdLean4/LF6/C1BellConsistency.lean"	"record-dynamics-other"	"684"	"2e44f72e4a2270c5bdd3ff84409032bdf8056955"	"f9db6114d5008fcb35d3f09631a357f75cd847f20a0405424a688ed7c114f286"	"unreviewed"	""	""	""	""	""	""	""	""	""	""	""	""	""
"CsdLean4/LF6/CGLMPQudit.lean"	"record-dynamics-other"	"621"	"0febf4e272787ab2806d1cef43aba85a6020bdcc"	"352dedf4f942308d67ef3c464ba81f8c26f425c7fc34aad3d6f7b61b04a5e171"	"historical"	""	""	""	""	""	""	""	""	""	""	""	""	"specs/FOUNDATIONAL-CODE-REVIEW.md"
"CsdLean4/LF6/CGLMPQutrit.lean"	"record-dynamics-other"	"409"	"adc4bad4723aa470d689b22320f0b0e823eb8c77"	"dd4cb2b41f2e30812fda1ed25e65a587a6c366d55b4a4f4a088034bc2d9c17ca"	"historical"	""	""	""	""	""	""	""	""	""	""	""	""	"specs/FOUNDATIONAL-CODE-REVIEW.md"
"CsdLean4/LF6/Decoherence.lean"	"record-dynamics-other"	"578"	"56b64dcee0e741983ee71a64fd8fdf02efbc14c2"	"1dc1d85a39c5d828459e76b756fd11771669d34a166231181a97cfbd491b2ed5"	"historical"	""	""	""	""	""	""	""	""	""	""	""	""	"specs/FOUNDATIONAL-CODE-REVIEW.md"
"CsdLean4/LF6/DecoherenceChannel.lean"	"record-dynamics-other"	"95"	"2e153494f2d9af2e79d08d3bdb9c893d1c1fa644"	"a69f4fc4576eb862c689c107d751a8c01c7a320a5dae413eacd373be3a841b16"	"unreviewed"	""	""	""	""	""	""	""	""	""	""	""	""	""
"CsdLean4/LF6/DeisolationCapacity.lean"	"record-dynamics-other"	"133"	"b85b24898eb2a6c269a4103ff380e8336a3c8b6a"	"68b54250d39067e3ac26bd7d909a2cede7c8ee31348729a13ed198cf5d68272b"	"unreviewed"	""	""	""	""	""	""	""	""	""	""	""	""	""
"CsdLean4/LF6/DephasingSemigroup.lean"	"record-dynamics-other"	"145"	"58672b60e737c0c3e6ffed737063587b6a3786d7"	"6a09427e370cc845d9b46c55c46b9053aaef9e32baead0893ab0caa527b72221"	"historical"	""	""	""	""	""	""	""	""	""	""	""	""	"specs/FOUNDATIONAL-CODE-REVIEW.md"
"CsdLean4/LF6/ForcedContextuality.lean"	"record-dynamics-other"	"274"	"fbac2e84514c7c38821c07314f8bf243bc4905a9"	"ef540fd3532b6bd2267a54e4b9135201babf51af2b3b1901f20aa4fe5d836be3"	"historical"	""	""	""	""	""	""	""	""	""	""	""	""	"specs/FOUNDATIONAL-CODE-REVIEW.md"
"CsdLean4/LF6/GHZContextuality.lean"	"record-dynamics-other"	"411"	"42e607956d4c279e98fc931a3e095ab34c76109e"	"43f03b59d8762ac9291bb68b838c43912801105c7d1b86311f2dc6ff95a0fc57"	"historical"	""	""	""	""	""	""	""	""	""	""	""	""	"specs/FOUNDATIONAL-CODE-REVIEW.md"
"CsdLean4/LF6/GHZDeisolationFlow.lean"	"record-dynamics-other"	"368"	"a3459e2169f5cc5351a2d8d712ef524aac696f0d"	"a4c42fe9f7c20c530a5c60ce589e9b7612e444bb5db831abe0c748eac93e08be"	"historical"	""	""	""	""	""	""	""	""	""	""	""	""	"specs/FOUNDATIONAL-CODE-REVIEW.md"
"CsdLean4/LF6/GHZLocalFlow.lean"	"record-dynamics-other"	"655"	"36eb461e930816f49a7190983d429b38c7ba47fe"	"4ecc0b40e3f253d273580ec05517bd7744c4fb451047f3043c35ba725c476d54"	"historical"	""	""	""	""	""	""	""	""	""	""	""	""	"specs/FOUNDATIONAL-CODE-REVIEW.md"
"CsdLean4/LF6/GHZMerminCarve.lean"	"record-dynamics-other"	"628"	"8b0b5d00e9e9cb1cf0a64f7b73fd3b9ef7f83d05"	"479a242e0b56ec3fb9147fe5cab9bae4e3da40600e4d278093adf7dab1c45444"	"historical"	""	""	""	""	""	""	""	""	""	""	""	""	"specs/FOUNDATIONAL-CODE-REVIEW.md"
"CsdLean4/LF6/GHZnDeisolationFlow.lean"	"record-dynamics-other"	"963"	"d13c495d2f6aafb5f16b05141e60b91de9c95b28"	"499c1b7093aa526485e473b07112c76e4e52c5131829b4921e9615fbfdace2d9"	"historical"	""	""	""	""	""	""	""	""	""	""	""	""	"specs/FOUNDATIONAL-CODE-REVIEW.md"
"CsdLean4/LF6/GisinTheorem.lean"	"record-dynamics-other"	"180"	"f7da0a23016da9de30d6f16b805f4255a9f6a0ec"	"ebc771728183e51cee7e2be1ccee147b4fc011ed5edeabe955780d3838451503"	"historical"	""	""	""	""	""	""	""	""	""	""	""	""	"specs/FOUNDATIONAL-CODE-REVIEW.md"
"CsdLean4/LF6/LindbladGenerator.lean"	"record-dynamics-other"	"263"	"8471820cc4a6dc711fd10d8e9817d3e6cf0d6cd6"	"39be96a9b35840e95d3be4fae2c8bfda56b66bc1702aa324662d1691b75c9185"	"historical"	""	""	""	""	""	""	""	""	""	""	""	""	"specs/FOUNDATIONAL-CODE-REVIEW.md"
"CsdLean4/LF6/LindbladPositivity.lean"	"record-dynamics-other"	"695"	"102348f983aeedae9ba4db797f7a3f3333e4e79b"	"1f41168409c7c05d128088b4c18e1e6b84a0998993708c75cdc0820c6f75e33f"	"unreviewed"	""	""	""	""	""	""	""	""	""	""	""	""	""
"CsdLean4/LF6/LindbladSemigroup.lean"	"record-dynamics-other"	"313"	"49f0f6e47cdf147cf8bb0da0d99758eef623dcd2"	"0320164f74f4c32c5b3da80e92b824f846eb37a2db02b05d764f7e6a9af25bfa"	"unreviewed"	""	""	""	""	""	""	""	""	""	""	""	""	""
"CsdLean4/LF6/LocalDeisolationFlow.lean"	"record-dynamics-other"	"677"	"1a9f5337764b96da0d632294fcc6a982eab7d2a4"	"d3fcfb3f31204eb855e052057f60e80a4c25669e4b6999bc2d3f0844bd9da495"	"historical"	""	""	""	""	""	""	""	""	""	""	""	""	"specs/FOUNDATIONAL-CODE-REVIEW.md"
"CsdLean4/LF6/MaxEntangledCGLMPCapstone.lean"	"record-dynamics-other"	"128"	"5053031a9961604caa8ea230c38fc969a36050cb"	"9972f0476d2ac6c15b041388f6c92b93e9437bcfd4b073bff45bbb7037a87d30"	"historical"	""	""	""	""	""	""	""	""	""	""	""	""	"specs/FOUNDATIONAL-CODE-REVIEW.md"
"CsdLean4/LF6/MaxEntangledDeisolationFlow.lean"	"record-dynamics-other"	"759"	"c87cb1ab828e87e1c5a8f052ccb9cee69f40da7a"	"940d9e0eddbdc5f9b2062bb8821f074fe67a2b209ed82dbdcbac56cf0c141cf9"	"historical"	""	""	""	""	""	""	""	""	""	""	""	""	"specs/FOUNDATIONAL-CODE-REVIEW.md"
"CsdLean4/LF6/MeasurementFlowChannel.lean"	"record-dynamics-other"	"175"	"3de971a4db729dfec76febbad2e86ee81d0ea823"	"93424bd8fca6ee66dc4e75c655b9f181c69df3a2ae400274d14849ebf940cd92"	"unreviewed"	""	""	""	""	""	""	""	""	""	""	""	""	""
"CsdLean4/LF6/NudgeLocality.lean"	"record-dynamics-other"	"392"	"a91e341b8949f6df8e006c3951701e58155794e4"	"c25a8f8e32c7c278a90cac48dde73cd15a9dc9e576445281cb60cfaae61a52fb"	"unreviewed"	""	""	""	""	""	""	""	""	""	""	""	""	""
"CsdLean4/LF6/PartialSchmidtCorrelation.lean"	"record-dynamics-other"	"145"	"ffdce90f991a0c8c0d3547a3d311cfb5c76f172f"	"8628bab26ab58a10f42b54334a87320939284ce1a5faca3cdd99d77186661dc7"	"historical"	""	""	""	""	""	""	""	""	""	""	""	""	"specs/FOUNDATIONAL-CODE-REVIEW.md"
"CsdLean4/LF6/SingletDeisolationFlow.lean"	"record-dynamics-other"	"538"	"7330d3a17fe3f5529d4a1d3b1e375c50cf56a979"	"f9ce24b16d4e40eea6760f907660ed4964365f89d3543f8e884df676abc2d175"	"historical"	""	""	""	""	""	""	""	""	""	""	""	""	"specs/FOUNDATIONAL-CODE-REVIEW.md"
"CsdLean4/Mathlib/Analysis/CStarAlgebra/OperatorConvexCFC.lean"	"library"	"210"	"ffebe5beafbb9c6a057d3c3fa90bc037745b16ae"	"4d159d48da46a5544ad60c5d016c7cb9bc3c74b1d9d5490f2b33226dfa42f916"	"unreviewed"	""	""	""	""	""	""	""	""	""	""	""	""	""
"CsdLean4/Mathlib/Analysis/InformationGeometry/FisherRao.lean"	"library"	"176"	"5a963afeae345ae8ffd289a0322b6ebb2c6c3627"	"c3c94848e68064cb305bdd2846219276cb1a262fb2f9f3b062bdd012bbf08387"	"historical"	""	""	""	""	""	""	""	""	""	""	""	""	"specs/reviews/history.md#bridge-reviews-september-1617"
"CsdLean4/Mathlib/Analysis/InformationGeometry/FubiniStudyFisherRao.lean"	"library"	"468"	"585d0e182a289cb821ec00786fd75a04d3b12298"	"9e78ed37160a1fcf97a9c75634d877826e31a1c714ca18796ec95e061a09d54e"	"historical"	""	""	""	""	""	""	""	""	""	""	""	""	"specs/reviews/history.md#bridge-reviews-september-1617"
"CsdLean4/Mathlib/Analysis/InnerProductSpace/HamiltonianVectorField.lean"	"library"	"167"	"c9c7f2dacb6d6f4f8834df5fe11e999cf3eb37a1"	"576c5ac79469d98b326122ccf85f8cc3f15d5bf2490a33fc0a41e6d1455f2f1b"	"historical"	""	""	""	""	""	""	""	""	""	""	""	""	"specs/FOUNDATIONAL-CODE-REVIEW.md;specs/reviews/history.md#bridge-reviews-september-1617"
"CsdLean4/Mathlib/Analysis/InnerProductSpace/KahlerClosed.lean"	"library"	"162"	"25c71fee61fe70497564c6304e58a9866cff1f5b"	"3be3b56548ead3dd9eee212c88fbd7cd0b48fec8021c679d538496cff73128c3"	"historical"	""	""	""	""	""	""	""	""	""	""	""	""	"specs/reviews/history.md#bridge-reviews-september-1617"
"CsdLean4/Mathlib/Analysis/InnerProductSpace/KahlerForm.lean"	"library"	"251"	"7a065a15823da8e727b3a549c2b0c1436eb18a58"	"32ad2009cdf723ad6b5f940a3947baeb4773f348bf5b67785e46510543ca2a02"	"historical"	""	""	""	""	""	""	""	""	""	""	""	""	"specs/FOUNDATIONAL-CODE-REVIEW.md;specs/reviews/history.md#bridge-reviews-september-1617"
"CsdLean4/Mathlib/Analysis/InnerProductSpace/KahlerPluriharmonic.lean"	"library"	"184"	"f70dc7f8572f4f73b83da2d8c6a995a33fb34e4f"	"586af5534c0c2682af1ed171fbd766d2c153094dbdfa38271ee64fca9b4dca4d"	"historical"	""	""	""	""	""	""	""	""	""	""	""	""	"specs/reviews/history.md#bridge-reviews-september-1617"
"CsdLean4/Mathlib/Analysis/InnerProductSpace/KahlerPotential.lean"	"library"	"298"	"52df96813161020b17fcda4e3baf7cf6afd8801f"	"410fc0e44dbec1f178eea738a81596b8994ad67cf058334f79a471dbe5fc3f4d"	"historical"	""	""	""	""	""	""	""	""	""	""	""	""	"specs/reviews/history.md#bridge-reviews-september-1617"
"CsdLean4/Mathlib/Analysis/InnerProductSpace/KahlerWedge.lean"	"library"	"99"	"564b188640868b43992d5615d8a3222b15ab903f"	"d526c275980f007960f88913f9d3eda28a8b85145303de04fd473dd8ccaea07a"	"unreviewed"	""	""	""	""	""	""	""	""	""	""	""	""	""
"CsdLean4/Mathlib/Analysis/Matrix/DuhamelBound.lean"	"library"	"146"	"db93c8bca01790fe4abe9ef3d5ad089d58d7c10c"	"2884c334745078f52c276c576f142adb9be38400fccc185cdb86eed70457156e"	"historical"	""	""	""	""	""	""	""	""	""	""	""	""	"specs/FOUNDATIONAL-CODE-REVIEW.md"
"CsdLean4/Mathlib/Analysis/Matrix/L2OpNormDiagonal.lean"	"library"	"72"	"de43a0b0e50d7ffb0589adb65bbe7e4f49d96c38"	"93304f49d67268882d4a18612e2a8e8cc6b3f31185a4e888df1574cf5c31bda2"	"unreviewed"	""	""	""	""	""	""	""	""	""	""	""	""	""
"CsdLean4/Mathlib/Analysis/Matrix/L2OpNormEntry.lean"	"library"	"70"	"7173dfda3dccc74c2dc0b1fdc2ad5054ad47d263"	"faf82df040ab8d2d86e0c73c66c1af7099ebba1a1bfbcd288dd667066dd3d7f3"	"historical"	""	""	""	""	""	""	""	""	""	""	""	""	"specs/FOUNDATIONAL-CODE-REVIEW.md"
"CsdLean4/Mathlib/Analysis/Matrix/OperatorConvex.lean"	"library"	"768"	"861fbd2a47ef3a20405d16e8f07f2d5b854f3678"	"97efcc105f10c813826c8ed276bd031697149302595e9a3e2d18a1e6a2492aaa"	"historical"	""	""	""	""	""	""	""	""	""	""	""	""	"specs/FOUNDATIONAL-CODE-REVIEW.md"
"CsdLean4/Mathlib/Analysis/Matrix/OperatorConvexBridge.lean"	"library"	"389"	"927f29e54624bf9f6228d6dc93c0f390cbdeca2e"	"34ec2976343d6c16070f60ea5c0f9efd796f311d5bea4846a6a7dd7f1c52088d"	"historical"	""	""	""	""	""	""	""	""	""	""	""	""	"specs/FOUNDATIONAL-CODE-REVIEW.md"
"CsdLean4/Mathlib/Analysis/Matrix/ProjectiveLift.lean"	"library"	"245"	"ab72a11f70c37972b94f7805dcf0511f92de5d55"	"996b8e78453daa1ea1e875882d59fa55fb488fb75d06142c340296ff19ca5f41"	"unreviewed"	""	""	""	""	""	""	""	""	""	""	""	""	""
"CsdLean4/Mathlib/Analysis/Matrix/SchrodingerUnitary.lean"	"library"	"153"	"f36a5000e73c8178fa2ecec06490e16ba09300ca"	"0c6f19de721afb879bcdcef6308fe5d9fb3a28418622bf38d4d9c1ac2aa65c4e"	"unreviewed"	""	""	""	""	""	""	""	""	""	""	""	""	""
"CsdLean4/Mathlib/Analysis/Matrix/StoneC1.lean"	"library"	"272"	"f23802e92275e196ff944b812ebe358e269a581f"	"cb10afe45a1b31cf2d214e595904731b6b73b86344667f24015b6141c6f0ecab"	"historical"	""	""	""	""	""	""	""	""	""	""	""	""	"specs/FOUNDATIONAL-CODE-REVIEW.md"
"CsdLean4/Mathlib/Analysis/Matrix/TrotterProduct.lean"	"library"	"316"	"dd7bc2753e7b9024643036ac58f62108ee1328bd"	"5c73d0fe63cf09a041aa1497667762dbb8db536b3876a5ef0d6517d4bb3a1f28"	"unreviewed"	""	""	""	""	""	""	""	""	""	""	""	""	""
"CsdLean4/Mathlib/Analysis/Normed/Lp/Matrix.lean"	"library"	"63"	"8dbc65d78578d7aa9f350fe1351ee465960a62db"	"5eb86b4bb27c855ac36b959f00e0a5fb13e68db0ce051646cf7ae290d0d07477"	"historical"	""	""	""	""	""	""	""	""	""	""	""	""	"specs/FOUNDATIONAL-CODE-REVIEW.md"
"CsdLean4/Mathlib/Analysis/Normed/Module/Alternating/Pullback.lean"	"library"	"282"	"bd2cb737d5ff56bc029bff41075a7f59b8088a59"	"c92acc194a959fdb8b7556661fb3f62a71fa8320848de07131df62059e7b86fa"	"historical"	""	""	""	""	""	""	""	""	""	""	""	""	"specs/reviews/history.md#bridge-reviews-september-1617"
"CsdLean4/Mathlib/Analysis/Normed/Module/Alternating/TopForm.lean"	"library"	"74"	"146c91e52aaf275910993632236193158aa0a310"	"d1a767fbaed82109419fc0ee879516f8d68dfb88b9e5b10ddf27226a2fe1f5ff"	"historical"	""	""	""	""	""	""	""	""	""	""	""	""	"specs/reviews/history.md#bridge-reviews-september-1617"
"CsdLean4/Mathlib/Analysis/Normed/Module/Alternating/Wedge.lean"	"library"	"213"	"5ec0a9aeefbd20489a98748d03cbac57eac24a23"	"fd2dd211dfe059cb03e765369e67472f876dbe28e49512767213cd1aab29bcf2"	"historical"	""	""	""	""	""	""	""	""	""	""	""	""	"specs/reviews/history.md#bridge-reviews-september-1617"
"CsdLean4/Mathlib/Analysis/Normed/Module/Alternating/WedgeCLM.lean"	"library"	"239"	"bdc21e1f83c918a8f12c5f0cdfc461fbb912792d"	"bcb53dc4ff54d18aecb9d5f4e3bb19f1a659fd354f85c748094f1293131f6702"	"historical"	""	""	""	""	""	""	""	""	""	""	""	""	"specs/reviews/history.md#bridge-reviews-september-1617"
"CsdLean4/Mathlib/Analysis/Normed/Module/Alternating/WedgeShuffle.lean"	"library"	"362"	"a39b80ed6eb88ca8d7b3db428c7eb3d9518bf475"	"480f6c28d765177eb01aad4c3c2c876da2e8096bb36e813815368993c3c4500d"	"historical"	""	""	""	""	""	""	""	""	""	""	""	""	"specs/reviews/history.md#bridge-reviews-september-1617"
"CsdLean4/Mathlib/Analysis/NormedSpace/TrotterGeneral.lean"	"library"	"384"	"7f8acafb4a788b63b9d96777fe5efef341d0fa35"	"0e6b4ad353e885a0ba7d02ab90d82aa93fc4687e2a593008186c80af21469c52"	"unreviewed"	""	""	""	""	""	""	""	""	""	""	""	""	""
"CsdLean4/Mathlib/Analysis/ODE/FlowDerivative.lean"	"library"	"443"	"a274a50e843af8f23a516b254cfe70157361468c"	"fe81743a478365b3006ce68d22fad92f75c8d041ff12145c63bc19567bea0ef9"	"unreviewed"	""	""	""	""	""	""	""	""	""	""	""	""	""
"CsdLean4/Mathlib/Analysis/SpecialFunctions/JapaneseBracketEuclidean.lean"	"library"	"83"	"59611e15a613f52f63f20ab02014441a6801ed32"	"5c4fd9074157f4249bb79fc095d5d84a7d424d489aa6a6d659a64c9d49dbfb37"	"historical"	""	""	""	""	""	""	""	""	""	""	""	""	"specs/reviews/history.md#bridge-reviews-september-1617"
"CsdLean4/Mathlib/Analysis/SpecialFunctions/JapaneseBracketIntegral.lean"	"library"	"190"	"c49da62b4f39221bbf770a05b733cacc1a9d1e49"	"16a7622f8cc650f53c73755a47630751cd9423d6ce3d19918f9354ea7824599d"	"historical"	""	""	""	""	""	""	""	""	""	""	""	""	"specs/reviews/history.md#bridge-reviews-september-1617"
"CsdLean4/Mathlib/Dynamics/CatMapWitness.lean"	"library"	"404"	"63ce62dadc03ada2c5d3b98475fe90481f80afcb"	"0f2cce3cb522213d023f76fc3d826516bcb491adce41bbcce58148e45fc6688c"	"unreviewed"	""	""	""	""	""	""	""	""	""	""	""	""	""
"CsdLean4/Mathlib/Dynamics/CompactGroupNoMixing.lean"	"library"	"135"	"5ad6bb0640054de8a07bbb27206d9f8a8c44a2c9"	"e0ed0d93d8d3b3aa14c7bf859419e01c7d52dfc0f43174de4cc0400812c4e5e3"	"unreviewed"	""	""	""	""	""	""	""	""	""	""	""	""	""
"CsdLean4/Mathlib/Dynamics/CorrelationDecay.lean"	"library"	"437"	"b1378608f8732676d88193208070970bf47bb5b2"	"1ede20d919ac2a942756b2db39193ec6675d6f8a64f514596f1fe3eea6bb2494"	"unreviewed"	""	""	""	""	""	""	""	""	""	""	""	""	""
"CsdLean4/Mathlib/Dynamics/CorrelationDecayWitness.lean"	"library"	"308"	"ce9f7a09bbfa68fc7c6f9a75abe82f04535d879e"	"d62a60465cb2b1342b60b72d61df285072247af7f141998fa111408a5937dc2e"	"unreviewed"	""	""	""	""	""	""	""	""	""	""	""	""	""
"CsdLean4/Mathlib/Dynamics/Kac.lean"	"library"	"286"	"9f65a20a386ceaeb69574dae8ab7385fff906ad1"	"3b30d6636ecf753f8de038d0fc8539cb6a7ab3bb902a6baa9f3e2af143578c5b"	"unreviewed"	""	""	""	""	""	""	""	""	""	""	""	""	""
"CsdLean4/Mathlib/Geometry/Manifold/DifferentialForm.lean"	"library"	"88"	"1c24cc5d4272e0ce415883b0be90c56cc86135f9"	"c4aa0510ff3850af00aa25805c1109b2c9add65bb9c5fe2a628279cd757e93cf"	"historical"	""	""	""	""	""	""	""	""	""	""	""	""	"specs/reviews/history.md#bridge-reviews-september-1617"
"CsdLean4/Mathlib/Geometry/Manifold/ExteriorDerivative.lean"	"library"	"490"	"7da43d269652697aa94613e1244d7b574a851ce8"	"d6471bb4b64c5866f5956bd7032768207353d2f57f980621a4302b5251216770"	"historical"	""	""	""	""	""	""	""	""	""	""	""	""	"specs/reviews/history.md#bridge-reviews-september-1617"
"CsdLean4/Mathlib/Geometry/Manifold/FormInvariance.lean"	"library"	"236"	"69cdd75599022fd344451e1af6c9cf6f242e2d9a"	"75a738aaff4d25df1466990d427d9180abc66b9f98a733246fb29dd49da3d507"	"unreviewed"	""	""	""	""	""	""	""	""	""	""	""	""	""
"CsdLean4/Mathlib/Geometry/Manifold/HamiltonianFlowVolume.lean"	"library"	"480"	"7e8ae799eebdcf59f9f2861f7510c41020319502"	"426d339c39db6c7d0352b6e8ac0bd4d2e9ade367c6043cf89ea1e087e816730e"	"unreviewed"	""	""	""	""	""	""	""	""	""	""	""	""	""
"CsdLean4/Mathlib/Geometry/Manifold/HamiltonianLieDerivative.lean"	"library"	"263"	"62db4811e01d47f54bb8085b079507770a5cb7f1"	"19cc59b30356f8881429773a631f2d811a4b8e28b0987261f5f47ae65d85982b"	"unreviewed"	""	""	""	""	""	""	""	""	""	""	""	""	""
"CsdLean4/Mathlib/Geometry/Manifold/HamiltonianVectorField.lean"	"library"	"1417"	"05380080fdfae0a1950499c79a539119d79d9f98"	"2e7dcf7709b960f9a12eb99a5f9b36b793ea60d7b6f97808a02f94a683d71ad3"	"historical"	""	""	""	""	""	""	""	""	""	""	""	""	"specs/reviews/history.md#bridge-reviews-september-1617"
"CsdLean4/Mathlib/Geometry/Manifold/HolomorphicVectorField.lean"	"library"	"106"	"41ce57ea5f196525418c1fd200bcedbda7e30e7c"	"c5d9a20c24c8eab30949b332ed7b2ffff27580c3410ca686a59a0c3a0f47f905"	"unreviewed"	""	""	""	""	""	""	""	""	""	""	""	""	""
"CsdLean4/Mathlib/Geometry/Manifold/Instances/AddCircle.lean"	"library"	"146"	"0c58dd8079a9bfa72675a81cdae4ddad6d15aa05"	"e41c9ebbf369afa46d4d2a88f0bcc72d9987e0a1126b4375232fed72e7cfabe0"	"unreviewed"	""	""	""	""	""	""	""	""	""	""	""	""	""
"CsdLean4/Mathlib/Geometry/Manifold/Instances/AddCircleTranslation.lean"	"library"	"229"	"f552f5866d6677f72a11bdede4be714ffa8f2299"	"b74a02ea3c48d6a67cae2d0450cf15cc040155fb0e248a9960f481d693b4a07e"	"unreviewed"	""	""	""	""	""	""	""	""	""	""	""	""	""
"CsdLean4/Mathlib/Geometry/Manifold/Instances/ProjectiveSpace.lean"	"library"	"339"	"bf6b86ec9aee445ccf6585eb47e5248648a50b66"	"f28a2a809932f296c881d9834d823baa839ef0969d43550ab17780cfb5cca4ad"	"historical"	""	""	""	""	""	""	""	""	""	""	""	""	"specs/reviews/history.md#bridge-reviews-september-1617"
"CsdLean4/Mathlib/Geometry/Manifold/Instances/ProjectiveSpaceChartCover.lean"	"library"	"63"	"2ba5ccb455bf5973ca709ad138f93015eb48e146"	"08de7a7e9b57562cc3e567e63ffe51aaa057fbfdcc35e46ce57739fbc1a0269b"	"historical"	""	""	""	""	""	""	""	""	""	""	""	""	"specs/reviews/history.md#bridge-reviews-september-1617"
"CsdLean4/Mathlib/Geometry/Manifold/Instances/ProjectiveSpaceFisherRao.lean"	"library"	"600"	"913fc2295801f8e242729e863e8c4d3dae826d17"	"585aa5facdaf8ffa695ef90905f99ba774352ecf945dc44d139b69c8e57c04fa"	"historical"	""	""	""	""	""	""	""	""	""	""	""	""	"specs/reviews/history.md#bridge-reviews-september-1617"
"CsdLean4/Mathlib/Geometry/Manifold/Instances/ProjectiveSpaceFubiniStudy.lean"	"library"	"231"	"056a81ec3b84bce0d118bc964ec78917fcbe6852"	"93b9075ed5c23c8b90b2f8d5191bc96929d47b01a548d058c11de9c72ff5fbef"	"historical"	""	""	""	""	""	""	""	""	""	""	""	""	"specs/reviews/history.md#bridge-reviews-september-1617"
"CsdLean4/Mathlib/Geometry/Manifold/Instances/ProjectiveSpaceFubiniStudyForm.lean"	"library"	"447"	"f9a748f15b94a2be1f7550aba957703658907621"	"d3d132e424725467a85d265519cdc4e6d13c48461bf92b819bce1e660c5424b3"	"historical"	""	""	""	""	""	""	""	""	""	""	""	""	"specs/reviews/history.md#bridge-reviews-september-1617"
"CsdLean4/Mathlib/Geometry/Manifold/Instances/ProjectiveSpaceFubiniStudyInvariance.lean"	"library"	"62"	"0b38c6735e940b66cc52e69501d4ce670791fe3d"	"f5ded37af8b32080d913ee0d9f14228c1b3b3c9996e989000c10f3cb0bb7964c"	"unreviewed"	""	""	""	""	""	""	""	""	""	""	""	""	""
"CsdLean4/Mathlib/Geometry/Manifold/Instances/ProjectiveSpaceFubiniStudyMass.lean"	"library"	"449"	"61c4c4af33fcff47627b303278630bb55bce8b9b"	"618ff0b7d90d3a25cd6a49edd9d89150076cd1405b62d3c95ec0f28ab60cafff"	"historical"	""	""	""	""	""	""	""	""	""	""	""	""	"specs/reviews/history.md#bridge-reviews-september-1617"
"CsdLean4/Mathlib/Geometry/Manifold/Instances/ProjectiveSpaceFubiniStudyRiemannian.lean"	"library"	"405"	"6e52e99cc090a0ceff166cc43a0c58bfa021e7d4"	"c634eb13d401ade5056493c9dcc2edb97fe7ee2e2f5b49a9cb5e35f468a862f8"	"historical"	""	""	""	""	""	""	""	""	""	""	""	""	"specs/reviews/history.md#bridge-reviews-september-1617"
"CsdLean4/Mathlib/Geometry/Manifold/Instances/ProjectiveSpaceFubiniStudySymplectic.lean"	"library"	"376"	"e3bf3ba0b55035fee974a55681e925e60a782df7"	"18ea1cc98aa27ba545425bb315a964721561751fa89c9b657297291e280435b7"	"historical"	""	""	""	""	""	""	""	""	""	""	""	""	"specs/reviews/history.md#bridge-reviews-september-1617"
"CsdLean4/Mathlib/Geometry/Manifold/Instances/ProjectiveSpaceFubiniStudyVolume.lean"	"library"	"330"	"e9c2c5d1eb8ef6014ab82018b56b3937b499c618"	"1d399e28130dcccb14629347fa736230e02f3e0e766344c97faff30d7e9e18fa"	"historical"	""	""	""	""	""	""	""	""	""	""	""	""	"specs/reviews/history.md#bridge-reviews-september-1617"
"CsdLean4/Mathlib/Geometry/Manifold/Instances/ProjectiveSpaceHamiltonianFlow.lean"	"library"	"62"	"f569c54c969a8686e480e9ef5e5a5f31cece4a54"	"f13620835eb7bc8155d60e621d3828d70ae646e3c6e5a1b737a5f8bc4f872e9d"	"unreviewed"	""	""	""	""	""	""	""	""	""	""	""	""	""
"CsdLean4/Mathlib/Geometry/Manifold/Instances/ProjectiveSpaceMomentMap.lean"	"library"	"690"	"c91560f8f5112ccb99bacff09291c0e0144751b0"	"1598b903061ea9e1438485e756ea22204038bf544a48fad49f5f40c31624a561"	"historical"	""	""	""	""	""	""	""	""	""	""	""	""	"specs/reviews/history.md#bridge-reviews-september-1617"
"CsdLean4/Mathlib/Geometry/Manifold/Instances/ProjectiveSpaceSchrodingerFlow.lean"	"library"	"815"	"473241101a5a0a6c19523b380fa207cf46f34fca"	"672585fa74cb831f27a73b118e1857b5c875d6a634c17182399ab29da08f687f"	"unreviewed"	""	""	""	""	""	""	""	""	""	""	""	""	""
"CsdLean4/Mathlib/Geometry/Manifold/Instances/ProjectiveSpaceSchrodingerHolomorphic.lean"	"library"	"265"	"9d63663272cb3799b65ad0b7db5a3ee9439fa489"	"8816cc0a5d95ce3b30dc9e376b0363202c704f3e30b8164cadb6225ced813410"	"unreviewed"	""	""	""	""	""	""	""	""	""	""	""	""	""
"CsdLean4/Mathlib/Geometry/Manifold/Instances/ProjectiveSpaceTorusVolume.lean"	"library"	"319"	"8ee1df8c76432bac90c6a4c7b9f1495c209dc007"	"c33c88b26c091d23eee39c39f4180a66480be1df61d0503fceb53eaf9a449994"	"unreviewed"	""	""	""	""	""	""	""	""	""	""	""	""	""
"CsdLean4/Mathlib/Geometry/Manifold/Instances/ProjectiveSpaceUnitaryAction.lean"	"library"	"254"	"d5d390e9e022395f11ecf5efc497d1c4fb1e76b6"	"d0050567f2d2a9b9dd8543d13d33ccd2c1748d0219ce39875be8a7a893d6a4b3"	"historical"	""	""	""	""	""	""	""	""	""	""	""	""	"specs/reviews/history.md#bridge-reviews-september-1617"
"CsdLean4/Mathlib/Geometry/Manifold/IntegralCurve/FlowContinuity.lean"	"library"	"300"	"f132f0906bf06ac09b8221efa290db25d7f1ac9d"	"542adfce5f018623ff4078088b0b93fd7aed284bac99dec4b307206784f94cd0"	"unreviewed"	""	""	""	""	""	""	""	""	""	""	""	""	""
"CsdLean4/Mathlib/Geometry/Manifold/IntegralCurve/GlobalFlow.lean"	"library"	"301"	"f0e8fdc6bba729560ec412c6768489aa62215fc2"	"ddf2a514cae9cbede1e7d29fdcd276d6ea29337a5057a2f15a236a1263ce3985"	"historical"	""	""	""	""	""	""	""	""	""	""	""	""	"specs/reviews/history.md#bridge-reviews-september-1617"
"CsdLean4/Mathlib/Geometry/Manifold/ProductForm.lean"	"library"	"390"	"eb6c80e532e18f5490fa61bdd8a19e515d2b1fb0"	"549246bee07572684ce9794180f08469de0df1c5b7528a89e0ff0500e2a7b774"	"unreviewed"	""	""	""	""	""	""	""	""	""	""	""	""	""
"CsdLean4/Mathlib/Geometry/Manifold/ProductSelfModel.lean"	"library"	"197"	"6a5badb49c081b03e1daf2b2f2bb9225e61e2b4b"	"068ab18a742986bfa05f59462c371cf2707bf56d2c12c695a795c99358076c4f"	"unreviewed"	""	""	""	""	""	""	""	""	""	""	""	""	""
"CsdLean4/Mathlib/Geometry/Manifold/RiemannianVolume.lean"	"library"	"515"	"37ed09c05cb081f5b35570c82aa75a1fe52f4259"	"3ff10122a4d4d0daf9846577c53af639e84ad14576e5e4edf1d26a51f832e327"	"historical"	""	""	""	""	""	""	""	""	""	""	""	""	"specs/reviews/history.md#bridge-reviews-september-1617"
"CsdLean4/Mathlib/Geometry/Manifold/SymplecticForm.lean"	"library"	"67"	"ba5e3fad00beee83c2d32ec03efb3220c0146e32"	"1d3a57da3431c2fcc357b28ba4708091653e04a3c8e7d3549ce648db292578e4"	"historical"	""	""	""	""	""	""	""	""	""	""	""	""	"specs/reviews/history.md#bridge-reviews-september-1617"
"CsdLean4/Mathlib/Geometry/Manifold/TopFormMeasure.lean"	"library"	"594"	"8b917ccccd14258719e64e475c3b05d38f128ae6"	"8e762f46c6e989d3ac539d8b0a1218bb235f86bf66c297f32e9762f91e38855b"	"historical"	""	""	""	""	""	""	""	""	""	""	""	""	"specs/reviews/history.md#bridge-reviews-september-1617"
"CsdLean4/Mathlib/Geometry/Manifold/TranslationAtlasForm.lean"	"library"	"342"	"741eb85755a6ea03e1a89766a7b75f4f56d1904c"	"fc177322bd42281fc8ee75071a40b799099f54268a1845ab68bcc0e71e86a732"	"unreviewed"	""	""	""	""	""	""	""	""	""	""	""	""	""
"CsdLean4/Mathlib/Geometry/Manifold/VectorBundle/AlternatingMap.lean"	"library"	"132"	"df48819b3cd2f5aa7e7b56539307671a0c4d1635"	"0bfef1a2f0ea34d1604b7b1b5f90b451e7a02abb92440c5237f08ae2b59607ac"	"historical"	""	""	""	""	""	""	""	""	""	""	""	""	"specs/reviews/history.md#bridge-reviews-september-1617"
"CsdLean4/Mathlib/Geometry/Manifold/WedgeForm.lean"	"library"	"353"	"cbb44abaa32f5aa25e2f53995ccf85b9bdd8d06e"	"8c950b362797773939ab214ebfa84ae9f36a8983e43ff129303e357187e939e4"	"historical"	""	""	""	""	""	""	""	""	""	""	""	""	"specs/reviews/history.md#bridge-reviews-september-1617"
"CsdLean4/Mathlib/Geometry/Manifold/WedgePowPairs.lean"	"library"	"232"	"0fe2dd034dc651cd0f3977f358e74b25ab744452"	"5a886b3ca04216bcf146814ed9cc253fa7c3317ae977d8122adfcec546d1303b"	"unreviewed"	""	""	""	""	""	""	""	""	""	""	""	""	""
"CsdLean4/Mathlib/LinearAlgebra/Matrix/KroneckerAlgHom.lean"	"library"	"163"	"e09ee5adafb5637fd976c28cc414dd311aa7f38b"	"d679506ad6e0668c50092942ef7b7699c4ff7f8e59caf28f14856bebbdba8d80"	"unreviewed"	""	""	""	""	""	""	""	""	""	""	""	""	""
"CsdLean4/Mathlib/LinearAlgebra/Matrix/PartialTrace.lean"	"library"	"464"	"142212fd1e1fea81f9c1e4f113f83bae1b0a1c70"	"e8e2c35976f806d1d9ec4b860ceba205a5c50471696c33b18e6a280d2d15b99b"	"historical"	""	""	""	""	""	""	""	""	""	""	""	""	"specs/FOUNDATIONAL-CODE-REVIEW.md"
"CsdLean4/Mathlib/LinearAlgebra/Matrix/UnitaryCompact.lean"	"library"	"159"	"a2dbada0f22fc596168ee02cdbaa5f2b0b01ef75"	"412d950a30d99441f9c936ebfe9f162b101846a28bcc5c269ff45066ff5aafd6"	"historical"	""	""	""	""	""	""	""	""	""	""	""	""	"specs/FOUNDATIONAL-CODE-REVIEW.md;specs/reviews/history.md#bridge-reviews-september-1617"
"CsdLean4/Mathlib/LinearAlgebra/Matrix/UnitaryHaar.lean"	"library"	"57"	"600c1af3a6ae3132fc0c6574629dd6e7ac732f14"	"f2064885fc565f8ef5addd548dbd74e6e7777a47b24aae5c14347469b5e1c1e6"	"historical"	""	""	""	""	""	""	""	""	""	""	""	""	"specs/FOUNDATIONAL-CODE-REVIEW.md;specs/reviews/history.md#bridge-reviews-september-1617"
"CsdLean4/Mathlib/LinearAlgebra/Projectivization/Bargmann.lean"	"library"	"339"	"000dc8a1e460429de574b17b7141f1887e394da5"	"b267ce3e25809ce220d159248e961fc65ede5993024c3c68dc6a5c2f64400c7b"	"historical"	""	""	""	""	""	""	""	""	""	""	""	""	"specs/FOUNDATIONAL-CODE-REVIEW.md"
"CsdLean4/Mathlib/LinearAlgebra/Projectivization/BargmannContinuity.lean"	"library"	"93"	"d257338574c4adbab4ff8be56b507a21089a1595"	"0775932199e098a7b3e531b637a12d52977b9ed71bb1515ca1bdb9031e0b8856"	"unreviewed"	""	""	""	""	""	""	""	""	""	""	""	""	""
"CsdLean4/Mathlib/LinearAlgebra/Projectivization/FubiniStudy.lean"	"library"	"213"	"0fc95ee7dd010ed4608c20c31da78e031aa0224e"	"8986070ae60d778a10b35e121100d38572fbc41d2714e1fb71779a5253bed69f"	"historical"	""	""	""	""	""	""	""	""	""	""	""	""	"specs/FOUNDATIONAL-CODE-REVIEW.md;specs/reviews/history.md#bridge-reviews-september-1617"
"CsdLean4/Mathlib/LinearAlgebra/Projectivization/FubiniStudyLebesgue.lean"	"library"	"588"	"6b6c380ef01dcad70401e5a2df831624e71b71f3"	"5714648f2ee4fea76627b6e8823195ad326e1dfbf2377dfa7f3c1d2553cd0b6d"	"unreviewed"	""	""	""	""	""	""	""	""	""	""	""	""	""
"CsdLean4/Mathlib/LinearAlgebra/Projectivization/FubiniStudyUnique.lean"	"library"	"492"	"4e3562731e4710c874ded677b8b28b267f8ca280"	"e3c4177169ba767655a8299b78dd76d2f1fea0868736a99270f0fb2f00215e14"	"historical"	""	""	""	""	""	""	""	""	""	""	""	""	"specs/FOUNDATIONAL-CODE-REVIEW.md;specs/reviews/history.md#bridge-reviews-september-1617"
"CsdLean4/Mathlib/LinearAlgebra/Projectivization/MeasureSpace.lean"	"library"	"224"	"53fdd26e4de39785ba4fe0516edd269bd693b83a"	"888130b02ebd72aafd3fe3a327ad945e85516c942736d41142043342c5c82de9"	"historical"	""	""	""	""	""	""	""	""	""	""	""	""	"specs/FOUNDATIONAL-CODE-REVIEW.md;specs/reviews/history.md#bridge-reviews-september-1617"
"CsdLean4/Mathlib/LinearAlgebra/Projectivization/Metric.lean"	"library"	"167"	"af5987c423ba1944fcfc31636e28dcdb3edaf349"	"db37d64009598c5496c324af3e5dc2d4d11ba7349dd111659bee51edfe177f5b"	"unreviewed"	""	""	""	""	""	""	""	""	""	""	""	""	""
"CsdLean4/Mathlib/LinearAlgebra/Projectivization/MomentMap.lean"	"library"	"170"	"1fdfbfffd70a1c5cc7a31ed205531b53635b947d"	"5d35fb577a0dcabc48496386dc20791c20382074b16362887b087bd184de177d"	"historical"	""	""	""	""	""	""	""	""	""	""	""	""	"specs/reviews/history.md#bridge-reviews-september-1617"
"CsdLean4/Mathlib/LinearAlgebra/Projectivization/PhaseRigidity.lean"	"library"	"177"	"a71b4ea796a3a3d6a61b4968c18dda20b6f84f3a"	"7367ff5cee5e6338d59721510ad4ecc789b5210b02c56a09effb66ff5d8b99e6"	"historical"	""	""	""	""	""	""	""	""	""	""	""	""	"specs/FOUNDATIONAL-CODE-REVIEW.md"
"CsdLean4/Mathlib/LinearAlgebra/Projectivization/Topology.lean"	"library"	"461"	"91ea16a7d92fda783616159fb00cb6bfab20568f"	"5644a2deed3cfd20e5d4441c4bce88c19c5f6af3738b7c8a68fec4c8c90bdae6"	"historical"	""	""	""	""	""	""	""	""	""	""	""	""	"specs/FOUNDATIONAL-CODE-REVIEW.md;specs/reviews/history.md#bridge-reviews-september-1617"
"CsdLean4/Mathlib/LinearAlgebra/Projectivization/TransitionProbability.lean"	"library"	"294"	"90f35696f9724666daadacd0d1693a4c56fa84d8"	"58ca605b2c0a3ba7040b813ff93d7ad1a488f4fbbd7177dd3419109faf2b1ab7"	"historical"	""	""	""	""	""	""	""	""	""	""	""	""	"specs/FOUNDATIONAL-CODE-REVIEW.md;specs/reviews/history.md#bridge-reviews-september-1617"
"CsdLean4/Mathlib/LinearAlgebra/Projectivization/UnitSection.lean"	"library"	"248"	"94b76ae301b1e77d4417671618b00fd8643994ef"	"50e17e9d74c807b9838152d2f8e8b62d5aea7aef17bba2f7aba4a8c663999427"	"unreviewed"	""	""	""	""	""	""	""	""	""	""	""	""	""
"CsdLean4/Mathlib/LinearAlgebra/Projectivization/Unitary.lean"	"library"	"160"	"98bb3da7f7c8bd202f26131dfe93543c6ae47fa6"	"3a9a62fb135425288cadaf512bc80477864670a057b8de9f9e17f1743e9f6a06"	"historical"	""	""	""	""	""	""	""	""	""	""	""	""	"specs/FOUNDATIONAL-CODE-REVIEW.md;specs/reviews/history.md#bridge-reviews-september-1617"
"CsdLean4/Mathlib/LinearAlgebra/Projectivization/UnitaryTransitive.lean"	"library"	"243"	"0715a814c16461ec2f818f97594b1ef4a6b2b3ef"	"61973da450fab96c299520f7f931011469c5d03345e57e2bccf9aa78e2a34354"	"historical"	""	""	""	""	""	""	""	""	""	""	""	""	"specs/FOUNDATIONAL-CODE-REVIEW.md;specs/reviews/history.md#bridge-reviews-september-1617"
"CsdLean4/Mathlib/LinearAlgebra/Projectivization/WignerRigidity.lean"	"library"	"3219"	"e8fea86e6af6813499c08e776f8e15b664f7c771"	"3a5303c6f0f09a59d05ca0bc5951871bd9564b764668f74928e3b1b78b1c912d"	"historical"	""	""	""	""	""	""	""	""	""	""	""	""	"specs/FOUNDATIONAL-CODE-REVIEW.md"
"CsdLean4/Mathlib/LinearAlgebra/Projectivization/WignerUniqueness.lean"	"library"	"173"	"3cf6f4e2d37be7aff90ab022f52be72db6565d66"	"e7d2cd6bb0fa09462ea7227aca92a035b1748906c5122a22dc8d7d9fac714796"	"unreviewed"	""	""	""	""	""	""	""	""	""	""	""	""	""
"CsdLean4/Mathlib/MeasureTheory/CellPointer.lean"	"library"	"127"	"6729a8d6a6cb6c6a9be28bb96f3659e330dab42c"	"615189fbf20e62f5837cbc181d45c771366836a5e3db2f102e40eed6f44ea780"	"unreviewed"	""	""	""	""	""	""	""	""	""	""	""	""	""
"CsdLean4/Mathlib/MeasureTheory/IidTrials.lean"	"library"	"93"	"9d6895b28d21126a547ee2afa4e1c1b0d6f22a92"	"daacea9a1c83d52c494390609075635ac05e2270a868fbaac4b942ecc32bb83c"	"unreviewed"	""	""	""	""	""	""	""	""	""	""	""	""	""
"CsdLean4/Mathlib/MeasureTheory/InvariantTwist.lean"	"library"	"102"	"2e545fb181e2726da8f3899edbfb7f6ad652a6c4"	"90db568407c8e9eb96fcfdfca67e196a25a664e60f36c9ac4ab6679db67a73f9"	"unreviewed"	""	""	""	""	""	""	""	""	""	""	""	""	""
"CsdLean4/Mathlib/MeasureTheory/LintegralFintypeProd.lean"	"library"	"128"	"d608f4be013cd979f303b1641b84b8064d9ac307"	"36c53ebcba6876a4f8cb4296c5cab8014792e31c9560fd12810e23973bd8e69b"	"historical"	""	""	""	""	""	""	""	""	""	""	""	""	"specs/FOUNDATIONAL-CODE-REVIEW.md"
"CsdLean4/Mathlib/MeasureTheory/MapProbability.lean"	"library"	"56"	"63ea5b7be0371b402815a24295689c2d6e664571"	"de6d6c840a18a64aacda5106dbc6776fb23b06e5ce0ed2cdd2657bff48b32ba1"	"historical"	""	""	""	""	""	""	""	""	""	""	""	""	"specs/reviews/history.md#bridge-reviews-september-1617"
"CsdLean4/Mathlib/MeasureTheory/Measure/Haar/PiComplex.lean"	"library"	"149"	"5657cd374d2b4bbf0ac78723b3904305ba7f0d1d"	"74436a037efb81f172e0c922555244feae9fc049b673d032de194bdb472af60d"	"historical"	""	""	""	""	""	""	""	""	""	""	""	""	"specs/reviews/history.md#bridge-reviews-september-1617"
"CsdLean4/Mathlib/MeasureTheory/MomentDeterminacy.lean"	"library"	"356"	"d6990f650fe1c75e33eefe52af8861b34989e2ae"	"9a16a3e7f19cfa58a6785d2b9cd7d5cd51e2c8ed8673bcbe56598af6b37e3a54"	"unreviewed"	""	""	""	""	""	""	""	""	""	""	""	""	""
"CsdLean4/Mathlib/MeasureTheory/MutuallySingularMap.lean"	"library"	"61"	"8e0505c9a37be3b08cf629feee8c405cd0e5efb3"	"9e9836eb809f9e46105267d915f31dde0d46b76b655f89d300d443878cbb1ce3"	"unreviewed"	""	""	""	""	""	""	""	""	""	""	""	""	""
"CsdLean4/Mathlib/MeasureTheory/PiCurry.lean"	"library"	"151"	"98e5ab6c70d1c811f4a59deb8b3159ba476d5d5a"	"0e9698cbfbbb0727ad52f77a4cc0e581d1deb17f1a3ad41ea14c5846704cd92a"	"historical"	""	""	""	""	""	""	""	""	""	""	""	""	"specs/FOUNDATIONAL-CODE-REVIEW.md"
"CsdLean4/Mathlib/MeasureTheory/PiecewisePreserving.lean"	"library"	"194"	"ad7de65b57dca4684622709372e7ae5658782d3a"	"8f223b9e8a7cce3093ef95ed9c551f186a86528a515a5ba72098fa37da06c9f5"	"historical"	""	""	""	""	""	""	""	""	""	""	""	""	"specs/FOUNDATIONAL-CODE-REVIEW.md"
"CsdLean4/Mathlib/Probability/CGLMP.lean"	"library"	"591"	"6a733bedc5faf0f81abb42abb946d091478f9416"	"cd767739cec6d0bb36c85d30ef09d4ac6ce62c1bfcc6f7a8ecb9665b38003dad"	"historical"	""	""	""	""	""	""	""	""	""	""	""	""	"specs/FOUNDATIONAL-CODE-REVIEW.md"
"CsdLean4/Mathlib/Probability/CompetingExponentials.lean"	"library"	"213"	"74e6af4a08f87703a3952129855bb984851a9f1f"	"4031c59323a54f72f035f79a10ba44a9544cd690960d0164e132c351e7905ce5"	"unreviewed"	""	""	""	""	""	""	""	""	""	""	""	""	""
"CsdLean4/Mathlib/Probability/ConditionalProbability.lean"	"library"	"112"	"e0be948987f0641b8c544242a33a3b39c1c93b3c"	"85300bd7ff04263247fbfeba55c3c1afedec69a9ffe931e52d9767a9a91e54ef"	"historical"	""	""	""	""	""	""	""	""	""	""	""	""	"specs/FOUNDATIONAL-CODE-REVIEW.md"
"CsdLean4/Mathlib/Probability/IIDCoordinateProcess.lean"	"library"	"95"	"b8351b14e30a8480318a5664404a2f7d4e8d2577"	"a93287facf3358ccfc221e15b577a33a7d211b82af75db374bdbd9a7435eaf74"	"historical"	""	""	""	""	""	""	""	""	""	""	""	""	"specs/FOUNDATIONAL-CODE-REVIEW.md"
"CsdLean4/Mathlib/Probability/IidClockRace.lean"	"library"	"669"	"59893f75b7a28e8962bf6af8fd41e52993774dcf"	"bb472e8bf8ef6d6942a92c5a341de53d8e9cb8c1010b67394af53dcedee94b78"	"unreviewed"	""	""	""	""	""	""	""	""	""	""	""	""	""
"CsdLean4/Mathlib/QuantumInfo/AmplitudeAmplification.lean"	"library"	"910"	"3659e60072f818215f62d0ee6ca1c3bb2a966392"	"f3d580dbe88ffb65239886f8b0073892e62737426d5ffdaacbc8ea61d02b347e"	"unreviewed"	""	""	""	""	""	""	""	""	""	""	""	""	""
"CsdLean4/Mathlib/QuantumInfo/AmplitudeEstimation.lean"	"library"	"350"	"4e9378325854b2f5aa6b6cbcc8ea851dd98e3720"	"c19516c9b47b2aa058a81e3c026ecf44917c152af5e4ae39e7344ee4579fd19f"	"unreviewed"	""	""	""	""	""	""	""	""	""	""	""	""	""
"CsdLean4/Mathlib/QuantumInfo/Broadcasting.lean"	"library"	"2294"	"6449a7bf520a4ed8df14dedacfb38f6636cd23d7"	"5f05239c9bb348fa41931c9ce343f7ddfe3dc3778e5142906e0d3a2086e622a9"	"unreviewed"	""	""	""	""	""	""	""	""	""	""	""	""	""
"CsdLean4/Mathlib/QuantumInfo/CanonicalChannels.lean"	"library"	"152"	"804a872712490a49aa14a9a6b6af8e6d7566ac48"	"4200619fb77188e98a55ff1476f0d27f1f89e4118b419743641f84c1bc924bf1"	"historical"	""	""	""	""	""	""	""	""	""	""	""	""	"specs/FOUNDATIONAL-CODE-REVIEW.md"
"CsdLean4/Mathlib/QuantumInfo/Channel.lean"	"library"	"180"	"ce68cc1f90ffebcc46c199d7715b0d16885d73f8"	"2d529ed90b225c1123ff564a0b5edd45ed1a5f5bbab76cb0a1352898f8144e84"	"historical"	""	""	""	""	""	""	""	""	""	""	""	""	"specs/FOUNDATIONAL-CODE-REVIEW.md"
"CsdLean4/Mathlib/QuantumInfo/ChannelComp.lean"	"library"	"56"	"5647f99752ccd0c538c7184fc52aa414013ea0f3"	"c51913f1ac344952ad420a5bf8d5c00c3acbffc4b21a71b2c7d7096ad621ae65"	"unreviewed"	""	""	""	""	""	""	""	""	""	""	""	""	""
"CsdLean4/Mathlib/QuantumInfo/Clifford.lean"	"library"	"333"	"bc8c5c6699bc9c14673ea60d83fad8940f977908"	"a3bd51a0cda19c896478c768af84134b90b3504fff2a1e7f1711b774a31a4b57"	"unreviewed"	""	""	""	""	""	""	""	""	""	""	""	""	""
"CsdLean4/Mathlib/QuantumInfo/Concavity.lean"	"library"	"116"	"25c93ee751966d576c26418c42016f9b595306e2"	"4a0ed936fb4b04f8b5feba40084defbfedb5fd966adc0c28676d57e2f5e8a1e4"	"unreviewed"	""	""	""	""	""	""	""	""	""	""	""	""	""
"CsdLean4/Mathlib/QuantumInfo/ConcavityFull.lean"	"library"	"197"	"c15a430151857874cd6a45ff0aba561e8e114947"	"fea52e5227a105128796c327aead5142e2dba5f0a73932e2a10c4cb00756983c"	"unreviewed"	""	""	""	""	""	""	""	""	""	""	""	""	""
"CsdLean4/Mathlib/QuantumInfo/DataProcessing.lean"	"library"	"202"	"605639b3416c98729d2108b83746d85123a33d4d"	"c70bb29632bfb8657b1fb7600575250f98fecaadceeb88e31069b4357b2e513f"	"historical"	""	""	""	""	""	""	""	""	""	""	""	""	"specs/FOUNDATIONAL-CODE-REVIEW.md"
"CsdLean4/Mathlib/QuantumInfo/Entropy.lean"	"library"	"579"	"57e966656b553237ef22b0cbd11d4dee47968477"	"abcfba033d839a6745e210ab827a0655dadabb8e8a5e56f8922881154f5c0d8f"	"historical"	""	""	""	""	""	""	""	""	""	""	""	""	"specs/FOUNDATIONAL-CODE-REVIEW.md"
"CsdLean4/Mathlib/QuantumInfo/Fidelity.lean"	"library"	"279"	"e063d2d520d6870fc1e1634acef70f97ce0d8a6f"	"3615c32c3059734a8078c557495eb08817f369e78f5d8fe91f40ca78df0da11e"	"unreviewed"	""	""	""	""	""	""	""	""	""	""	""	""	""
"CsdLean4/Mathlib/QuantumInfo/Fourier.lean"	"library"	"136"	"309e2e3ef7de421cd1dbc3956f0ebb11deeefa23"	"bc4e404f43ba127cc6576ffc16b69e02d658467f2cbeedfa2a7711070d54d52f"	"historical"	""	""	""	""	""	""	""	""	""	""	""	""	"specs/FOUNDATIONAL-CODE-REVIEW.md"
"CsdLean4/Mathlib/QuantumInfo/Hadamard.lean"	"library"	"142"	"4aac207467260675e1e5badcb76bf7cdc0dd19d8"	"03c63395d865e3e02d9fb0a6b972089b2bc467c934547f4f166a67d721eecf91"	"historical"	""	""	""	""	""	""	""	""	""	""	""	""	"specs/FOUNDATIONAL-CODE-REVIEW.md"
"CsdLean4/Mathlib/QuantumInfo/Helstrom.lean"	"library"	"272"	"6898260692abda6b01163a0f1ac98777f7b5022c"	"2dec00e884ce898ffd5093e2b75b7337e1168b20d2d766eb4a6071c2322cbb3c"	"historical"	""	""	""	""	""	""	""	""	""	""	""	""	"specs/FOUNDATIONAL-CODE-REVIEW.md"
"CsdLean4/Mathlib/QuantumInfo/HolevoBound.lean"	"library"	"107"	"13c0fae61d734aa86bc5a731b2b0fb8f88f61e08"	"a63f3e62d9562f29339b7df6a09840451f502f005cac0a7b97bb1a616ba286d6"	"unreviewed"	""	""	""	""	""	""	""	""	""	""	""	""	""
"CsdLean4/Mathlib/QuantumInfo/JointRegister.lean"	"library"	"335"	"ee342cdb62f6c28c14dd16d286150a4ec869948e"	"8df30eab74a2a7c1116a3bbf23bd6dc9c1effb961b0dcab7e04282ec94dc6919"	"unreviewed"	""	""	""	""	""	""	""	""	""	""	""	""	""
"CsdLean4/Mathlib/QuantumInfo/Magic.lean"	"library"	"302"	"517a187505ab1da0d3dba91fc43838b02edd700b"	"742da8ff251f34e4dbcc89b67c4ee38181529debac47393db62bdb45bfa58ed5"	"unreviewed"	""	""	""	""	""	""	""	""	""	""	""	""	""
"CsdLean4/Mathlib/QuantumInfo/PartialTrace.lean"	"library"	"371"	"436fff7fa40782a22893df96f546b025649c96d1"	"b1b11b5699abb923aec0d03f51e0ed86eee9d98237191ec632743568d5152cf2"	"historical"	""	""	""	""	""	""	""	""	""	""	""	""	"specs/FOUNDATIONAL-CODE-REVIEW.md"
"CsdLean4/Mathlib/QuantumInfo/Pauli.lean"	"library"	"304"	"511ed4eb04f84d58c620953d704c76b3c111bdb1"	"c1fde75a68146c6a4e9697b40c91782c4c5ce2fbb287e859ecb880eb4f86ed41"	"unreviewed"	""	""	""	""	""	""	""	""	""	""	""	""	""
"CsdLean4/Mathlib/QuantumInfo/PhaseEstimation.lean"	"library"	"327"	"333ad02ae2940096ead74fec59c0b75b418b841e"	"8d49b3725a38569688a3f3ba19c5b6ffef50b55e38c38c3076955b9c51e2fd84"	"unreviewed"	""	""	""	""	""	""	""	""	""	""	""	""	""
"CsdLean4/Mathlib/QuantumInfo/PureState.lean"	"library"	"128"	"50bfd1e286df7977f81a2e438db79bafd2516097"	"5574f1de81043bdb019a34dbccbc71bee9bcef2e8db8d48d39fb65db46608367"	"unreviewed"	""	""	""	""	""	""	""	""	""	""	""	""	""
"CsdLean4/Mathlib/QuantumInfo/Register.lean"	"library"	"99"	"6002bb144153d39145d33f23039d8314897fb617"	"1d6e464a6f02a438b597c37fdf5a6009a8f480e829bb1b5432dc0549fc24e0f0"	"historical"	""	""	""	""	""	""	""	""	""	""	""	""	"specs/FOUNDATIONAL-CODE-REVIEW.md"
"CsdLean4/Mathlib/QuantumInfo/RegisterTensor.lean"	"library"	"157"	"7f72f354bce2ea27ed953647d36b599dfc6115d4"	"b99ea0d0e8b0d5e9cddf909c8595e3c87d67bb0566e730322bc2b969218bdc18"	"unreviewed"	""	""	""	""	""	""	""	""	""	""	""	""	""
"CsdLean4/Mathlib/QuantumInfo/Reversible/AndAdd.lean"	"library"	"782"	"c77dbecf5f09edb6019fbc5fd178d93f6b7e3e19"	"b6315e39f1850933b3b18f8d80737433f2e13c2b7241449d1996f6ea1731d193"	"historical"	""	""	""	""	""	""	""	""	""	""	""	""	"specs/FOUNDATIONAL-CODE-REVIEW.md"
"CsdLean4/Mathlib/QuantumInfo/Reversible/Circuit.lean"	"library"	"207"	"6fc94ec01b495fad58842efc769cf3d2225bb450"	"fb1c07d3329f3c841babf980edf72a6d5042852c6ed66f4a89ac2629a4b66de5"	"historical"	""	""	""	""	""	""	""	""	""	""	""	""	"specs/FOUNDATIONAL-CODE-REVIEW.md"
"CsdLean4/Mathlib/QuantumInfo/Reversible/ConstProp.lean"	"library"	"243"	"f600d97bffbd055f46b5e8be0c980ec7ae41240b"	"e057b40a1467360371547abb613224e05c39e46670e536a6de3e58dc395c663c"	"historical"	""	""	""	""	""	""	""	""	""	""	""	""	"specs/FOUNDATIONAL-CODE-REVIEW.md"
"CsdLean4/Mathlib/QuantumInfo/Reversible/Cost.lean"	"library"	"160"	"7f28025394eb65a8dc2dc25ed7cdc19602eb1796"	"5ebbcfd6b44d9898133d29811eeb378b3630d5eb9269a5107adea0fda56ca126"	"historical"	""	""	""	""	""	""	""	""	""	""	""	""	"specs/FOUNDATIONAL-CODE-REVIEW.md"
"CsdLean4/Mathlib/QuantumInfo/Reversible/CtrlAdd.lean"	"library"	"416"	"b201917933d87f6bc3bc16b53672cc55b9475f21"	"ac452c6317d9d0c0799e9454a3b59d7ef6468f1936546afee5ea93470294259b"	"historical"	""	""	""	""	""	""	""	""	""	""	""	""	"specs/FOUNDATIONAL-CODE-REVIEW.md"
"CsdLean4/Mathlib/QuantumInfo/Reversible/CtrlMul.lean"	"library"	"351"	"03f0eb389c53a7595e48bd5435b923f423f9eb6b"	"0f1299d877c1d46be6ce7e36734d03b8a3c66f3f39acc38311b79fbfed1ea642"	"historical"	""	""	""	""	""	""	""	""	""	""	""	""	"specs/FOUNDATIONAL-CODE-REVIEW.md"
"CsdLean4/Mathlib/QuantumInfo/Reversible/CuccaroAdd.lean"	"library"	"519"	"52ad8e1999dea164a152447b955dac05d91df318"	"5ab40adc41ca49e74572de7cc41a205481438674306f12e15d1d4d0be49252f8"	"historical"	""	""	""	""	""	""	""	""	""	""	""	""	"specs/FOUNDATIONAL-CODE-REVIEW.md"
"CsdLean4/Mathlib/QuantumInfo/Reversible/CuccaroModAdd.lean"	"library"	"888"	"f06539dc0617a8d8e5ebc9ee15b4729c72a1eb6c"	"45f1e014670f91936d5e63be13f5d0961b399ea6ab1f9d46b9541826e187e832"	"historical"	""	""	""	""	""	""	""	""	""	""	""	""	"specs/FOUNDATIONAL-CODE-REVIEW.md"
"CsdLean4/Mathlib/QuantumInfo/Reversible/CuccaroModMul.lean"	"library"	"1336"	"15721f3532b136e7a7f6c0464de92a0dfa06b20c"	"8ca7fba10fb1699f5c4eb93e2f6b4ec1a6dc4a448ae334c4634db53bb3bba062"	"historical"	""	""	""	""	""	""	""	""	""	""	""	""	"specs/FOUNDATIONAL-CODE-REVIEW.md"
"CsdLean4/Mathlib/QuantumInfo/Reversible/Depth.lean"	"library"	"198"	"f35654a0acef8f2ca2fb84d840c4d35ff8f7344f"	"3a05763db5b60b9beba5aba6028ad4020471ef97da7a260c2e8e2502ed623f0b"	"historical"	""	""	""	""	""	""	""	""	""	""	""	""	"specs/FOUNDATIONAL-CODE-REVIEW.md"
"CsdLean4/Mathlib/QuantumInfo/Reversible/Eval.lean"	"library"	"241"	"820bd306451ea62726811b629beda5c5149fe5b7"	"307eec99697b5926605fa20473ee49fdc19535e958daf3dd38782b9bff0ae0c7"	"historical"	""	""	""	""	""	""	""	""	""	""	""	""	"specs/FOUNDATIONAL-CODE-REVIEW.md"
"CsdLean4/Mathlib/QuantumInfo/Reversible/GidneyAdder.lean"	"library"	"557"	"c42a8c2cbef243355aabbeb02e24222c38b35fee"	"64aae06ede9fb9d19172001cc2742fedc9275299ac65c1c685bfed79a51ecfa9"	"historical"	""	""	""	""	""	""	""	""	""	""	""	""	"specs/FOUNDATIONAL-CODE-REVIEW.md"
"CsdLean4/Mathlib/QuantumInfo/Reversible/Lift.lean"	"library"	"242"	"1867c9b4651fe75c097531439947590c88799df1"	"55424983472452d81921530ea074b6897fa93740af2804a2f6ee56749a6d1659"	"unreviewed"	""	""	""	""	""	""	""	""	""	""	""	""	""
"CsdLean4/Mathlib/QuantumInfo/Reversible/ModAdd.lean"	"library"	"424"	"2f3a1ece9b6e82a4f1ee777bf81fa4266639766c"	"186e246cd896b339df2a72c0f044c981a34a2a32fa9d5c6b7642eb2f0babb970"	"historical"	""	""	""	""	""	""	""	""	""	""	""	""	"specs/FOUNDATIONAL-CODE-REVIEW.md"
"CsdLean4/Mathlib/QuantumInfo/Reversible/ModInv.lean"	"library"	"100"	"6c1e400c6865f17be1de2f70a729ade098b2adf4"	"703ece380d1d9c0d0bdae9984e77d43404157eab8f8188ee2898faae958af8e6"	"historical"	""	""	""	""	""	""	""	""	""	""	""	""	"specs/FOUNDATIONAL-CODE-REVIEW.md"
"CsdLean4/Mathlib/QuantumInfo/Reversible/ModMul.lean"	"library"	"453"	"8102568dcaa9a999a467e95e0bae0e504c2ca13e"	"15e0a399947142fdb4e67d1dacf4203d6743687415f0ff88254f47b0510e2236"	"historical"	""	""	""	""	""	""	""	""	""	""	""	""	"specs/FOUNDATIONAL-CODE-REVIEW.md"
"CsdLean4/Mathlib/QuantumInfo/Reversible/ModReduce.lean"	"library"	"117"	"97ee068dd379a9fc664435fc5bf0ad6585afd0b5"	"aa0dac24e79f56ee2e445324474845b14ab389536d4e4f4a8b2ac20f4c79f790"	"historical"	""	""	""	""	""	""	""	""	""	""	""	""	"specs/FOUNDATIONAL-CODE-REVIEW.md"
"CsdLean4/Mathlib/QuantumInfo/Reversible/ModReduceCtrl.lean"	"library"	"505"	"dad9f54df695a635b2694129c5045f3b270adfe4"	"8f1e0ecbab4dbb2b40b74fbaecca5731e6fb51067e62164e53084cef69189114"	"historical"	""	""	""	""	""	""	""	""	""	""	""	""	"specs/FOUNDATIONAL-CODE-REVIEW.md"
"CsdLean4/Mathlib/QuantumInfo/Reversible/ModularAdd.lean"	"library"	"583"	"ec8029ddd8e0e6ce92cb0fb032e643eac9670239"	"1fcb769a758cecfb4002267ed41a34a92798b4f6cbb4a4b7c6cab1724acb9fe3"	"historical"	""	""	""	""	""	""	""	""	""	""	""	""	"specs/FOUNDATIONAL-CODE-REVIEW.md"
"CsdLean4/Mathlib/QuantumInfo/Reversible/ModularAddCtrl.lean"	"library"	"704"	"129482d2eb589b9bdf0a2ef5b6d464bc5f631d90"	"afe45965a377e0b55571236f03d19f94b0703b9fb571d80295a95c87119213a3"	"historical"	""	""	""	""	""	""	""	""	""	""	""	""	"specs/FOUNDATIONAL-CODE-REVIEW.md"
"CsdLean4/Mathlib/QuantumInfo/Reversible/ModularConst.lean"	"library"	"782"	"8343be3d9e4d1ce2fcc3ebd1f299b17f077abc4f"	"73eba63c2919973b6c7019923ae8ea519afba93225a9b151220480ec746efc79"	"historical"	""	""	""	""	""	""	""	""	""	""	""	""	"specs/FOUNDATIONAL-CODE-REVIEW.md"
"CsdLean4/Mathlib/QuantumInfo/Reversible/ModularDouble.lean"	"library"	"517"	"1a923d3e5c22551e63f24a55fc9871e2a890ed9f"	"e8589512c9efa00ce6e71990b03ea1b8517cd8b8bca88bba9dca48a986c7efad"	"historical"	""	""	""	""	""	""	""	""	""	""	""	""	"specs/FOUNDATIONAL-CODE-REVIEW.md"
"CsdLean4/Mathlib/QuantumInfo/Reversible/ModularMul.lean"	"library"	"940"	"01dbc5cc68c63356343c360dc0fa7088a680f677"	"e2b94a1c7b3e0086df56e72bc046a429a9125545e1014ab176cefddf7f602d1b"	"historical"	""	""	""	""	""	""	""	""	""	""	""	""	"specs/FOUNDATIONAL-CODE-REVIEW.md"
"CsdLean4/Mathlib/QuantumInfo/Reversible/ModularMulLoop.lean"	"library"	"886"	"84f359b99df94cf585cb47a2bcf90ed78e46d3e0"	"84e4e0b6f1b872df4fe399cf714fec3994626706cce9cf9ade3a31b46b61aca2"	"historical"	""	""	""	""	""	""	""	""	""	""	""	""	"specs/FOUNDATIONAL-CODE-REVIEW.md"
"CsdLean4/Mathlib/QuantumInfo/Reversible/ModularSub.lean"	"library"	"839"	"b8089aa6282b79dfce57e97c77084de2c8deabd2"	"0c964c66c8ff29033bd352a6a120e5216077fbb8c0dfff50dcce309bd35776f0"	"historical"	""	""	""	""	""	""	""	""	""	""	""	""	"specs/FOUNDATIONAL-CODE-REVIEW.md"
"CsdLean4/Mathlib/QuantumInfo/Reversible/VerifiedAdder.lean"	"library"	"440"	"a548766e51f1762ea5bbd5e6493a3367f0aa5d78"	"83e495e7a9cfb78c3c115445da32af459182b9fc62a13112db5ceee311682263"	"historical"	""	""	""	""	""	""	""	""	""	""	""	""	"specs/FOUNDATIONAL-CODE-REVIEW.md"
"CsdLean4/Mathlib/QuantumInfo/Reversible/VerifiedAdderCarryClean.lean"	"library"	"375"	"c16bab11e0a47e6074f037dac18308b505f1e4a8"	"5d49f7ade570f90192500c956f2707884a3020b2378709b3e08a8dcfbc02d840"	"historical"	""	""	""	""	""	""	""	""	""	""	""	""	"specs/FOUNDATIONAL-CODE-REVIEW.md"
"CsdLean4/Mathlib/QuantumInfo/Stabilizer.lean"	"library"	"409"	"6887fbd04174f9bd5dd8ab07f70b2e6305477355"	"044e8ed7742fa12e4fe6f3d1a6b4497853a94945cda9364f9bd874fed010f19c"	"unreviewed"	""	""	""	""	""	""	""	""	""	""	""	""	""
"CsdLean4/Mathlib/QuantumInfo/Stinespring.lean"	"library"	"147"	"d3a27f4f2d4db7ac0b7b54135f5d69d1159d8053"	"84570ec3697b6c6f762abaa8930b9d3b0b4c10f65edf1799c3440290ece281f1"	"historical"	""	""	""	""	""	""	""	""	""	""	""	""	"specs/FOUNDATIONAL-CODE-REVIEW.md"
"CsdLean4/Mathlib/QuantumInfo/StrongSubadditivity.lean"	"library"	"408"	"66708e768a05952cff9177e93afa8030ff908d71"	"8789d87ecf56f16699c210a27220a6b23a51687987c5d44711c0c9769e8a543d"	"historical"	""	""	""	""	""	""	""	""	""	""	""	""	"specs/FOUNDATIONAL-CODE-REVIEW.md"
"CsdLean4/Mathlib/QuantumInfo/Subadditivity.lean"	"library"	"1124"	"26e34327e1bc4ab4f46cb500ec261d52fe981727"	"8a7281dd0c0f7e439bdeeb88d75e04761b43dfb095394286f310940bb8bd5345"	"historical"	""	""	""	""	""	""	""	""	""	""	""	""	"specs/FOUNDATIONAL-CODE-REVIEW.md"
"CsdLean4/Mathlib/QuantumInfo/TraceDistance.lean"	"library"	"529"	"c391d5da64471ee56b570a3bed48c3102f8520b9"	"47fcae5168143ec6c65a4b1b4a7979fa28acec4a3bf2a5e977485a8486df033c"	"historical"	""	""	""	""	""	""	""	""	""	""	""	""	"specs/FOUNDATIONAL-CODE-REVIEW.md"
"CsdLean4/Mathlib/QuantumInfo/UnitaryPerturbation.lean"	"library"	"264"	"a6cd2888c3a1214e1237b8252fa879b6927c746c"	"86f316570cae4bd7347811fb22d710872fae67209a9d744301ad904cb930ebe5"	"unreviewed"	""	""	""	""	""	""	""	""	""	""	""	""	""
"CsdLean4/Mathlib/Topology/Algebra/CompactRecurrence.lean"	"library"	"74"	"3914382c060807c21f560a44455c350f0cd0429f"	"e330c232fa81a28d20461ecc15a27b1af2a2e4225171977271ac8c16e6a582a4"	"unreviewed"	""	""	""	""	""	""	""	""	""	""	""	""	""
"CsdLean4/Mathlib/Topology/Algebra/Module/LinearMap.lean"	"library"	"81"	"8ad076644075846b4db1930e848cb0b34e75a5e3"	"0382620fa844fda4402d79d7eacaa7afa067a4944d73950a6275c7a0b270c00b"	"historical"	""	""	""	""	""	""	""	""	""	""	""	""	"specs/FOUNDATIONAL-CODE-REVIEW.md"
"CsdLean4/Mathlib/Topology/Homotopy/CircleFundamentalGroup.lean"	"library"	"110"	"a22945399d94383ad941b6b5771ae693425c05b2"	"9a641da07175de86994d50c013f6d3518a3c1cee18aba9a9105f33fbb863dae1"	"unreviewed"	""	""	""	""	""	""	""	""	""	""	""	""	""
"CsdLean4/Mathlib/Topology/Homotopy/FactorExchangeObstruction.lean"	"library"	"91"	"41420e433a684bbd4d486806f1e3c51fee55dbc8"	"8ce01e344aee18ee596d9503923713e184244441e7fa5b95b137d0a4dcb99802"	"unreviewed"	""	""	""	""	""	""	""	""	""	""	""	""	""
"CsdLean4/RecordLayer/ApproxProjectability.lean"	"record-dynamics-other"	"167"	"f4c0ff3fcadd75353abadafde2e230c1c408706b"	"6d3a43aaa5007d5cb63e339b6135288fb0e295f42591aec881c243a593545ab7"	"historical"	""	""	""	""	""	""	""	""	""	""	""	""	"specs/FOUNDATIONAL-CODE-REVIEW.md"
"CsdLean4/RecordLayer/ArenaTorus.lean"	"record-dynamics-other"	"258"	"1b7f421b3b11728eb254f8afa2687da16412082e"	"7cf171dc129908d74df8a0831e0b773cea9df624cc2ca2c8b38fc25d10a62a0b"	"unreviewed"	""	""	""	""	""	""	""	""	""	""	""	""	""
"CsdLean4/RecordLayer/BasinFrequency.lean"	"record-dynamics-other"	"201"	"b90b87c1ee96bd6d141205e8a6aa01572f56b393"	"5931a0659d05340c42e7e2b9933206d532490221f4a602c49b08948fa59907e1"	"unreviewed"	""	""	""	""	""	""	""	""	""	""	""	""	""
"CsdLean4/RecordLayer/BasisMeasurement.lean"	"record-dynamics-other"	"78"	"e6a627a2f8d969199720e3fb458781a6610b0387"	"b6ce62984436398ae8deea36def46ae9358b7f71f87929c013a4de90458c2d04"	"historical"	""	""	""	""	""	""	""	""	""	""	""	""	"specs/FOUNDATIONAL-CODE-REVIEW.md"
"CsdLean4/RecordLayer/BlockCollapse.lean"	"record-dynamics-other"	"302"	"6733a5c62024fbd6c32ff31884193f467cc1c0c3"	"e3afe5af89e1f575a4a12625e9bbf54355732bdb88b37584dd0226d2c9ecc053"	"historical"	""	""	""	""	""	""	""	""	""	""	""	""	"specs/FOUNDATIONAL-CODE-REVIEW.md"
"CsdLean4/RecordLayer/BornFibrePartition.lean"	"record-dynamics-other"	"189"	"ca09fc72783fe16dc951daa6abd5f9e7e44b4150"	"0b66c224c181c9c775c13501ff36fe895dc309e15c04dcf42b82e99cf3fb4df5"	"historical"	""	""	""	""	""	""	""	""	""	""	""	""	"specs/FOUNDATIONAL-CODE-REVIEW.md"
"CsdLean4/RecordLayer/CellLawForced.lean"	"record-dynamics-other"	"330"	"faac6643a271efc03de97088943acc98a488b2c3"	"b25f3611501b3113d290e2566fe472c40fbdd9cd17e92db6dd54531307da488a"	"unreviewed"	""	""	""	""	""	""	""	""	""	""	""	""	""
"CsdLean4/RecordLayer/CellLawFreedom.lean"	"record-dynamics-other"	"243"	"e2e146366cdb7571cfbb63739166fa40213e22bf"	"599554480ba5f554b27f29b8fd0ea54e718ab557f654e739ac17c8e43f757567"	"unreviewed"	""	""	""	""	""	""	""	""	""	""	""	""	""
"CsdLean4/RecordLayer/CircleFibre.lean"	"record-dynamics-other"	"193"	"d7c24715a04a2737c657094bc17df5279c85b37e"	"51f85057b16b15e04c1204a1af40a641cd853fc77732f36a6488b48146dd75f3"	"historical"	""	""	""	""	""	""	""	""	""	""	""	""	"specs/FOUNDATIONAL-CODE-REVIEW.md"
"CsdLean4/RecordLayer/CircleRecord.lean"	"record-dynamics-other"	"219"	"3f21792e22ae72bc5871b035faaeff548386120b"	"78428522b3a10ef8e69def874962483de1d1537bf45025a79df2e8ac9ff1f524"	"historical"	""	""	""	""	""	""	""	""	""	""	""	""	"specs/FOUNDATIONAL-CODE-REVIEW.md"
"CsdLean4/RecordLayer/CompositeRecord.lean"	"record-dynamics-other"	"231"	"e876fba7e9988f1218699a2656e68aeb0b97e873"	"d7ace314f203214621bade7e889fbd1fd84161332c12a70fcc21683374b4813b"	"unreviewed"	""	""	""	""	""	""	""	""	""	""	""	""	""
"CsdLean4/RecordLayer/DeIsolationFlow.lean"	"record-dynamics-other"	"184"	"555ef1ce7ca4040175616d3a780872ac23c412d8"	"859af711d6f3df548a704f18c8cb74095a758ea9e6a72349aa095113d385c0c1"	"historical"	""	""	""	""	""	""	""	""	""	""	""	""	"specs/FOUNDATIONAL-CODE-REVIEW.md"
"CsdLean4/RecordLayer/DegenerateLuders.lean"	"record-dynamics-other"	"322"	"88af99c93e4ad91b057b509d202d8e53f1fa8d18"	"577e74a611370b857c7d85725360c1448aba3608b87fefa701b63ccadde6ba8d"	"historical"	""	""	""	""	""	""	""	""	""	""	""	""	"specs/FOUNDATIONAL-CODE-REVIEW.md"
"CsdLean4/RecordLayer/DrivenTwoTime.lean"	"record-dynamics-other"	"361"	"107957c63ac697e8012354598b82ef9bdf3d09a1"	"72048da8388fdcf42d183e73ca1b9aa0a6d6343aa7a1a3287eac713bb4107f09"	"unreviewed"	""	""	""	""	""	""	""	""	""	""	""	""	""
"CsdLean4/RecordLayer/DynamicBorn.lean"	"record-dynamics-other"	"151"	"613cf01d2e9907ee36e2327ca1828549787318f2"	"8752eb309871c48d1ef8da569b420c914ea19fa748e4345026c2764d920aaa3b"	"historical"	""	""	""	""	""	""	""	""	""	""	""	""	"specs/FOUNDATIONAL-CODE-REVIEW.md"
"CsdLean4/RecordLayer/DynamicMeasurementClosure.lean"	"record-dynamics-other"	"211"	"6c239643ca7087e23be84c1dfc91b8906bc03253"	"8a4c86554608b6524498e598d5938a33f59052c9fa4179743413fe3efdc7da57"	"historical"	""	""	""	""	""	""	""	""	""	""	""	""	"specs/FOUNDATIONAL-CODE-REVIEW.md"
"CsdLean4/RecordLayer/EntangledMeasure.lean"	"record-dynamics-other"	"257"	"54f0d77104d35cca395fd8a0592248a8465ead47"	"5d9b7501f55d5e87194fc0736f1406082b4d699613f9bad397e0d22f3aa58fdb"	"unreviewed"	""	""	""	""	""	""	""	""	""	""	""	""	""
"CsdLean4/RecordLayer/EntangledRecord.lean"	"record-dynamics-other"	"450"	"c1d43be73073d70a19cb885904efe725880bb78b"	"fc3c66bc87eef5e0c7fdadfec834cc66e53748e6fdc72cf7230b8f73c09ca3d1"	"unreviewed"	""	""	""	""	""	""	""	""	""	""	""	""	""
"CsdLean4/RecordLayer/EpistemicDisintegration.lean"	"record-dynamics-other"	"123"	"7860806b67f4f9be433ca386fecc98ca73dd2e56"	"2dc1647dc5f2920f920da5a177a87ed639a21ed553b2cbf8aff379b8079960d7"	"unreviewed"	""	""	""	""	""	""	""	""	""	""	""	""	""
"CsdLean4/RecordLayer/FibreRecord.lean"	"record-dynamics-other"	"120"	"33eec91d96c76ff0e173fce91d0bd07598728ebe"	"782774af5c92013b3fa972c5c8d7e43615021e1ab9c657e23b657546e233dd6a"	"historical"	""	""	""	""	""	""	""	""	""	""	""	""	"specs/FOUNDATIONAL-CODE-REVIEW.md"
"CsdLean4/RecordLayer/FibredSigma.lean"	"record-dynamics-other"	"102"	"804865f875dc21cc83721c259ca6d2ffad00c4f3"	"df576e27ba84a38938cfc2a8e86a873582ec2c3918823af155f52d1ad396d43e"	"historical"	""	""	""	""	""	""	""	""	""	""	""	""	"specs/FOUNDATIONAL-CODE-REVIEW.md"
"CsdLean4/RecordLayer/GlobalBasin.lean"	"record-dynamics-other"	"260"	"31ae3cae1d19a2b376bca736731f0c9f82c89a33"	"dffc8e51c81cda3dc8b10a35e36079c75b5ad16f1325f019fa63886a218759f2"	"historical"	""	""	""	""	""	""	""	""	""	""	""	""	"specs/FOUNDATIONAL-CODE-REVIEW.md"
"CsdLean4/RecordLayer/GlobalRecordClosure.lean"	"record-dynamics-other"	"189"	"a609af08bb63bd9abaa552db49c905d107d08393"	"2aea68f889d5aec47d3bfc900411f43490e79bcb0d4181c239506888c597dbb9"	"historical"	""	""	""	""	""	""	""	""	""	""	""	""	"specs/FOUNDATIONAL-CODE-REVIEW.md"
"CsdLean4/RecordLayer/HamiltonianShift.lean"	"record-dynamics-other"	"703"	"da53c4d15fed298cfeb307ca2c8d0a0efadc14aa"	"5b1edaa3fb1466f7559b2e93ac55d8919d2585b209c7cbf92d1151cd977e4d9d"	"unreviewed"	""	""	""	""	""	""	""	""	""	""	""	""	""
"CsdLean4/RecordLayer/HamiltonianSignature.lean"	"record-dynamics-other"	"245"	"60a7f7ad881d97f7156597227d97a7b093ee0016"	"6a40f1077f9f77b427f46f000868913a38778204f6789159f273fa32d0d924e3"	"historical"	""	""	""	""	""	""	""	""	""	""	""	""	"specs/FOUNDATIONAL-CODE-REVIEW.md"
"CsdLean4/RecordLayer/JarzynskiRecord.lean"	"record-dynamics-other"	"310"	"e80fe46ba8370aa3e3c61183086da965a8b7fe43"	"327c94237264e69b8bcbbf8f4d58d788f97078b02cad60c63567fd28355f0ff3"	"unreviewed"	""	""	""	""	""	""	""	""	""	""	""	""	""
"CsdLean4/RecordLayer/JoinArena.lean"	"record-dynamics-other"	"352"	"806c6d1ec6e92e431f9813e7f3b67439e64fe309"	"c0971fdc24ac258d471eeea03e2917f5cad314b16dff6f7cdb86c18778708926"	"historical"	""	""	""	""	""	""	""	""	""	""	""	""	"specs/FOUNDATIONAL-CODE-REVIEW.md"
"CsdLean4/RecordLayer/JoinClosure.lean"	"record-dynamics-other"	"153"	"f443148d5e67395dada79af82beeb75078c17148"	"608b747e0343deabe76a3a5f9249297e782a7ed954829f0ca4c8de8d5b34cd2b"	"historical"	""	""	""	""	""	""	""	""	""	""	""	""	"specs/FOUNDATIONAL-CODE-REVIEW.md"
"CsdLean4/RecordLayer/JoinGeneration.lean"	"record-dynamics-other"	"280"	"c2bc97bf59f5c21aa3b616cb0862c7ff0ad8a85a"	"c9b83accd50bd385ecfb8f39539c89bb83399b045fdf1ad27b907185aee50112"	"unreviewed"	""	""	""	""	""	""	""	""	""	""	""	""	""
"CsdLean4/RecordLayer/JoinLuders.lean"	"record-dynamics-other"	"561"	"63d214a66c3bbf531909fa81c04e20ad3b43b38b"	"9f6b684984dffff335cbd6ed079e9e1c67db51a7514d8eed8341e81ee756aff2"	"historical"	""	""	""	""	""	""	""	""	""	""	""	""	"specs/FOUNDATIONAL-CODE-REVIEW.md"
"CsdLean4/RecordLayer/JoinProtocol.lean"	"record-dynamics-other"	"467"	"ede64badcf100a208a7bdc2e52bca867cd38a467"	"5b2ddca5597cc2efadde505c5f3da8403c78adaf504d53ca57862d5f987845d2"	"historical"	""	""	""	""	""	""	""	""	""	""	""	""	"specs/FOUNDATIONAL-CODE-REVIEW.md"
"CsdLean4/RecordLayer/JointFlowTransfer.lean"	"record-dynamics-other"	"241"	"4dc62b4b820148814e772ad596ca69b95c4e1d45"	"e664cf944a94e99a9ac9c4dc0c8db3c6c464795e942d44c27470c05e1693e923"	"historical"	""	""	""	""	""	""	""	""	""	""	""	""	"specs/FOUNDATIONAL-CODE-REVIEW.md"
"CsdLean4/RecordLayer/JointLift.lean"	"record-dynamics-other"	"199"	"51d39ed713930c9e1b2b7f3ab23fa4dae1464ee6"	"4c332376aac79aa7bdac6d24d868fec6adea95bdc79db162ef3f63e0fd93ccff"	"unreviewed"	""	""	""	""	""	""	""	""	""	""	""	""	""
"CsdLean4/RecordLayer/KSigmaRecord.lean"	"record-dynamics-other"	"97"	"e81c1566a609e609c43ce6957013fc4385e8bdbc"	"d7d57c3925ebce5d11fda82e67ab705e32f1fd3269d2fe33de5db72845c38a05"	"historical"	""	""	""	""	""	""	""	""	""	""	""	""	"specs/FOUNDATIONAL-CODE-REVIEW.md"
"CsdLean4/RecordLayer/LocalBlockBridge.lean"	"record-dynamics-other"	"172"	"58b742d98b941dff92ee352a00caf4703d9dd3e7"	"af3e8e969784f24a01bab246a4b195efa747a94329d5dbc2da4f5096b86833f9"	"historical"	""	""	""	""	""	""	""	""	""	""	""	""	"specs/FOUNDATIONAL-CODE-REVIEW.md"
"CsdLean4/RecordLayer/LocalLuders.lean"	"record-dynamics-other"	"165"	"7d38723e2a900c34e93890e906242ccd0b8de5c1"	"970cabac967ac1e64d0b80b78ca21a6cd304e7ff5317f15f18488c4a75cb1877"	"historical"	""	""	""	""	""	""	""	""	""	""	""	""	"specs/FOUNDATIONAL-CODE-REVIEW.md"
"CsdLean4/RecordLayer/LocalLudersBasis.lean"	"record-dynamics-other"	"242"	"ca350edfeace9c4f67fe5b6acad25c6cb08a3d05"	"0ab99342b4222457f3168782cca80b4fd01198c1540080c5d7aaa21366be8402"	"historical"	""	""	""	""	""	""	""	""	""	""	""	""	"specs/FOUNDATIONAL-CODE-REVIEW.md"
"CsdLean4/RecordLayer/Measurement.lean"	"record-dynamics-other"	"163"	"d762fb4f7b45a3211d87034a7bd037409b4593ed"	"b82d9098f9537e7ad9ec2b25e34d9cf420f78db72a7f6e6774186256d38449e2"	"historical"	""	""	""	""	""	""	""	""	""	""	""	""	"specs/FOUNDATIONAL-CODE-REVIEW.md"
"CsdLean4/RecordLayer/MeasurementCapstone.lean"	"record-dynamics-other"	"139"	"bb3aca467f6bffda82fe653e4f5066047b8c8508"	"838dfdf5d99e50eef7c52fe634c5934c6e2403af5f91d46a4bd54a5bff13a390"	"historical"	""	""	""	""	""	""	""	""	""	""	""	""	"specs/FOUNDATIONAL-CODE-REVIEW.md"
"CsdLean4/RecordLayer/MeasurementConstraints.lean"	"record-dynamics-other"	"232"	"57c781bb2ee421178cc4fa0cf5575f71041979cd"	"a15e297de088f93801df61c5f2315a1e2647d4b044e01d45b7ec7fff501ce96a"	"historical"	""	""	""	""	""	""	""	""	""	""	""	""	"specs/FOUNDATIONAL-CODE-REVIEW.md"
"CsdLean4/RecordLayer/MeasurementProtocol.lean"	"record-dynamics-other"	"271"	"f089094902972eac056591c3f427a914964cb24b"	"2e0b23ca4727f62e18ca8a4a2ac3ec9478680ad889cc3c4578df51004287ac0b"	"historical"	""	""	""	""	""	""	""	""	""	""	""	""	"specs/FOUNDATIONAL-CODE-REVIEW.md"
"CsdLean4/RecordLayer/MixedJoinLuders.lean"	"record-dynamics-other"	"208"	"9cfcc1ac2ff22872d20363231561952d33528ad8"	"9dfe8d7270e6b78bd78f75b3a24fa9464a78673081e830e9d8f4f664030730d9"	"historical"	""	""	""	""	""	""	""	""	""	""	""	""	"specs/FOUNDATIONAL-CODE-REVIEW.md"
"CsdLean4/RecordLayer/MixedLuders.lean"	"record-dynamics-other"	"179"	"1c374f4815a1889c1a933578207ae3c82428abf0"	"9d12717e453648c8423b5d14ddee8d1c5657624df02d7b82acf1100cd5e76c8c"	"historical"	""	""	""	""	""	""	""	""	""	""	""	""	"specs/FOUNDATIONAL-CODE-REVIEW.md"
"CsdLean4/RecordLayer/MixedSwap.lean"	"record-dynamics-other"	"135"	"615402b9708e625ba055966ebe957691d7fc6e84"	"7982a99b0882a0c21b7ec4027701232efff1f6e936b7b66846e01afc2c09cfd1"	"historical"	""	""	""	""	""	""	""	""	""	""	""	""	"specs/FOUNDATIONAL-CODE-REVIEW.md"
"CsdLean4/RecordLayer/MomentMapRace.lean"	"record-dynamics-other"	"239"	"0a00e318c8e3aa95cd97d7b416c7c6ff3b68945e"	"9fbf1eb17e8601221b63113679cadfa21f506e2af41207da148412e0eb2ffee2"	"historical"	""	""	""	""	""	""	""	""	""	""	""	""	"specs/FOUNDATIONAL-CODE-REVIEW.md"
"CsdLean4/RecordLayer/NStepChain.lean"	"record-dynamics-other"	"176"	"6ab110b0f67f951a253e2f9fc082df0d8dd3443d"	"1570c691326ac50cbe109472695431562cee12d41707eafc63282f1fdd8b41b3"	"unreviewed"	""	""	""	""	""	""	""	""	""	""	""	""	""
"CsdLean4/RecordLayer/NoRecordGeometry.lean"	"record-dynamics-other"	"350"	"201c0698e6e53387483e6c547aaaba7bc15f570b"	"480cada711e2814fd801af97c4444e6a977db6001e918560952657ac7701c8f0"	"historical"	""	""	""	""	""	""	""	""	""	""	""	""	"specs/FOUNDATIONAL-CODE-REVIEW.md"
"CsdLean4/RecordLayer/NullSeamGeneralN.lean"	"record-dynamics-other"	"1250"	"af959863c020b8a400575f58bee40573d9a9c033"	"3731fa950ab0b34a4cbab2e7d689b73dc48b060a9565028f19dc9e0358c924c4"	"unreviewed"	""	""	""	""	""	""	""	""	""	""	""	""	""
"CsdLean4/RecordLayer/NullSeamLift.lean"	"record-dynamics-other"	"216"	"4ad18cdc9468eb8eb50bbfac9a713de9aff8dbd6"	"1af190b1ddf36ccc3c9dd281c8fede88e6c0ab485a099316e762791dbd545581"	"historical"	""	""	""	""	""	""	""	""	""	""	""	""	"specs/FOUNDATIONAL-CODE-REVIEW.md"
"CsdLean4/RecordLayer/NullSeamWitness.lean"	"record-dynamics-other"	"828"	"560f51e586cd5c64b28f0312b92251eb00133ae4"	"2df76e48ba09e54e695d3663d747300bf48310834549ef9cb6bc051e13573324"	"historical"	""	""	""	""	""	""	""	""	""	""	""	""	"specs/FOUNDATIONAL-CODE-REVIEW.md"
"CsdLean4/RecordLayer/OnticComposite.lean"	"record-dynamics-other"	"422"	"62311dfbb16ae201d8bca797c2857c774a201e51"	"fa2b76926fdfdff03ceee3a9bbc09b6ecfb79aaa79cf4e9edee79e2134c1dc57"	"historical"	""	""	""	""	""	""	""	""	""	""	""	""	"specs/FOUNDATIONAL-CODE-REVIEW.md"
"CsdLean4/RecordLayer/OnticMarginals.lean"	"record-dynamics-other"	"354"	"cf2e06c58d8a18bfd4c24586dae041b1e54d90bb"	"d979fa4dfdb52b178774b2d9cc4c1309ac7b0d844efcba93734ba61e1cd9f31b"	"historical"	""	""	""	""	""	""	""	""	""	""	""	""	"specs/FOUNDATIONAL-CODE-REVIEW.md"
"CsdLean4/RecordLayer/OutcomeBasin.lean"	"record-dynamics-other"	"118"	"e8438d817e3e6205c39fecd587381e50cad2f06d"	"597dad135e36c3f274f06670f289105db78060ec6e37d1ed760d3a899ee3075f"	"historical"	""	""	""	""	""	""	""	""	""	""	""	""	"specs/FOUNDATIONAL-CODE-REVIEW.md"
"CsdLean4/RecordLayer/OutcomeField.lean"	"record-dynamics-other"	"133"	"a3aa0a209badd7e801870fd3dfe9f8611841fc36"	"da09a941633ac1c4230b8684d08149752b9755b3415b2895c44f9f1e437bb528"	"historical"	""	""	""	""	""	""	""	""	""	""	""	""	"specs/FOUNDATIONAL-CODE-REVIEW.md"
"CsdLean4/RecordLayer/PBRPreparation.lean"	"record-dynamics-other"	"266"	"4976f4cb012c0c9b0a1769dce1931ed5c49d8348"	"ccace751d3c9ba7cc515b1872a226ba664d341f64297d8369f1c1b1182e06ba4"	"unreviewed"	""	""	""	""	""	""	""	""	""	""	""	""	""
"CsdLean4/RecordLayer/PhaseSlot.lean"	"record-dynamics-other"	"333"	"0cec8144b4294a88b5e3824cd13b3f88c430f7da"	"8c709171fc392464b0bceec598bf5525947e7d6001f76b483f768db478dd269b"	"historical"	""	""	""	""	""	""	""	""	""	""	""	""	"specs/FOUNDATIONAL-CODE-REVIEW.md"
"CsdLean4/RecordLayer/PiecewiseHamiltonian.lean"	"record-dynamics-other"	"164"	"478fff3cc80befd7138cdda975e7fac8aaf8894c"	"f37bcef6f97452bed273560f6bab0ac56c81c6a24bcbec28d5c50ebcb0ce5b74"	"historical"	""	""	""	""	""	""	""	""	""	""	""	""	"specs/FOUNDATIONAL-CODE-REVIEW.md"
"CsdLean4/RecordLayer/PointerArena.lean"	"record-dynamics-other"	"219"	"75b9eb41790bcf8a573a3fffe03d058484d9f6ca"	"5b4902bbc8e6628fe871f668f7b376e76684c29357b1f96dce7ea2ecd3d9d180"	"historical"	""	""	""	""	""	""	""	""	""	""	""	""	"specs/FOUNDATIONAL-CODE-REVIEW.md"
"CsdLean4/RecordLayer/PointerBorn.lean"	"record-dynamics-other"	"258"	"cb9f63449d3887ea07a08bf804125c054a23296b"	"236b6c99a66c93946fed39aeaf5610623d069ac731b1045f3a83d5b198c7d9bb"	"historical"	""	""	""	""	""	""	""	""	""	""	""	""	"specs/FOUNDATIONAL-CODE-REVIEW.md"
"CsdLean4/RecordLayer/PointerCoupling.lean"	"record-dynamics-other"	"245"	"c597a16d0b9b84a53fcf8f991d708f7abef4399e"	"7ec835c943a3d46107937ea0f1f5494b5801393f905354e6cf520e952a9318cc"	"historical"	""	""	""	""	""	""	""	""	""	""	""	""	"specs/FOUNDATIONAL-CODE-REVIEW.md"
"CsdLean4/RecordLayer/PointerFrequency.lean"	"record-dynamics-other"	"116"	"2324ae7492f7385d45bf1fc0c12c34155eda1b08"	"7072d473f3f3b3770e736a75f59a1974ccc7b8f4a1c2daf0f801b8d0e7a9cc0e"	"historical"	""	""	""	""	""	""	""	""	""	""	""	""	"specs/FOUNDATIONAL-CODE-REVIEW.md"
"CsdLean4/RecordLayer/PointerGeneration.lean"	"record-dynamics-other"	"175"	"0855581234b9acebf128b59308f79c3638bf4528"	"9ef5aa358834cad8eb5cdb43e6df2f8c4e3ae0c38f390fa7f325ac7615450842"	"historical"	""	""	""	""	""	""	""	""	""	""	""	""	"specs/FOUNDATIONAL-CODE-REVIEW.md"
"CsdLean4/RecordLayer/PointerHamiltonianField.lean"	"record-dynamics-other"	"98"	"b09ef8a93ace9dd90ecc98ac41af9bfa616e5255"	"41142c81385a3f5157874f1edda35751691a26666a6b0b0296161eefdba29c38"	"historical"	""	""	""	""	""	""	""	""	""	""	""	""	"specs/FOUNDATIONAL-CODE-REVIEW.md"
"CsdLean4/RecordLayer/PointerLanding.lean"	"record-dynamics-other"	"248"	"d60b972944d84911d50fd45094f88f162dabbffb"	"a89fc91a6ba5a7bda2b5e2ad4d750f1392e01ea1f8243165fb407f68d00ad9c8"	"historical"	""	""	""	""	""	""	""	""	""	""	""	""	"specs/FOUNDATIONAL-CODE-REVIEW.md"
"CsdLean4/RecordLayer/PointerLuders.lean"	"record-dynamics-other"	"175"	"c851b8fc9f88acc98792e2a74070ed0486cc95d3"	"4158e3865086992b45b6024ef7efd056a9628768c9b9c39b7057472683725032"	"historical"	""	""	""	""	""	""	""	""	""	""	""	""	"specs/FOUNDATIONAL-CODE-REVIEW.md"
"CsdLean4/RecordLayer/PointerLudersMarginal.lean"	"record-dynamics-other"	"421"	"7232cd7caaa6f1df73585d523f33811a8b975357"	"e3ecc3e6dd6e7ae155f7b60ffb74e08a23c1af700db593243c7113d99d37b18c"	"historical"	""	""	""	""	""	""	""	""	""	""	""	""	"specs/FOUNDATIONAL-CODE-REVIEW.md"
"CsdLean4/RecordLayer/PointerProtocol.lean"	"record-dynamics-other"	"414"	"8118c9e3007d2fcbefdd5ef5326830d9a7e01a86"	"1304a0193531c3e5990c21846d5a1c2354849d790f2d00e121bd501c0311a3ec"	"historical"	""	""	""	""	""	""	""	""	""	""	""	""	"specs/FOUNDATIONAL-CODE-REVIEW.md"
"CsdLean4/RecordLayer/PointerRotation.lean"	"record-dynamics-other"	"273"	"907db64005ff2b052dd7c1a4c5875b7819c127c4"	"b61c410eb876c77a047da1a25fe64d37e4baee16aadcfb150805fcf7e04f2e23"	"historical"	""	""	""	""	""	""	""	""	""	""	""	""	"specs/FOUNDATIONAL-CODE-REVIEW.md"
"CsdLean4/RecordLayer/PointerSmoothProfile.lean"	"record-dynamics-other"	"115"	"e0ecd4d75d9bd85cbbb1ffeb7f8abac63806e226"	"d4cff317badd4e1e30a3f0f11704b0a928d9d3c05e5fdc99d5668ffb34e8f5bc"	"historical"	""	""	""	""	""	""	""	""	""	""	""	""	"specs/FOUNDATIONAL-CODE-REVIEW.md"
"CsdLean4/RecordLayer/PointerWeights.lean"	"record-dynamics-other"	"311"	"6acf5f9071738520f9b8d61a00a0055c9cc4278f"	"f2ee78822d9d48ccc240c80ea2a622bff858852625eab707588c051a8b9a562d"	"historical"	""	""	""	""	""	""	""	""	""	""	""	""	"specs/FOUNDATIONAL-CODE-REVIEW.md"
"CsdLean4/RecordLayer/PovmDynamics.lean"	"record-dynamics-other"	"283"	"73876a226acf255e51d2787cf024101afa38d576"	"ad94d331ff5686709515f13481979f8c79582728d0f634da28b8a94e77d16390"	"historical"	""	""	""	""	""	""	""	""	""	""	""	""	"specs/FOUNDATIONAL-CODE-REVIEW.md"
"CsdLean4/RecordLayer/PovmSectorBorn.lean"	"record-dynamics-other"	"99"	"d61e696641db7035396438cfead81c736d447ca5"	"03bc41a4d6a22f9f4005b3c01482d032ef0b01a86ed27649ceb8d8955625252c"	"historical"	""	""	""	""	""	""	""	""	""	""	""	""	"specs/FOUNDATIONAL-CODE-REVIEW.md"
"CsdLean4/RecordLayer/ProjectiveRecord.lean"	"record-dynamics-other"	"135"	"145716054e8f6269ff07456e8ae85499d44a334d"	"e0f4773678cfa3638651f1e53fa06c5a38075fa9c4a54f02e4e1f9fd0470db4c"	"historical"	""	""	""	""	""	""	""	""	""	""	""	""	"specs/FOUNDATIONAL-CODE-REVIEW.md"
"CsdLean4/RecordLayer/RecordLayerClosure.lean"	"record-dynamics-other"	"123"	"03f6b238ef39df1a51b4b5bed076b7cc21de0815"	"0b0b86fb5a7545f7e0a4c66f38f48b01770667957d406ce56455aa617082ea04"	"historical"	""	""	""	""	""	""	""	""	""	""	""	""	"specs/FOUNDATIONAL-CODE-REVIEW.md"
"CsdLean4/RecordLayer/RecordPersistence.lean"	"record-dynamics-other"	"163"	"3d0e6b63de25c7a8f1194009df180295a6e452ba"	"d9a311a168385215f6c37225cf8bd253f57ca76e2c935bd445e7fb6169bb3f27"	"historical"	""	""	""	""	""	""	""	""	""	""	""	""	"specs/FOUNDATIONAL-CODE-REVIEW.md"
"CsdLean4/RecordLayer/RelocationObstruction.lean"	"record-dynamics-other"	"174"	"e0126ba119c01c609e7c68a49c3c2ac43d7ae53a"	"6c0f8af252846a1473c1d1ea617618a0be6f5e1acb3f5a5fcedf64c038649522"	"unreviewed"	""	""	""	""	""	""	""	""	""	""	""	""	""
"CsdLean4/RecordLayer/RotatedContext.lean"	"record-dynamics-other"	"121"	"1f707281a0134cc9b540aa474e57c235d4aabc10"	"82af5ba89093ffc7037d27d42930e0001a9f12619ddf971334ea489e5bb09bdf"	"historical"	""	""	""	""	""	""	""	""	""	""	""	""	"specs/FOUNDATIONAL-CODE-REVIEW.md"
"CsdLean4/RecordLayer/RotatedSwap.lean"	"record-dynamics-other"	"252"	"0e5acdfae07e4fc083adcb5cc2b0fe622cec5065"	"83850b8874e62723d9c63dce4b1dd2b8826e44e7e884202ea1cbc519dca63a5f"	"historical"	""	""	""	""	""	""	""	""	""	""	""	""	"specs/FOUNDATIONAL-CODE-REVIEW.md"
"CsdLean4/RecordLayer/SharpenedNoGo.lean"	"record-dynamics-other"	"164"	"e584c1c89e3ec8bc16a6e8c22003a2048394261f"	"582c6b1974da32d3fd3e990803da694e8b7a4d247fa5bf80a0d19e0dee333f44"	"historical"	""	""	""	""	""	""	""	""	""	""	""	""	"specs/FOUNDATIONAL-CODE-REVIEW.md"
"CsdLean4/RecordLayer/ShearDeIsolation.lean"	"record-dynamics-other"	"222"	"87a4d57e82861a11fe026c42052dee4d06ae49aa"	"e0e72e4dce9e95a0f8921551a48131daeec21255d82a4f2db89ff462694dd7b7"	"unreviewed"	""	""	""	""	""	""	""	""	""	""	""	""	""
"CsdLean4/RecordLayer/ShearDiscontinuity.lean"	"record-dynamics-other"	"226"	"eaf575b57285599e4b6b8d82e9b6c41e45ed09e9"	"dbe4a7fd0824fd60e979cd2a6c4c3f0657d385cc53791e0514f8a6b526fa99f4"	"historical"	""	""	""	""	""	""	""	""	""	""	""	""	"specs/FOUNDATIONAL-CODE-REVIEW.md"
"CsdLean4/RecordLayer/ShearWitness.lean"	"record-dynamics-other"	"507"	"26e4c407f631cd4e2a00468aef47065b7b13fcf6"	"68eb5908561777b1a577d2fdb19e199a442d74819883574c8e066cc3abaad751"	"historical"	""	""	""	""	""	""	""	""	""	""	""	""	"specs/FOUNDATIONAL-CODE-REVIEW.md"
"CsdLean4/RecordLayer/SmoothProfile.lean"	"record-dynamics-other"	"222"	"9e1ddec3a7475e51d536647065a5157c0d33d8aa"	"116dee4fa8f263ceec8e3110cb5f66640bccfa0bfe91cc7968e8a8a17e0bcd17"	"historical"	""	""	""	""	""	""	""	""	""	""	""	""	"specs/FOUNDATIONAL-CODE-REVIEW.md"
"CsdLean4/RecordLayer/StatisticsRigidity.lean"	"record-dynamics-other"	"387"	"9fb85603d930c0ae443f04265f69e8a10ab00b96"	"e3dbcd0d3cd28a6330356c126fc23ce9e11e3878a2bf1182e1a21664e218b047"	"unreviewed"	""	""	""	""	""	""	""	""	""	""	""	""	""
"CsdLean4/RecordLayer/SwapClosure.lean"	"record-dynamics-other"	"320"	"ea23104428826ca0c3748260a3b1cca4547c0560"	"fc87229b775b6efbc63f7715f379991c8164ab1553e783114bcc18af25004d1f"	"historical"	""	""	""	""	""	""	""	""	""	""	""	""	"specs/FOUNDATIONAL-CODE-REVIEW.md"
"CsdLean4/RecordLayer/SwapLuders.lean"	"record-dynamics-other"	"261"	"d379445763470af96bad541d66b6ad620be95d38"	"180aaff5f3b198c7701f19cfce77fc28325e5bc12691ca1e4d7cff1002f0aea1"	"historical"	""	""	""	""	""	""	""	""	""	""	""	""	"specs/FOUNDATIONAL-CODE-REVIEW.md"
"CsdLean4/RecordLayer/SwapWitness.lean"	"record-dynamics-other"	"551"	"070010e2aa6c01d340bfa9e1047cda2760cc0065"	"e7e6854848a35e15846cbd7e1613230d0a7ae5480ea9f3c13db9daec73c899ee"	"historical"	""	""	""	""	""	""	""	""	""	""	""	""	"specs/FOUNDATIONAL-CODE-REVIEW.md"
"CsdLean4/RecordLayer/TorusFibre.lean"	"record-dynamics-other"	"179"	"dc2f5ede9807959cb6e1da2c582f4882a3c035a4"	"1200a0001bf24dcbb717cf085c1eb73378f077436b3a9b8a7afed6c32b13528c"	"historical"	""	""	""	""	""	""	""	""	""	""	""	""	"specs/FOUNDATIONAL-CODE-REVIEW.md"
"CsdLean4/RecordLayer/TorusRecord.lean"	"record-dynamics-other"	"193"	"59009ffd15dd014b36d84e6509d9be843c95a446"	"0e8e6089a3d44e24461666d4f134549e3a77b2c05134bcdf14fe1449352184c9"	"unreviewed"	""	""	""	""	""	""	""	""	""	""	""	""	""
"CsdLean4/RecordLayer/TwoTimeLuders.lean"	"record-dynamics-other"	"539"	"da5488a2770f248eaf662a8a66cfd0c90cc9bc20"	"bf47d1884e3c6c13d32174f63d145b4c9432c256ad12b41a3f984122c6c3aa1f"	"unreviewed"	""	""	""	""	""	""	""	""	""	""	""	""	""
"CsdLean4/RecordLayer/UnifiedArena.lean"	"record-dynamics-other"	"340"	"d9e86868a3e9bcccf168d7e55dc5149536a46626"	"d70c488a09a3509c00426c8ee6db5756e5c8d3316c658212b8b7730f377f9660"	"historical"	""	""	""	""	""	""	""	""	""	""	""	""	"specs/FOUNDATIONAL-CODE-REVIEW.md"
"CsdLean4/SigmaLayer/Adapters.lean"	"record-dynamics-other"	"154"	"c1aa8bda25fc9949960838f0e5ab50160347cfe3"	"ab9d1551501d00c1de49ef1f1fc564d0dff6331eba4069061d9496724be2a08c"	"historical"	""	""	""	""	""	""	""	""	""	""	""	""	"specs/FOUNDATIONAL-CODE-REVIEW.md"
"CsdLean4/SigmaLayer/BellGenerality.lean"	"record-dynamics-other"	"115"	"15a060d1760dad9ef269359b4123fbe37e759e70"	"e30ea8ac29226b410d2574d19c333379dc75b6ff2d4402ce1fb62dc3f4bcbd64"	"historical"	""	""	""	""	""	""	""	""	""	""	""	""	"specs/FOUNDATIONAL-CODE-REVIEW.md"
"CsdLean4/SigmaLayer/ChartBracket.lean"	"record-dynamics-other"	"190"	"70e77e5bd7194451888980628c6d3e13003a8878"	"7d35fc0e8812e7c01844f6b3efedab293b2b455c7da0ff2ee2bbe5d3b45791d7"	"historical"	""	""	""	""	""	""	""	""	""	""	""	""	"specs/FOUNDATIONAL-CODE-REVIEW.md"
"CsdLean4/SigmaLayer/ChartIntegralCurve.lean"	"record-dynamics-other"	"201"	"1b9b101d2568874fbef99aea8d6e1c266c69a0fa"	"8188bbec0e4054aac586457199b3b3be8bb37407be47ed7969748c704c593bd0"	"unreviewed"	""	""	""	""	""	""	""	""	""	""	""	""	""
"CsdLean4/SigmaLayer/CompositeAdapters.lean"	"record-dynamics-other"	"134"	"e262f8aaaf2e2842f440197c18d2eeb945b6b7f5"	"98cc7c1fc66574b0ace66fa21fec9731d5b6193df3a2cff47a14e78b3c1e91a0"	"historical"	""	""	""	""	""	""	""	""	""	""	""	""	"specs/FOUNDATIONAL-CODE-REVIEW.md"
"CsdLean4/SigmaLayer/CompositeInterface.lean"	"record-dynamics-other"	"127"	"2b377c0c6e78fb7341669a0bbe79f01af83e0535"	"d718a371441d395feb6e894311d00d0229ef4c0a75afe6cd006be97bb60b6ac4"	"historical"	""	""	""	""	""	""	""	""	""	""	""	""	"specs/FOUNDATIONAL-CODE-REVIEW.md"
"CsdLean4/SigmaLayer/ConditionalUpdate.lean"	"record-dynamics-other"	"99"	"354c6e0c3c7e236df73fb79b52a9beec64a2521b"	"6bff57f01f7d4700fd4f503d3f7f2de2bd59dc30d25ad59ab2611b09517e8652"	"historical"	""	""	""	""	""	""	""	""	""	""	""	""	"specs/FOUNDATIONAL-CODE-REVIEW.md"
"CsdLean4/SigmaLayer/ConditioningLink.lean"	"record-dynamics-other"	"113"	"d456a04ae0549d35e980a358327008a436669c8a"	"bb2cbab725a59df29a3a6378ba015c550b9831d23973b2fd4e7433c3727828a7"	"historical"	""	""	""	""	""	""	""	""	""	""	""	""	"specs/FOUNDATIONAL-CODE-REVIEW.md"
"CsdLean4/SigmaLayer/ConditioningLuders.lean"	"record-dynamics-other"	"188"	"4fc266a9477ec6310526b9db695f6660d8d6c7e8"	"2ad53bc70368af2e899992b310ebc177fa4469e85cca2f37596b2f226599c94d"	"historical"	""	""	""	""	""	""	""	""	""	""	""	""	"specs/FOUNDATIONAL-CODE-REVIEW.md"
"CsdLean4/SigmaLayer/ConstraintDynamics.lean"	"record-dynamics-other"	"99"	"579c0df0518b6037a369979646261bd43be92b4d"	"2008a5695fc844c2508b1be865d3f695b310bd22c43abba77a03d6d0e7ae572b"	"historical"	""	""	""	""	""	""	""	""	""	""	""	""	"specs/FOUNDATIONAL-CODE-REVIEW.md"
"CsdLean4/SigmaLayer/ConstraintSurface.lean"	"record-dynamics-other"	"43"	"9242c3abacfd6c7a6cc6c7fcfb16e39205d40f84"	"012c3ca6e83b32b534a4384aa8229076e80ebcae66739959fca6d9ce4f46e866"	"historical"	""	""	""	""	""	""	""	""	""	""	""	""	"specs/FOUNDATIONAL-CODE-REVIEW.md"
"CsdLean4/SigmaLayer/ContextFixedA7.lean"	"record-dynamics-other"	"385"	"ebba05a80f638f585b26d19f3ded225142cc84b8"	"7c5d0f3789fdc7c084ef47253d79526691d17d3f31a7129e23ba1c5bb4fce53b"	"historical"	""	""	""	""	""	""	""	""	""	""	""	""	"specs/FOUNDATIONAL-CODE-REVIEW.md"
"CsdLean4/SigmaLayer/ContextFixedA7FS.lean"	"record-dynamics-other"	"329"	"38a7c36bcdf9e11df183678f8b718725adc9188b"	"4d0ecde68b8521fb7679a11bd1aa49907bb300ce583afc9d346d80c2673b1e88"	"historical"	""	""	""	""	""	""	""	""	""	""	""	""	"specs/FOUNDATIONAL-CODE-REVIEW.md"
"CsdLean4/SigmaLayer/DynamicsBridge.lean"	"record-dynamics-other"	"95"	"7734302c8c9092419c5efc8d6ca3cebf5bfd85d9"	"2a351d4c08d5e2c8d66e19fbf2945301c5ff15bbdc8eaebd3f86c83669a3ed78"	"historical"	""	""	""	""	""	""	""	""	""	""	""	""	"specs/FOUNDATIONAL-CODE-REVIEW.md"
"CsdLean4/SigmaLayer/Equivariance.lean"	"record-dynamics-other"	"115"	"b65ccb9c4e2acdcbe70234a032ac8302b6651be7"	"183602334a6bd24d5e9845f88cfd69e584016f3ee895d5e933fa999d6adcc9ec"	"unreviewed"	""	""	""	""	""	""	""	""	""	""	""	""	""
"CsdLean4/SigmaLayer/FiniteQMClosure.lean"	"record-dynamics-other"	"283"	"4684b74cc8b8a6e325cbdbac5ca34173d10ee02a"	"2dcd3dfc05eb260661729331d39e53ac489f6b3b7102f2298c30a62f17b08419"	"historical"	""	""	""	""	""	""	""	""	""	""	""	""	"specs/FOUNDATIONAL-CODE-REVIEW.md"
"CsdLean4/SigmaLayer/ForwardCapstone.lean"	"record-dynamics-other"	"82"	"23b795ba9accdc9ac259729b09971c3f98c579d1"	"65efb496abf8d813789b2b2e2d7a2a4cdc2604d8ad5d707ee1fee227f3ad5a6c"	"historical"	""	""	""	""	""	""	""	""	""	""	""	""	"specs/FOUNDATIONAL-CODE-REVIEW.md"
"CsdLean4/SigmaLayer/FrozenBase.lean"	"record-dynamics-other"	"205"	"306be01f7e94bae8fac0837b83e644f519a3cf03"	"8164a1c23301a5ab14c50ac329cea150b59e043517eab5f10703d94da6db0e31"	"unreviewed"	""	""	""	""	""	""	""	""	""	""	""	""	""
"CsdLean4/SigmaLayer/Interference.lean"	"record-dynamics-other"	"56"	"dd52afdf31c4381976fbd2a962e1af702d1d83a2"	"80544c8f564731920af46b7c6f495c552c22d4014e829f5f3064304a7924f1bf"	"historical"	""	""	""	""	""	""	""	""	""	""	""	""	"specs/FOUNDATIONAL-CODE-REVIEW.md"
"CsdLean4/SigmaLayer/IsolationPreparation.lean"	"record-dynamics-other"	"165"	"11b0a87d3c5181f9406e8c3a79fbc9ba78f16414"	"ffddc58e5439db79e408c891b1293abb72ef38b8314d161606cff27d4145d0e4"	"historical"	""	""	""	""	""	""	""	""	""	""	""	""	"specs/FOUNDATIONAL-CODE-REVIEW.md"
"CsdLean4/SigmaLayer/LiftedMeasurement.lean"	"record-dynamics-other"	"226"	"78729545688dd1891d1b16ef64fdce894b8641a6"	"5f1caf5933335d44136154fcd119f7c501a71f9505c01e4f8361e36dc2b84cd2"	"historical"	""	""	""	""	""	""	""	""	""	""	""	""	"specs/FOUNDATIONAL-CODE-REVIEW.md"
"CsdLean4/SigmaLayer/LocalisedTypicality.lean"	"record-dynamics-other"	"98"	"4395dd76a7d8cdebd07981d2f1fbcae91752b38d"	"7fa5024f6d7a3582a9510fd47bd9ee18d176002d0debb91040dac54d1def12af"	"historical"	""	""	""	""	""	""	""	""	""	""	""	""	"specs/FOUNDATIONAL-CODE-REVIEW.md"
"CsdLean4/SigmaLayer/Luders.lean"	"record-dynamics-other"	"141"	"f49f5a2bb8c69bc6d66133357560d749e25b6cd9"	"74ad0cb9e497debf183794ca41e072305f9023c15d2cd3f80e2d36602aa008a3"	"historical"	""	""	""	""	""	""	""	""	""	""	""	""	"specs/FOUNDATIONAL-CODE-REVIEW.md"
"CsdLean4/SigmaLayer/MeasureBridge.lean"	"record-dynamics-other"	"97"	"5be3c53eb7bc90668bcbf0b997dbf460ff0bf5b2"	"c71da261cbc8d6568e47236b2afa2fe6834c821e59765f0e2e972a92861fab0f"	"historical"	""	""	""	""	""	""	""	""	""	""	""	""	"specs/FOUNDATIONAL-CODE-REVIEW.md"
"CsdLean4/SigmaLayer/MeasurementRecord.lean"	"record-dynamics-other"	"104"	"42a64450b2c65e64eedcb1301434343dd6992b50"	"b2127ae8325f4cc40c7b63d422cadc54eb4c4b0f5743e8e36d58ca3da125318f"	"historical"	""	""	""	""	""	""	""	""	""	""	""	""	"specs/FOUNDATIONAL-CODE-REVIEW.md"
"CsdLean4/SigmaLayer/MixedEnsemble.lean"	"record-dynamics-other"	"153"	"9bb6920a8d82c2f68ee5f915143db2537bac13a7"	"900c086b39813cd764e243309b757bde561a1d8da5190137c5f9c2d9a512cd32"	"historical"	""	""	""	""	""	""	""	""	""	""	""	""	"specs/FOUNDATIONAL-CODE-REVIEW.md"
"CsdLean4/SigmaLayer/MixedFrequency.lean"	"record-dynamics-other"	"143"	"3e314ccf28d085a04c4fd5265da56f4689d6f9a1"	"4d762d7700da345f14452fb416ae604e44e15f544458357e6a51cd89d5ba1c16"	"historical"	""	""	""	""	""	""	""	""	""	""	""	""	"specs/FOUNDATIONAL-CODE-REVIEW.md"
"CsdLean4/SigmaLayer/MixedOntic.lean"	"record-dynamics-other"	"96"	"6b20806474a2392fb87a84a4b1c24bf3df44ffdd"	"0d7dbfe58d0dc011a65627242dc7169ed3eaddb1a55366c23a8598d997098719"	"historical"	""	""	""	""	""	""	""	""	""	""	""	""	"specs/FOUNDATIONAL-CODE-REVIEW.md"
"CsdLean4/SigmaLayer/MixedState.lean"	"record-dynamics-other"	"199"	"15aab38f87c1587b6439993d754f285b89bd5be4"	"11a1aa952c212aa0d460d11c9cc1fa6bfcd3c1d3d46f6e30d651c3126a11780d"	"historical"	""	""	""	""	""	""	""	""	""	""	""	""	"specs/FOUNDATIONAL-CODE-REVIEW.md"
"CsdLean4/SigmaLayer/MovingFibreWitness.lean"	"record-dynamics-other"	"219"	"8eaa28b6b006b175999796668b6571773b51b241"	"ea816d96c7658b9129fe54837f84eec6a8f58e3e47602dff0e561ca92ad6a85d"	"unreviewed"	""	""	""	""	""	""	""	""	""	""	""	""	""
"CsdLean4/SigmaLayer/OnticBornFrequency.lean"	"record-dynamics-other"	"112"	"b3d4499b30c0ef7783619bd97db0ce70d7a0c519"	"902aae018f2f214b234dd977e876e50cacc1a020448df17028005b834bde8c2a"	"historical"	""	""	""	""	""	""	""	""	""	""	""	""	"specs/FOUNDATIONAL-CODE-REVIEW.md"
"CsdLean4/SigmaLayer/PostMeasurement.lean"	"record-dynamics-other"	"107"	"b0180e560d5155a606a4a4a905da4d75f35d2c7a"	"839ab7b71d2a58a5cb5c8e215d2ba22d446bfc0fd3d91d61c02b6778e2109e78"	"historical"	""	""	""	""	""	""	""	""	""	""	""	""	"specs/FOUNDATIONAL-CODE-REVIEW.md"
"CsdLean4/SigmaLayer/PreparationDensity.lean"	"record-dynamics-other"	"236"	"1421891653bf7da1c46258449e2e1cc6afdd1357"	"4bb03a413a6ec00ba8f6631896699b29fac59c0473ab433ee3eda35a015353a1"	"unreviewed"	""	""	""	""	""	""	""	""	""	""	""	""	""
"CsdLean4/SigmaLayer/PreparationDensityBridge.lean"	"record-dynamics-other"	"186"	"2b5035c21643921f93716aeca89bca2583b1fc7e"	"e79b7f4dcebeddcc96bda344a2755a7e61840b0f72d18a94a0c32fdfb455753b"	"unreviewed"	""	""	""	""	""	""	""	""	""	""	""	""	""
"CsdLean4/SigmaLayer/ProjectiveSector.lean"	"record-dynamics-other"	"114"	"c022559e27f5b2fb2507d8743b5f80800858f5b2"	"68c569b080c7f614aa5c988b69327ac359a0b86f8289dc54a3b827456008bce7"	"historical"	""	""	""	""	""	""	""	""	""	""	""	""	"specs/FOUNDATIONAL-CODE-REVIEW.md"
"CsdLean4/SigmaLayer/RecordedFact.lean"	"record-dynamics-other"	"145"	"063c646ce361fe2f961208074cb4c6f47fb282a3"	"a5abd29943708b74eddeeb8b1fac55faa2a76b7b5b18648073d9d67c6c94ef2f"	"historical"	""	""	""	""	""	""	""	""	""	""	""	""	"specs/FOUNDATIONAL-CODE-REVIEW.md"
"CsdLean4/SigmaLayer/SectorPostulateNoGo.lean"	"record-dynamics-other"	"116"	"b45dd5e4ea277757737c6799c9f203a1c7bd618a"	"5110fd683a91074d26758f8eaf5cd13d99a8c8e1cdf7afeb76a6810ab43a6110"	"historical"	""	""	""	""	""	""	""	""	""	""	""	""	"specs/FOUNDATIONAL-CODE-REVIEW.md"
"CsdLean4/SigmaLayer/Symmetrization.lean"	"record-dynamics-other"	"179"	"a8eceb15f653b36155e56eb0d9c7a295cd74868c"	"62f3dc0f9d937d50b736798e61780e49d20562f01be4bbfaaaeb50bef69292db"	"historical"	""	""	""	""	""	""	""	""	""	""	""	""	"specs/FOUNDATIONAL-CODE-REVIEW.md"
"CsdLean4/SigmaLayer/TensorGeneration.lean"	"record-dynamics-other"	"82"	"cab13ea385dcc3ba3200e9f9c0e5c64c0eacbebc"	"e1162d191139ff32d455fc7217e107b9aa362ab2ed85821cddafce42c9ea722a"	"historical"	""	""	""	""	""	""	""	""	""	""	""	""	"specs/FOUNDATIONAL-CODE-REVIEW.md"
"CsdLean4/SigmaLayer/TensorReconstruction.lean"	"record-dynamics-other"	"173"	"665c068563472dc5e486c9828b02e2a31d6a120c"	"c30eedf46053d126a3a681bc2be7978268f783fa4f1ba0494c7b811a6b1409ec"	"historical"	""	""	""	""	""	""	""	""	""	""	""	""	"specs/FOUNDATIONAL-CODE-REVIEW.md"
"CsdLean4/SigmaLayer/TensorSector.lean"	"record-dynamics-other"	"86"	"b4ae405c8639076115f56da059fa346e69af1abf"	"60226447518807573194f4fe40e3e231162afd0fe744c7668722a1f1f63abc8c"	"historical"	""	""	""	""	""	""	""	""	""	""	""	""	"specs/FOUNDATIONAL-CODE-REVIEW.md"
"CsdLean4/SigmaLayer/TensorSolved.lean"	"record-dynamics-other"	"115"	"ff46728420de6697dda68369ac4e1ca1fd46beea"	"317569e5eda21b7abb55a7b24828d753209c67ce61cd1db9fbde5fcbaf7b92b8"	"historical"	""	""	""	""	""	""	""	""	""	""	""	""	"specs/FOUNDATIONAL-CODE-REVIEW.md"
"CsdLean4/SigmaLayer/TensorTomography.lean"	"record-dynamics-other"	"608"	"97ac5ce4a275649148b9736e58086d2d68c44d9f"	"2c855cee0051f96f46ee8b2fa0a89f8933cc7ee23bc5dfe386eff3c4355e5d64"	"unreviewed"	""	""	""	""	""	""	""	""	""	""	""	""	""
"CsdLean4/SigmaLayer/TheoremTargets.lean"	"record-dynamics-other"	"88"	"a4bf8e28dac00e03ac8bfcdee009c3929bf2f1f8"	"2c9d52c240b202dd3e09cb79a2522ec9e6ab3fbf177535b3295f48d73d962fee"	"historical"	""	""	""	""	""	""	""	""	""	""	""	""	"specs/FOUNDATIONAL-CODE-REVIEW.md"
"CsdLean4/SigmaLayer/TimeIndexedRecord.lean"	"record-dynamics-other"	"104"	"597142c32459c92d198d9826b49d3487c3e3f16f"	"38bfb4cc4aad283a2eb6b0eb3f6d7a64d284caa6170a8b0184a8326d61a11ba2"	"historical"	""	""	""	""	""	""	""	""	""	""	""	""	"specs/FOUNDATIONAL-CODE-REVIEW.md"
"CsdLean4/SigmaLayer/UnifiedFlowedRecords.lean"	"record-dynamics-other"	"126"	"36b9c4f0612815b84fe37b9be7caf84a8f24d724"	"8e3654f8013ab61da2568d9c44a9b2f35cf3ca89e6e608b24cb60f28f4d89e8b"	"historical"	""	""	""	""	""	""	""	""	""	""	""	""	"specs/FOUNDATIONAL-CODE-REVIEW.md"
"CsdLean4/SigmaLayer/UnifiedMeasurement.lean"	"record-dynamics-other"	"186"	"6697c606f9614c4b3484849c191d24a37fe18dcd"	"b7407e8f8f394d41340faefa09614a47c46194c59130a60c2fa85ed4992d2aff"	"historical"	""	""	""	""	""	""	""	""	""	""	""	""	"specs/FOUNDATIONAL-CODE-REVIEW.md"
"CsdLean4/SigmaLayer/UniqueErgodicity.lean"	"record-dynamics-other"	"104"	"88f01eee7147f85b07ba25b77d95998a79ff3d82"	"dd8ee6f782310db7b91dacb82e8b6813dc4b17b30c6a4a4017c02bbcfabbfe6c"	"historical"	""	""	""	""	""	""	""	""	""	""	""	""	"specs/FOUNDATIONAL-CODE-REVIEW.md"
"CsdLean4/SigmaLayer/UntriggeredFlow.lean"	"record-dynamics-other"	"273"	"956f7ed42d16636cf7758103aef1e217ccbc3ff1"	"8254073b04a25dea852ba9cf8553d4bed1b55abaf45b2d522215c0e6e49e0c7a"	"unreviewed"	""	""	""	""	""	""	""	""	""	""	""	""	""
"CsdLean4/SigmaLayer/UntriggeredReadout.lean"	"record-dynamics-other"	"146"	"a05bf45dd5c3920a9fc127413010e015dc8367b6"	"01218ad9f6d6cff78d098b4f2c1cd88435ab4c2f95483bcbfbdb101687c1fd05"	"unreviewed"	""	""	""	""	""	""	""	""	""	""	""	""	""
"CsdLean4/SigmaLayer/UntriggeredVolume.lean"	"record-dynamics-other"	"236"	"74836d37547dc572a324201a3a0654b2a8e50a1d"	"f15e21efca7dded0959b74451af7007603e52200162cfe945d1d9410a38b0446"	"unreviewed"	""	""	""	""	""	""	""	""	""	""	""	""	""
"CsdLean4/Tests/AxiomAudit.lean"	"tests-facades"	"54"	"578db1168898be2d8994a27712dcefbf99ff64b0"	"0d07f274ac78ab9fe8fe25a82ac8002f2259cfe8b4d83778f98a4feed409963e"	"historical"	""	""	""	""	""	""	""	""	""	""	""	""	"specs/FOUNDATIONAL-CODE-REVIEW.md"
"CsdLean4/Tests/AxiomAudit/Dynamics.lean"	"tests-facades"	"1269"	"20cf0fa5cc9d03c9744623397a64a04e7b035a7e"	"74bc63953bb2d0cae98d489827878b202b78e4c5c099b4539ef4b33597819262"	"unreviewed"	""	""	""	""	""	""	""	""	""	""	""	""	""
"CsdLean4/Tests/AxiomAudit/EmpiricalCSD.lean"	"tests-facades"	"2124"	"205db207d385b2f77187660058c637ecee6ca4dc"	"db94bf828b0b6da330063c5ab80bca0a483e024f300d21e7ccc23c2ac870b35b"	"unreviewed"	""	""	""	""	""	""	""	""	""	""	""	""	""
"CsdLean4/Tests/AxiomAudit/EmpiricalQM.lean"	"tests-facades"	"1216"	"0da7f7b335ff3824d1d19c7f47f510e96062fd08"	"52319cb92a946ff225bf406e9a4b0f58cab32e8e78b01d39c0faa5a3bae13e46"	"unreviewed"	""	""	""	""	""	""	""	""	""	""	""	""	""
"CsdLean4/Tests/AxiomAudit/Extensions.lean"	"tests-facades"	"1583"	"53c9ca6362a7c845d20318e6fbaf64f61e6cb85a"	"6119dd9e46fbf247943a790dc36bbc5d8401702e2f31b914e728f908eb5c4723"	"unreviewed"	""	""	""	""	""	""	""	""	""	""	""	""	""
"CsdLean4/Tests/AxiomAudit/Foundations.lean"	"tests-facades"	"619"	"c355ea74df0d4f35b6d826a9de5a35eb33f68252"	"a670617bc9b5e50eff6dfee4cb3e436b5850aa594c899bb544ff550eab2e7407"	"unreviewed"	""	""	""	""	""	""	""	""	""	""	""	""	""
"CsdLean4/Tests/AxiomAudit/Incubator.lean"	"tests-facades"	"114"	"5a1a222120577481b0300b37c75ab0e352a323ca"	"fb672eb3e631b0ae00c2c1d70fd101a52738c6ddfb26807be36cce5aec0fe4df"	"unreviewed"	""	""	""	""	""	""	""	""	""	""	""	""	""
"CsdLean4/Tests/AxiomAudit/LF4.lean"	"tests-facades"	"1567"	"0a85f91819229101ea2a2c8d3e12a696fe633dfc"	"96299657ef5331b512c84c56938e7c1b84df51c2c8e120c164d1f925bc58abff"	"unreviewed"	""	""	""	""	""	""	""	""	""	""	""	""	""
"CsdLean4/Tests/AxiomAudit/MathlibStaging.lean"	"tests-facades"	"6403"	"d44fd09bcbc339cfd607091cac2ec9f54e15496a"	"fece6a62dacaec422b81347c5a357849def9baf9559d3ef33d6d9871d635678b"	"unreviewed"	""	""	""	""	""	""	""	""	""	""	""	""	""
"CsdLean4/Tests/AxiomAudit/SigmaLayer.lean"	"tests-facades"	"3816"	"a06047e797795470975ab1394dd8599843a334de"	"f9dec1b6c99f0e9361c12fe6ce775edfcbf4993c925fcc0d6bc70f4f232e33cd"	"unreviewed"	""	""	""	""	""	""	""	""	""	""	""	""	""
"CsdLean4/Tests/AxiomAudit/Witnesses.lean"	"tests-facades"	"152"	"bf764883fc0c53a2130e4747f0ede0693181b83c"	"4c18a7ec4de839957a7fdd2e33b06a38a59c0e31f49746819cd1ed50a13a6e85"	"unreviewed"	""	""	""	""	""	""	""	""	""	""	""	""	""
"CsdLean4/Tests/EntropyWitness.lean"	"tests-facades"	"205"	"b5be2318da679512ca80cc09756509258a056975"	"bc6ac69c778112304fd01900cf4bb258191888a5bd9b01e75c04975909711cde"	"unreviewed"	""	""	""	""	""	""	""	""	""	""	""	""	""
"CsdLean4/Tests/Examples.lean"	"tests-facades"	"494"	"6192c22043b5f35e3bed95b790170fbf085eecfb"	"fd2b4289ae9a1bb1e73d00d8e0ced691a99f38b770b9ba0b94bb92224510d7d8"	"historical"	""	""	""	""	""	""	""	""	""	""	""	""	"specs/FOUNDATIONAL-CODE-REVIEW.md"
"CsdLean4/Tests/Witnesses.lean"	"tests-facades"	"49"	"5e2dd2ed45bf2b2d7c296d9b25a2e790ce4d36f5"	"b1c19a6a34d3f924ff0aa05c2b7c9e321be6f326ff7ca3d23e68d38a43e2f229"	"unreviewed"	""	""	""	""	""	""	""	""	""	""	""	""	""
"CsdLean4/Tests/Witnesses/Composite.lean"	"tests-facades"	"94"	"cc07d131144e76874858c86bcc5e8e5b51eac8c4"	"c92eb6b1401a6493d336226169ead1b3fbc73f27ac5cc6e167853e326c101271"	"unreviewed"	""	""	""	""	""	""	""	""	""	""	""	""	""
"CsdLean4/Tests/Witnesses/Dynamics.lean"	"tests-facades"	"174"	"2c2767afcb9aa46fcb850444e5e4cb691bc172d6"	"edbb8ea990de8493daeee0e83da97b02f560abc8a13eacebd705efe2098bd86b"	"unreviewed"	""	""	""	""	""	""	""	""	""	""	""	""	""
"CsdLean4/Tests/Witnesses/IIDSampling.lean"	"tests-facades"	"181"	"418512a1a55dc0786b396da9cf9455ab34e1f8a9"	"4d70ab7fdf2597bcec4d60b70650db68ec7b8cbe826a1f1d6466fa2bb5a19a67"	"reviewed"	"full"	"418512a1a55dc0786b396da9cf9455ab34e1f8a9"	"4d70ab7fdf2597bcec4d60b70650db68ec7b8cbe826a1f1d6466fa2bb5a19a67"	"330e8248b17884d21cbbccbd937b12b339026fe3"	"Codex"	"2026-09-17"	"pass"	"pass"	"passed"	"Focused LF1/witness build --wfail; axiom checks; doc/category/reference guards; see report"	"specs/reviews/2026-09-17-lf1-frequency.md"	""	""
"CsdLean4/Tests/Witnesses/LF1Trial.lean"	"tests-facades"	"115"	"0e34d13064ebfc6e4169d804eb7b7a766a83aa98"	"f05ee4b8942dbcbc768dc0774cf69b0aca99ad41fb3b66cd6e436da82f276a0e"	"unreviewed"	""	""	""	""	""	""	""	""	""	""	""	""	""
"CsdLean4/Tests/Witnesses/LF2Bridge.lean"	"tests-facades"	"108"	"f3821d5249ce81ec3c3f6054e59f87d6df6cfe3f"	"a24a39d8d6201157bd7767d68ae8fe6573a7b184f05968e917f2e53c667683c6"	"unreviewed"	""	""	""	""	""	""	""	""	""	""	""	""	""
"CsdLean4/Tests/Witnesses/Operational.lean"	"tests-facades"	"162"	"ed1acb1b22648e7b9a9adaef269c9d76fd1d42b3"	"22574a7565459ad51dae4c8bb57145e0fe5f4d9c7bbc88e7979690f325885cc4"	"unreviewed"	""	""	""	""	""	""	""	""	""	""	""	""	""
"CsdLean4/Tests/Witnesses/Sequential.lean"	"tests-facades"	"154"	"4c4418d657b4bd627489c68575191ded8398c0fe"	"b11850fbf31543d6dfc2ee8fa978f7ba74020be5812995b6beb1d26bfc15a0cd"	"unreviewed"	""	""	""	""	""	""	""	""	""	""	""	""	""
"CsdLean4/Tests/Witnesses/SingletBell.lean"	"tests-facades"	"204"	"0b85cdbcaf98591accf815226ac0a4cd8bb20ac4"	"4501af519f616f7749b7609a190518f3d69713160ec765c2e40bb64a32695b06"	"unreviewed"	""	""	""	""	""	""	""	""	""	""	""	""	""
"CsdLean4/Thermo/CanonicalTypicality.lean"	"record-dynamics-other"	"1245"	"103e1ef97328b8bb47220dfb9bcace7b849715ac"	"f8e0100778e629cac6a4b10911a79b0d4d4e1b24e13872c510ce160fb58cdbaa"	"historical"	""	""	""	""	""	""	""	""	""	""	""	""	"specs/FOUNDATIONAL-CODE-REVIEW.md"
"CsdLean4/Thermo/Crooks.lean"	"record-dynamics-other"	"241"	"92caa41f2071a9a887e208d1da31f81afdad6e6d"	"e08055d9bbc2e90052be5d3a0a050f64e521adc62bcd5dece36286b5a354d031"	"unreviewed"	""	""	""	""	""	""	""	""	""	""	""	""	""
"CsdLean4/Thermo/ETH.lean"	"record-dynamics-other"	"564"	"8129b0597e0726bfb83b7abdb6ee665248c802af"	"2d9830335b21aa7d5657f6fd0fc2b60f4034e4ef850d4ce117c3c3cd15c08855"	"unreviewed"	""	""	""	""	""	""	""	""	""	""	""	""	""
"CsdLean4/Thermo/EnergyWindow.lean"	"record-dynamics-other"	"280"	"381715b9ab8ba7efd2b765ad1c95f44e72d9ea69"	"b8dd644389be72f45ba4a9b5951a055af12b8df495aebe9fa7db60fe3c7196a3"	"unreviewed"	""	""	""	""	""	""	""	""	""	""	""	""	""
"CsdLean4/Thermo/Equilibration.lean"	"record-dynamics-other"	"468"	"67a7f80e25a45c965488cc495b8b76616971d2cf"	"c248973787607045923276f523dacdddd27f9e483166838110a687f32fc21eb2"	"unreviewed"	""	""	""	""	""	""	""	""	""	""	""	""	""
"CsdLean4/Thermo/FreeEnergy.lean"	"record-dynamics-other"	"310"	"b60ee94f69f2b57b9dbf33d0ae61ee26aff1ec3c"	"d94a18c17e9423b3f8e353f430a5593114169a27cf1331e8369800aaee94eb86"	"historical"	""	""	""	""	""	""	""	""	""	""	""	""	"specs/FOUNDATIONAL-CODE-REVIEW.md"
"CsdLean4/Thermo/Jarzynski.lean"	"record-dynamics-other"	"306"	"dbadc5e8c8cbc960360873c9228a28c6e411fe82"	"ada1784f30ef0bf3bf5ef02260ec8dcbd7ac5fd1d7ab84bf2260eec76b6c8455"	"unreviewed"	""	""	""	""	""	""	""	""	""	""	""	""	""
"CsdLean4/Thermo/Landauer.lean"	"record-dynamics-other"	"219"	"c07def914bd79edbc7a12d6c4d3da74b2819c5f1"	"5d89c9afb70d080b02bcd59e3356bb67d5acb2e6e55449e5bca61a5d339a4fd7"	"historical"	""	""	""	""	""	""	""	""	""	""	""	""	"specs/FOUNDATIONAL-CODE-REVIEW.md"
"CsdLean4/Thermo/ReducedSecondMoment.lean"	"record-dynamics-other"	"690"	"e2cc12a270250d71da66bd8d6cad9f24ea27ea96"	"e880d425657598fda08228426bc171eb8996675fbe87f58228493644e7a39c2f"	"unreviewed"	""	""	""	""	""	""	""	""	""	""	""	""	""
"CsdLean4/Thermo/SecondLaw.lean"	"record-dynamics-other"	"250"	"10a43ab3227737a01a8afce981f564cac944d094"	"5d6a02e795b190287a71e540330c1e6f64cc1a4d41c470c6b39ec5500ac07eba"	"historical"	""	""	""	""	""	""	""	""	""	""	""	""	"specs/FOUNDATIONAL-CODE-REVIEW.md"
"CsdLean4/Thermo/SectorRestriction.lean"	"record-dynamics-other"	"129"	"7cffe0d892adcb8a0a0040d6d85309870efff99b"	"1cfb3d0c3ca913ab81c7022c4d560ade7d4e692a66896571a3ca169f258a14e1"	"unreviewed"	""	""	""	""	""	""	""	""	""	""	""	""	""
"CsdLean4/Thermo/SigmaSecondLaw.lean"	"record-dynamics-other"	"348"	"9338247933946dd4b151a20cd9b924796aaa5e6e"	"81c2166016bab37a440e666d7af3a51a8dcc7771cc2dc912c4dfdb15642ac4f5"	"unreviewed"	""	""	""	""	""	""	""	""	""	""	""	""	""
"scripts/axiom-sweep.lean"	"record-dynamics-other"	"138"	"ba532722f1329a0c47624f6f08758386995637c5"	"b9edb3bad35162649877b55c506dc6a86dca9242f6b5a88b331ce93bea3d878b"	"unreviewed"	""	""	""	""	""	""	""	""	""	""	""	""	""
"scripts/citation-use.lean"	"record-dynamics-other"	"180"	"f9c22a2402ef215d9b9769f771f572f26971529c"	"93910e49f70dc4e0161ac51892f40405d5d21a0bffffcafb7831abee7bc2c2f2"	"unreviewed"	""	""	""	""	""	""	""	""	""	""	""	""	""
"scripts/gleason-free.lean"	"record-dynamics-other"	"114"	"82358350d3c8782ac662b9f8275b282d69f4e17c"	"ae57763f7077ab3584d84df43143356dbd52d0b9c4b8c8466f0470b9bf33bd5b"	"unreviewed"	""	""	""	""	""	""	""	""	""	""	""	""	""
"scripts/physlib-axiom-sweep.lean"	"record-dynamics-other"	"125"	"1ac551c51a90389c912fb5a13e6fdbab741f9883"	"db5c4eb3f0eeeec4cbae5c1c2ef65913f70486dd9d0e81d7da03af417677ab50"	"unreviewed"	""	""	""	""	""	""	""	""	""	""	""	""	""
